ISO-10303-21;
HEADER;
FILE_DESCRIPTION(('Open CASCADE Model'),'2;1');
FILE_NAME('Open CASCADE Shape Model','2025-11-22T10:25:58',('Author'),(
    'Open CASCADE'),'Open CASCADE STEP processor 7.5','Open CASCADE 7.5'
  ,'Unknown');
FILE_SCHEMA(('AUTOMOTIVE_DESIGN { 1 0 10303 214 1 1 1 1 }'));
ENDSEC;
DATA;
#1 = APPLICATION_PROTOCOL_DEFINITION('international standard',
  'automotive_design',2000,#2);
#2 = APPLICATION_CONTEXT(
  'core data for automotive mechanical design processes');
#3 = SHAPE_DEFINITION_REPRESENTATION(#4,#10);
#4 = PRODUCT_DEFINITION_SHAPE('','',#5);
#5 = PRODUCT_DEFINITION('design','',#6,#9);
#6 = PRODUCT_DEFINITION_FORMATION('','',#7);
#7 = PRODUCT('PCB','PCB','',(#8));
#8 = PRODUCT_CONTEXT('',#2,'mechanical');
#9 = PRODUCT_DEFINITION_CONTEXT('part definition',#2,'design');
#10 = SHAPE_REPRESENTATION('',(#11,#15,#19,#23,#27,#31,#35),#39);
#11 = AXIS2_PLACEMENT_3D('',#12,#13,#14);
#12 = CARTESIAN_POINT('',(0.,0.,0.));
#13 = DIRECTION('',(0.,0.,1.));
#14 = DIRECTION('',(1.,0.,-0.));
#15 = AXIS2_PLACEMENT_3D('',#16,#17,#18);
#16 = CARTESIAN_POINT('',(0.,0.,0.));
#17 = DIRECTION('',(0.,0.,1.));
#18 = DIRECTION('',(1.,0.,-0.));
#19 = AXIS2_PLACEMENT_3D('',#20,#21,#22);
#20 = CARTESIAN_POINT('',(0.,0.,0.));
#21 = DIRECTION('',(0.,0.,1.));
#22 = DIRECTION('',(1.,0.,-0.));
#23 = AXIS2_PLACEMENT_3D('',#24,#25,#26);
#24 = CARTESIAN_POINT('',(0.,0.,0.));
#25 = DIRECTION('',(0.,0.,1.));
#26 = DIRECTION('',(1.,0.,-0.));
#27 = AXIS2_PLACEMENT_3D('',#28,#29,#30);
#28 = CARTESIAN_POINT('',(0.,0.,0.));
#29 = DIRECTION('',(0.,0.,1.));
#30 = DIRECTION('',(1.,0.,-0.));
#31 = AXIS2_PLACEMENT_3D('',#32,#33,#34);
#32 = CARTESIAN_POINT('',(0.,0.,0.));
#33 = DIRECTION('',(0.,0.,1.));
#34 = DIRECTION('',(1.,0.,-0.));
#35 = AXIS2_PLACEMENT_3D('',#36,#37,#38);
#36 = CARTESIAN_POINT('',(0.,0.,0.));
#37 = DIRECTION('',(0.,0.,1.));
#38 = DIRECTION('',(1.,0.,-0.));
#39 = ( GEOMETRIC_REPRESENTATION_CONTEXT(3) 
GLOBAL_UNCERTAINTY_ASSIGNED_CONTEXT((#43)) GLOBAL_UNIT_ASSIGNED_CONTEXT(
(#40,#41,#42)) REPRESENTATION_CONTEXT('Context #1',
  '3D Context with UNIT and UNCERTAINTY') );
#40 = ( LENGTH_UNIT() NAMED_UNIT(*) SI_UNIT(.MILLI.,.METRE.) );
#41 = ( NAMED_UNIT(*) PLANE_ANGLE_UNIT() SI_UNIT($,.RADIAN.) );
#42 = ( NAMED_UNIT(*) SI_UNIT($,.STERADIAN.) SOLID_ANGLE_UNIT() );
#43 = UNCERTAINTY_MEASURE_WITH_UNIT(LENGTH_MEASURE(2.E-07),#40,
  'distance_accuracy_value','confusion accuracy');
#44 = PRODUCT_RELATED_PRODUCT_CATEGORY('part',$,(#7));
#45 = SHAPE_DEFINITION_REPRESENTATION(#46,#52);
#46 = PRODUCT_DEFINITION_SHAPE('','',#47);
#47 = PRODUCT_DEFINITION('design','',#48,#51);
#48 = PRODUCT_DEFINITION_FORMATION('','',#49);
#49 = PRODUCT('Board','Board','',(#50));
#50 = PRODUCT_CONTEXT('',#2,'mechanical');
#51 = PRODUCT_DEFINITION_CONTEXT('part definition',#2,'design');
#52 = SHAPE_REPRESENTATION('',(#11,#53),#57);
#53 = AXIS2_PLACEMENT_3D('',#54,#55,#56);
#54 = CARTESIAN_POINT('',(0.,0.,-0.41148));
#55 = DIRECTION('',(0.,0.,1.));
#56 = DIRECTION('',(1.,0.,-0.));
#57 = ( GEOMETRIC_REPRESENTATION_CONTEXT(3) 
GLOBAL_UNCERTAINTY_ASSIGNED_CONTEXT((#61)) GLOBAL_UNIT_ASSIGNED_CONTEXT(
(#58,#59,#60)) REPRESENTATION_CONTEXT('Context #1',
  '3D Context with UNIT and UNCERTAINTY') );
#58 = ( LENGTH_UNIT() NAMED_UNIT(*) SI_UNIT(.MILLI.,.METRE.) );
#59 = ( NAMED_UNIT(*) PLANE_ANGLE_UNIT() SI_UNIT($,.RADIAN.) );
#60 = ( NAMED_UNIT(*) SI_UNIT($,.STERADIAN.) SOLID_ANGLE_UNIT() );
#61 = UNCERTAINTY_MEASURE_WITH_UNIT(LENGTH_MEASURE(1.E-07),#58,
  'distance_accuracy_value','confusion accuracy');
#62 = ADVANCED_BREP_SHAPE_REPRESENTATION('',(#11,#63),#486);
#63 = MANIFOLD_SOLID_BREP('',#64);
#64 = CLOSED_SHELL('',(#65,#105,#136,#167,#189,#222,#255,#288,#321,#354,
    #387,#420,#453));
#65 = ADVANCED_FACE('',(#66),#100,.T.);
#66 = FACE_BOUND('',#67,.T.);
#67 = EDGE_LOOP('',(#68,#78,#86,#94));
#68 = ORIENTED_EDGE('',*,*,#69,.T.);
#69 = EDGE_CURVE('',#70,#72,#74,.T.);
#70 = VERTEX_POINT('',#71);
#71 = CARTESIAN_POINT('',(-17.5,-4.,0.));
#72 = VERTEX_POINT('',#73);
#73 = CARTESIAN_POINT('',(-17.5,-4.,0.41148));
#74 = LINE('',#75,#76);
#75 = CARTESIAN_POINT('',(-17.5,-4.,0.));
#76 = VECTOR('',#77,1.);
#77 = DIRECTION('',(0.,0.,1.));
#78 = ORIENTED_EDGE('',*,*,#79,.T.);
#79 = EDGE_CURVE('',#72,#80,#82,.T.);
#80 = VERTEX_POINT('',#81);
#81 = CARTESIAN_POINT('',(-17.5,4.,0.41148));
#82 = LINE('',#83,#84);
#83 = CARTESIAN_POINT('',(-17.5,-4.,0.41148));
#84 = VECTOR('',#85,1.);
#85 = DIRECTION('',(0.,1.,0.));
#86 = ORIENTED_EDGE('',*,*,#87,.F.);
#87 = EDGE_CURVE('',#88,#80,#90,.T.);
#88 = VERTEX_POINT('',#89);
#89 = CARTESIAN_POINT('',(-17.5,4.,0.));
#90 = LINE('',#91,#92);
#91 = CARTESIAN_POINT('',(-17.5,4.,0.));
#92 = VECTOR('',#93,1.);
#93 = DIRECTION('',(0.,0.,1.));
#94 = ORIENTED_EDGE('',*,*,#95,.F.);
#95 = EDGE_CURVE('',#70,#88,#96,.T.);
#96 = LINE('',#97,#98);
#97 = CARTESIAN_POINT('',(-17.5,-4.,0.));
#98 = VECTOR('',#99,1.);
#99 = DIRECTION('',(0.,1.,0.));
#100 = PLANE('',#101);
#101 = AXIS2_PLACEMENT_3D('',#102,#103,#104);
#102 = CARTESIAN_POINT('',(-17.5,-4.,0.));
#103 = DIRECTION('',(-1.,0.,0.));
#104 = DIRECTION('',(0.,1.,0.));
#105 = ADVANCED_FACE('',(#106),#131,.T.);
#106 = FACE_BOUND('',#107,.T.);
#107 = EDGE_LOOP('',(#108,#109,#117,#125));
#108 = ORIENTED_EDGE('',*,*,#87,.T.);
#109 = ORIENTED_EDGE('',*,*,#110,.T.);
#110 = EDGE_CURVE('',#80,#111,#113,.T.);
#111 = VERTEX_POINT('',#112);
#112 = CARTESIAN_POINT('',(17.5,4.,0.41148));
#113 = LINE('',#114,#115);
#114 = CARTESIAN_POINT('',(-17.5,4.,0.41148));
#115 = VECTOR('',#116,1.);
#116 = DIRECTION('',(1.,0.,0.));
#117 = ORIENTED_EDGE('',*,*,#118,.F.);
#118 = EDGE_CURVE('',#119,#111,#121,.T.);
#119 = VERTEX_POINT('',#120);
#120 = CARTESIAN_POINT('',(17.5,4.,0.));
#121 = LINE('',#122,#123);
#122 = CARTESIAN_POINT('',(17.5,4.,0.));
#123 = VECTOR('',#124,1.);
#124 = DIRECTION('',(0.,0.,1.));
#125 = ORIENTED_EDGE('',*,*,#126,.F.);
#126 = EDGE_CURVE('',#88,#119,#127,.T.);
#127 = LINE('',#128,#129);
#128 = CARTESIAN_POINT('',(-17.5,4.,0.));
#129 = VECTOR('',#130,1.);
#130 = DIRECTION('',(1.,0.,0.));
#131 = PLANE('',#132);
#132 = AXIS2_PLACEMENT_3D('',#133,#134,#135);
#133 = CARTESIAN_POINT('',(-17.5,4.,0.));
#134 = DIRECTION('',(0.,1.,0.));
#135 = DIRECTION('',(1.,0.,0.));
#136 = ADVANCED_FACE('',(#137),#162,.T.);
#137 = FACE_BOUND('',#138,.T.);
#138 = EDGE_LOOP('',(#139,#140,#148,#156));
#139 = ORIENTED_EDGE('',*,*,#118,.T.);
#140 = ORIENTED_EDGE('',*,*,#141,.T.);
#141 = EDGE_CURVE('',#111,#142,#144,.T.);
#142 = VERTEX_POINT('',#143);
#143 = CARTESIAN_POINT('',(17.5,-4.,0.41148));
#144 = LINE('',#145,#146);
#145 = CARTESIAN_POINT('',(17.5,4.,0.41148));
#146 = VECTOR('',#147,1.);
#147 = DIRECTION('',(0.,-1.,0.));
#148 = ORIENTED_EDGE('',*,*,#149,.F.);
#149 = EDGE_CURVE('',#150,#142,#152,.T.);
#150 = VERTEX_POINT('',#151);
#151 = CARTESIAN_POINT('',(17.5,-4.,0.));
#152 = LINE('',#153,#154);
#153 = CARTESIAN_POINT('',(17.5,-4.,0.));
#154 = VECTOR('',#155,1.);
#155 = DIRECTION('',(0.,0.,1.));
#156 = ORIENTED_EDGE('',*,*,#157,.F.);
#157 = EDGE_CURVE('',#119,#150,#158,.T.);
#158 = LINE('',#159,#160);
#159 = CARTESIAN_POINT('',(17.5,4.,0.));
#160 = VECTOR('',#161,1.);
#161 = DIRECTION('',(0.,-1.,0.));
#162 = PLANE('',#163);
#163 = AXIS2_PLACEMENT_3D('',#164,#165,#166);
#164 = CARTESIAN_POINT('',(17.5,4.,0.));
#165 = DIRECTION('',(1.,0.,-0.));
#166 = DIRECTION('',(0.,-1.,0.));
#167 = ADVANCED_FACE('',(#168),#184,.T.);
#168 = FACE_BOUND('',#169,.T.);
#169 = EDGE_LOOP('',(#170,#171,#177,#178));
#170 = ORIENTED_EDGE('',*,*,#149,.T.);
#171 = ORIENTED_EDGE('',*,*,#172,.T.);
#172 = EDGE_CURVE('',#142,#72,#173,.T.);
#173 = LINE('',#174,#175);
#174 = CARTESIAN_POINT('',(17.5,-4.,0.41148));
#175 = VECTOR('',#176,1.);
#176 = DIRECTION('',(-1.,0.,0.));
#177 = ORIENTED_EDGE('',*,*,#69,.F.);
#178 = ORIENTED_EDGE('',*,*,#179,.F.);
#179 = EDGE_CURVE('',#150,#70,#180,.T.);
#180 = LINE('',#181,#182);
#181 = CARTESIAN_POINT('',(17.5,-4.,0.));
#182 = VECTOR('',#183,1.);
#183 = DIRECTION('',(-1.,0.,0.));
#184 = PLANE('',#185);
#185 = AXIS2_PLACEMENT_3D('',#186,#187,#188);
#186 = CARTESIAN_POINT('',(17.5,-4.,0.));
#187 = DIRECTION('',(0.,-1.,0.));
#188 = DIRECTION('',(-1.,0.,0.));
#189 = ADVANCED_FACE('',(#190),#217,.F.);
#190 = FACE_BOUND('',#191,.T.);
#191 = EDGE_LOOP('',(#192,#202,#209,#210));
#192 = ORIENTED_EDGE('',*,*,#193,.T.);
#193 = EDGE_CURVE('',#194,#196,#198,.T.);
#194 = VERTEX_POINT('',#195);
#195 = CARTESIAN_POINT('',(-15.1,-1.,0.));
#196 = VERTEX_POINT('',#197);
#197 = CARTESIAN_POINT('',(-15.1,-1.,0.41148));
#198 = LINE('',#199,#200);
#199 = CARTESIAN_POINT('',(-15.1,-1.,0.));
#200 = VECTOR('',#201,1.);
#201 = DIRECTION('',(0.,0.,1.));
#202 = ORIENTED_EDGE('',*,*,#203,.T.);
#203 = EDGE_CURVE('',#196,#196,#204,.T.);
#204 = CIRCLE('',#205,0.4);
#205 = AXIS2_PLACEMENT_3D('',#206,#207,#208);
#206 = CARTESIAN_POINT('',(-15.5,-1.,0.41148));
#207 = DIRECTION('',(0.,0.,1.));
#208 = DIRECTION('',(1.,0.,-0.));
#209 = ORIENTED_EDGE('',*,*,#193,.F.);
#210 = ORIENTED_EDGE('',*,*,#211,.F.);
#211 = EDGE_CURVE('',#194,#194,#212,.T.);
#212 = CIRCLE('',#213,0.4);
#213 = AXIS2_PLACEMENT_3D('',#214,#215,#216);
#214 = CARTESIAN_POINT('',(-15.5,-1.,0.));
#215 = DIRECTION('',(0.,0.,1.));
#216 = DIRECTION('',(1.,0.,-0.));
#217 = CYLINDRICAL_SURFACE('',#218,0.4);
#218 = AXIS2_PLACEMENT_3D('',#219,#220,#221);
#219 = CARTESIAN_POINT('',(-15.5,-1.,0.));
#220 = DIRECTION('',(-0.,-0.,-1.));
#221 = DIRECTION('',(1.,0.,-0.));
#222 = ADVANCED_FACE('',(#223),#250,.F.);
#223 = FACE_BOUND('',#224,.T.);
#224 = EDGE_LOOP('',(#225,#235,#242,#243));
#225 = ORIENTED_EDGE('',*,*,#226,.T.);
#226 = EDGE_CURVE('',#227,#229,#231,.T.);
#227 = VERTEX_POINT('',#228);
#228 = CARTESIAN_POINT('',(-15.1,1.,0.));
#229 = VERTEX_POINT('',#230);
#230 = CARTESIAN_POINT('',(-15.1,1.,0.41148));
#231 = LINE('',#232,#233);
#232 = CARTESIAN_POINT('',(-15.1,1.,0.));
#233 = VECTOR('',#234,1.);
#234 = DIRECTION('',(0.,0.,1.));
#235 = ORIENTED_EDGE('',*,*,#236,.T.);
#236 = EDGE_CURVE('',#229,#229,#237,.T.);
#237 = CIRCLE('',#238,0.4);
#238 = AXIS2_PLACEMENT_3D('',#239,#240,#241);
#239 = CARTESIAN_POINT('',(-15.5,1.,0.41148));
#240 = DIRECTION('',(0.,0.,1.));
#241 = DIRECTION('',(1.,0.,-0.));
#242 = ORIENTED_EDGE('',*,*,#226,.F.);
#243 = ORIENTED_EDGE('',*,*,#244,.F.);
#244 = EDGE_CURVE('',#227,#227,#245,.T.);
#245 = CIRCLE('',#246,0.4);
#246 = AXIS2_PLACEMENT_3D('',#247,#248,#249);
#247 = CARTESIAN_POINT('',(-15.5,1.,0.));
#248 = DIRECTION('',(0.,0.,1.));
#249 = DIRECTION('',(1.,0.,-0.));
#250 = CYLINDRICAL_SURFACE('',#251,0.4);
#251 = AXIS2_PLACEMENT_3D('',#252,#253,#254);
#252 = CARTESIAN_POINT('',(-15.5,1.,0.));
#253 = DIRECTION('',(-0.,-0.,-1.));
#254 = DIRECTION('',(1.,0.,-0.));
#255 = ADVANCED_FACE('',(#256),#283,.F.);
#256 = FACE_BOUND('',#257,.T.);
#257 = EDGE_LOOP('',(#258,#268,#275,#276));
#258 = ORIENTED_EDGE('',*,*,#259,.T.);
#259 = EDGE_CURVE('',#260,#262,#264,.T.);
#260 = VERTEX_POINT('',#261);
#261 = CARTESIAN_POINT('',(-10.6,1.27,0.));
#262 = VERTEX_POINT('',#263);
#263 = CARTESIAN_POINT('',(-10.6,1.27,0.41148));
#264 = LINE('',#265,#266);
#265 = CARTESIAN_POINT('',(-10.6,1.27,0.));
#266 = VECTOR('',#267,1.);
#267 = DIRECTION('',(0.,0.,1.));
#268 = ORIENTED_EDGE('',*,*,#269,.T.);
#269 = EDGE_CURVE('',#262,#262,#270,.T.);
#270 = CIRCLE('',#271,0.4);
#271 = AXIS2_PLACEMENT_3D('',#272,#273,#274);
#272 = CARTESIAN_POINT('',(-11.,1.27,0.41148));
#273 = DIRECTION('',(0.,0.,1.));
#274 = DIRECTION('',(1.,0.,-0.));
#275 = ORIENTED_EDGE('',*,*,#259,.F.);
#276 = ORIENTED_EDGE('',*,*,#277,.F.);
#277 = EDGE_CURVE('',#260,#260,#278,.T.);
#278 = CIRCLE('',#279,0.4);
#279 = AXIS2_PLACEMENT_3D('',#280,#281,#282);
#280 = CARTESIAN_POINT('',(-11.,1.27,0.));
#281 = DIRECTION('',(0.,0.,1.));
#282 = DIRECTION('',(1.,0.,-0.));
#283 = CYLINDRICAL_SURFACE('',#284,0.4);
#284 = AXIS2_PLACEMENT_3D('',#285,#286,#287);
#285 = CARTESIAN_POINT('',(-11.,1.27,0.));
#286 = DIRECTION('',(-0.,-0.,-1.));
#287 = DIRECTION('',(1.,0.,-0.));
#288 = ADVANCED_FACE('',(#289),#316,.F.);
#289 = FACE_BOUND('',#290,.T.);
#290 = EDGE_LOOP('',(#291,#301,#308,#309));
#291 = ORIENTED_EDGE('',*,*,#292,.T.);
#292 = EDGE_CURVE('',#293,#295,#297,.T.);
#293 = VERTEX_POINT('',#294);
#294 = CARTESIAN_POINT('',(-10.6,-1.27,0.));
#295 = VERTEX_POINT('',#296);
#296 = CARTESIAN_POINT('',(-10.6,-1.27,0.41148));
#297 = LINE('',#298,#299);
#298 = CARTESIAN_POINT('',(-10.6,-1.27,0.));
#299 = VECTOR('',#300,1.);
#300 = DIRECTION('',(0.,0.,1.));
#301 = ORIENTED_EDGE('',*,*,#302,.T.);
#302 = EDGE_CURVE('',#295,#295,#303,.T.);
#303 = CIRCLE('',#304,0.4);
#304 = AXIS2_PLACEMENT_3D('',#305,#306,#307);
#305 = CARTESIAN_POINT('',(-11.,-1.27,0.41148));
#306 = DIRECTION('',(0.,0.,1.));
#307 = DIRECTION('',(1.,0.,-0.));
#308 = ORIENTED_EDGE('',*,*,#292,.F.);
#309 = ORIENTED_EDGE('',*,*,#310,.F.);
#310 = EDGE_CURVE('',#293,#293,#311,.T.);
#311 = CIRCLE('',#312,0.4);
#312 = AXIS2_PLACEMENT_3D('',#313,#314,#315);
#313 = CARTESIAN_POINT('',(-11.,-1.27,0.));
#314 = DIRECTION('',(0.,0.,1.));
#315 = DIRECTION('',(1.,0.,-0.));
#316 = CYLINDRICAL_SURFACE('',#317,0.4);
#317 = AXIS2_PLACEMENT_3D('',#318,#319,#320);
#318 = CARTESIAN_POINT('',(-11.,-1.27,0.));
#319 = DIRECTION('',(-0.,-0.,-1.));
#320 = DIRECTION('',(1.,0.,-0.));
#321 = ADVANCED_FACE('',(#322),#349,.F.);
#322 = FACE_BOUND('',#323,.T.);
#323 = EDGE_LOOP('',(#324,#334,#341,#342));
#324 = ORIENTED_EDGE('',*,*,#325,.T.);
#325 = EDGE_CURVE('',#326,#328,#330,.T.);
#326 = VERTEX_POINT('',#327);
#327 = CARTESIAN_POINT('',(11.4,-1.27,0.));
#328 = VERTEX_POINT('',#329);
#329 = CARTESIAN_POINT('',(11.4,-1.27,0.41148));
#330 = LINE('',#331,#332);
#331 = CARTESIAN_POINT('',(11.4,-1.27,0.));
#332 = VECTOR('',#333,1.);
#333 = DIRECTION('',(0.,0.,1.));
#334 = ORIENTED_EDGE('',*,*,#335,.T.);
#335 = EDGE_CURVE('',#328,#328,#336,.T.);
#336 = CIRCLE('',#337,0.4);
#337 = AXIS2_PLACEMENT_3D('',#338,#339,#340);
#338 = CARTESIAN_POINT('',(11.,-1.27,0.41148));
#339 = DIRECTION('',(0.,0.,1.));
#340 = DIRECTION('',(1.,0.,-0.));
#341 = ORIENTED_EDGE('',*,*,#325,.F.);
#342 = ORIENTED_EDGE('',*,*,#343,.F.);
#343 = EDGE_CURVE('',#326,#326,#344,.T.);
#344 = CIRCLE('',#345,0.4);
#345 = AXIS2_PLACEMENT_3D('',#346,#347,#348);
#346 = CARTESIAN_POINT('',(11.,-1.27,0.));
#347 = DIRECTION('',(0.,0.,1.));
#348 = DIRECTION('',(1.,0.,-0.));
#349 = CYLINDRICAL_SURFACE('',#350,0.4);
#350 = AXIS2_PLACEMENT_3D('',#351,#352,#353);
#351 = CARTESIAN_POINT('',(11.,-1.27,0.));
#352 = DIRECTION('',(-0.,-0.,-1.));
#353 = DIRECTION('',(1.,0.,-0.));
#354 = ADVANCED_FACE('',(#355),#382,.F.);
#355 = FACE_BOUND('',#356,.T.);
#356 = EDGE_LOOP('',(#357,#367,#374,#375));
#357 = ORIENTED_EDGE('',*,*,#358,.T.);
#358 = EDGE_CURVE('',#359,#361,#363,.T.);
#359 = VERTEX_POINT('',#360);
#360 = CARTESIAN_POINT('',(1.5,0.,0.));
#361 = VERTEX_POINT('',#362);
#362 = CARTESIAN_POINT('',(1.5,0.,0.41148));
#363 = LINE('',#364,#365);
#364 = CARTESIAN_POINT('',(1.5,0.,0.));
#365 = VECTOR('',#366,1.);
#366 = DIRECTION('',(0.,0.,1.));
#367 = ORIENTED_EDGE('',*,*,#368,.T.);
#368 = EDGE_CURVE('',#361,#361,#369,.T.);
#369 = CIRCLE('',#370,1.5);
#370 = AXIS2_PLACEMENT_3D('',#371,#372,#373);
#371 = CARTESIAN_POINT('',(0.,0.,0.41148));
#372 = DIRECTION('',(0.,0.,1.));
#373 = DIRECTION('',(1.,0.,-0.));
#374 = ORIENTED_EDGE('',*,*,#358,.F.);
#375 = ORIENTED_EDGE('',*,*,#376,.F.);
#376 = EDGE_CURVE('',#359,#359,#377,.T.);
#377 = CIRCLE('',#378,1.5);
#378 = AXIS2_PLACEMENT_3D('',#379,#380,#381);
#379 = CARTESIAN_POINT('',(0.,0.,0.));
#380 = DIRECTION('',(0.,0.,1.));
#381 = DIRECTION('',(1.,0.,-0.));
#382 = CYLINDRICAL_SURFACE('',#383,1.5);
#383 = AXIS2_PLACEMENT_3D('',#384,#385,#386);
#384 = CARTESIAN_POINT('',(0.,0.,0.));
#385 = DIRECTION('',(-0.,-0.,-1.));
#386 = DIRECTION('',(1.,0.,-0.));
#387 = ADVANCED_FACE('',(#388),#415,.F.);
#388 = FACE_BOUND('',#389,.T.);
#389 = EDGE_LOOP('',(#390,#400,#407,#408));
#390 = ORIENTED_EDGE('',*,*,#391,.T.);
#391 = EDGE_CURVE('',#392,#394,#396,.T.);
#392 = VERTEX_POINT('',#393);
#393 = CARTESIAN_POINT('',(11.4,1.27,0.));
#394 = VERTEX_POINT('',#395);
#395 = CARTESIAN_POINT('',(11.4,1.27,0.41148));
#396 = LINE('',#397,#398);
#397 = CARTESIAN_POINT('',(11.4,1.27,0.));
#398 = VECTOR('',#399,1.);
#399 = DIRECTION('',(0.,0.,1.));
#400 = ORIENTED_EDGE('',*,*,#401,.T.);
#401 = EDGE_CURVE('',#394,#394,#402,.T.);
#402 = CIRCLE('',#403,0.4);
#403 = AXIS2_PLACEMENT_3D('',#404,#405,#406);
#404 = CARTESIAN_POINT('',(11.,1.27,0.41148));
#405 = DIRECTION('',(0.,0.,1.));
#406 = DIRECTION('',(1.,0.,-0.));
#407 = ORIENTED_EDGE('',*,*,#391,.F.);
#408 = ORIENTED_EDGE('',*,*,#409,.F.);
#409 = EDGE_CURVE('',#392,#392,#410,.T.);
#410 = CIRCLE('',#411,0.4);
#411 = AXIS2_PLACEMENT_3D('',#412,#413,#414);
#412 = CARTESIAN_POINT('',(11.,1.27,0.));
#413 = DIRECTION('',(0.,0.,1.));
#414 = DIRECTION('',(1.,0.,-0.));
#415 = CYLINDRICAL_SURFACE('',#416,0.4);
#416 = AXIS2_PLACEMENT_3D('',#417,#418,#419);
#417 = CARTESIAN_POINT('',(11.,1.27,0.));
#418 = DIRECTION('',(-0.,-0.,-1.));
#419 = DIRECTION('',(1.,0.,-0.));
#420 = ADVANCED_FACE('',(#421,#427,#430,#433,#436,#439,#442,#445),#448,
  .T.);
#421 = FACE_BOUND('',#422,.T.);
#422 = EDGE_LOOP('',(#423,#424,#425,#426));
#423 = ORIENTED_EDGE('',*,*,#95,.T.);
#424 = ORIENTED_EDGE('',*,*,#126,.T.);
#425 = ORIENTED_EDGE('',*,*,#157,.T.);
#426 = ORIENTED_EDGE('',*,*,#179,.T.);
#427 = FACE_BOUND('',#428,.T.);
#428 = EDGE_LOOP('',(#429));
#429 = ORIENTED_EDGE('',*,*,#211,.T.);
#430 = FACE_BOUND('',#431,.T.);
#431 = EDGE_LOOP('',(#432));
#432 = ORIENTED_EDGE('',*,*,#244,.T.);
#433 = FACE_BOUND('',#434,.T.);
#434 = EDGE_LOOP('',(#435));
#435 = ORIENTED_EDGE('',*,*,#277,.T.);
#436 = FACE_BOUND('',#437,.T.);
#437 = EDGE_LOOP('',(#438));
#438 = ORIENTED_EDGE('',*,*,#310,.T.);
#439 = FACE_BOUND('',#440,.T.);
#440 = EDGE_LOOP('',(#441));
#441 = ORIENTED_EDGE('',*,*,#343,.T.);
#442 = FACE_BOUND('',#443,.T.);
#443 = EDGE_LOOP('',(#444));
#444 = ORIENTED_EDGE('',*,*,#376,.T.);
#445 = FACE_BOUND('',#446,.T.);
#446 = EDGE_LOOP('',(#447));
#447 = ORIENTED_EDGE('',*,*,#409,.T.);
#448 = PLANE('',#449);
#449 = AXIS2_PLACEMENT_3D('',#450,#451,#452);
#450 = CARTESIAN_POINT('',(0.,0.,0.));
#451 = DIRECTION('',(-0.,-0.,-1.));
#452 = DIRECTION('',(-1.,0.,0.));
#453 = ADVANCED_FACE('',(#454,#460,#463,#466,#469,#472,#475,#478),#481,
  .F.);
#454 = FACE_BOUND('',#455,.F.);
#455 = EDGE_LOOP('',(#456,#457,#458,#459));
#456 = ORIENTED_EDGE('',*,*,#79,.T.);
#457 = ORIENTED_EDGE('',*,*,#110,.T.);
#458 = ORIENTED_EDGE('',*,*,#141,.T.);
#459 = ORIENTED_EDGE('',*,*,#172,.T.);
#460 = FACE_BOUND('',#461,.F.);
#461 = EDGE_LOOP('',(#462));
#462 = ORIENTED_EDGE('',*,*,#203,.T.);
#463 = FACE_BOUND('',#464,.F.);
#464 = EDGE_LOOP('',(#465));
#465 = ORIENTED_EDGE('',*,*,#236,.T.);
#466 = FACE_BOUND('',#467,.F.);
#467 = EDGE_LOOP('',(#468));
#468 = ORIENTED_EDGE('',*,*,#269,.T.);
#469 = FACE_BOUND('',#470,.F.);
#470 = EDGE_LOOP('',(#471));
#471 = ORIENTED_EDGE('',*,*,#302,.T.);
#472 = FACE_BOUND('',#473,.F.);
#473 = EDGE_LOOP('',(#474));
#474 = ORIENTED_EDGE('',*,*,#335,.T.);
#475 = FACE_BOUND('',#476,.F.);
#476 = EDGE_LOOP('',(#477));
#477 = ORIENTED_EDGE('',*,*,#368,.T.);
#478 = FACE_BOUND('',#479,.F.);
#479 = EDGE_LOOP('',(#480));
#480 = ORIENTED_EDGE('',*,*,#401,.T.);
#481 = PLANE('',#482);
#482 = AXIS2_PLACEMENT_3D('',#483,#484,#485);
#483 = CARTESIAN_POINT('',(0.,0.,0.41148));
#484 = DIRECTION('',(-0.,-0.,-1.));
#485 = DIRECTION('',(-1.,0.,0.));
#486 = ( GEOMETRIC_REPRESENTATION_CONTEXT(3) 
GLOBAL_UNCERTAINTY_ASSIGNED_CONTEXT((#490)) GLOBAL_UNIT_ASSIGNED_CONTEXT
((#487,#488,#489)) REPRESENTATION_CONTEXT('Context #1',
  '3D Context with UNIT and UNCERTAINTY') );
#487 = ( LENGTH_UNIT() NAMED_UNIT(*) SI_UNIT(.MILLI.,.METRE.) );
#488 = ( NAMED_UNIT(*) PLANE_ANGLE_UNIT() SI_UNIT($,.RADIAN.) );
#489 = ( NAMED_UNIT(*) SI_UNIT($,.STERADIAN.) SOLID_ANGLE_UNIT() );
#490 = UNCERTAINTY_MEASURE_WITH_UNIT(LENGTH_MEASURE(1.E-07),#487,
  'distance_accuracy_value','confusion accuracy');
#491 = SHAPE_DEFINITION_REPRESENTATION(#492,#62);
#492 = PRODUCT_DEFINITION_SHAPE('','',#493);
#493 = PRODUCT_DEFINITION('design','',#494,#497);
#494 = PRODUCT_DEFINITION_FORMATION('','',#495);
#495 = PRODUCT('Open CASCADE STEP translator 7.5 2.1.1',
  'Open CASCADE STEP translator 7.5 2.1.1','',(#496));
#496 = PRODUCT_CONTEXT('',#2,'mechanical');
#497 = PRODUCT_DEFINITION_CONTEXT('part definition',#2,'design');
#498 = CONTEXT_DEPENDENT_SHAPE_REPRESENTATION(#499,#501);
#499 = ( REPRESENTATION_RELATIONSHIP('','',#62,#52) 
REPRESENTATION_RELATIONSHIP_WITH_TRANSFORMATION(#500) 
SHAPE_REPRESENTATION_RELATIONSHIP() );
#500 = ITEM_DEFINED_TRANSFORMATION('','',#11,#53);
#501 = PRODUCT_DEFINITION_SHAPE('Placement','Placement of an item',#502
  );
#502 = NEXT_ASSEMBLY_USAGE_OCCURRENCE('160','','',#47,#493,$);
#503 = PRODUCT_RELATED_PRODUCT_CATEGORY('part',$,(#495));
#504 = CONTEXT_DEPENDENT_SHAPE_REPRESENTATION(#505,#507);
#505 = ( REPRESENTATION_RELATIONSHIP('','',#52,#10) 
REPRESENTATION_RELATIONSHIP_WITH_TRANSFORMATION(#506) 
SHAPE_REPRESENTATION_RELATIONSHIP() );
#506 = ITEM_DEFINED_TRANSFORMATION('','',#11,#15);
#507 = PRODUCT_DEFINITION_SHAPE('Placement','Placement of an item',#508
  );
#508 = NEXT_ASSEMBLY_USAGE_OCCURRENCE('161','','',#5,#47,$);
#509 = PRODUCT_RELATED_PRODUCT_CATEGORY('part',$,(#49));
#510 = SHAPE_DEFINITION_REPRESENTATION(#511,#517);
#511 = PRODUCT_DEFINITION_SHAPE('','',#512);
#512 = PRODUCT_DEFINITION('design','',#513,#516);
#513 = PRODUCT_DEFINITION_FORMATION('','',#514);
#514 = PRODUCT('R2','R2','',(#515));
#515 = PRODUCT_CONTEXT('',#2,'mechanical');
#516 = PRODUCT_DEFINITION_CONTEXT('part definition',#2,'design');
#517 = SHAPE_REPRESENTATION('',(#11,#518),#522);
#518 = AXIS2_PLACEMENT_3D('',#519,#520,#521);
#519 = CARTESIAN_POINT('',(-6.500085498037,-0.999953123633,
    -0.411479830742));
#520 = DIRECTION('',(-8.742277657348E-08,-1.,-4.371140912996E-08));
#521 = DIRECTION('',(-1.,8.742277657348E-08,7.642738472527E-15));
#522 = ( GEOMETRIC_REPRESENTATION_CONTEXT(3) 
GLOBAL_UNCERTAINTY_ASSIGNED_CONTEXT((#526)) GLOBAL_UNIT_ASSIGNED_CONTEXT
((#523,#524,#525)) REPRESENTATION_CONTEXT('Context #1',
  '3D Context with UNIT and UNCERTAINTY') );
#523 = ( LENGTH_UNIT() NAMED_UNIT(*) SI_UNIT(.MILLI.,.METRE.) );
#524 = ( NAMED_UNIT(*) PLANE_ANGLE_UNIT() SI_UNIT($,.RADIAN.) );
#525 = ( NAMED_UNIT(*) SI_UNIT($,.STERADIAN.) SOLID_ANGLE_UNIT() );
#526 = UNCERTAINTY_MEASURE_WITH_UNIT(LENGTH_MEASURE(1.E-07),#523,
  'distance_accuracy_value','confusion accuracy');
#527 = SHAPE_REPRESENTATION('',(#11,#528,#678,#1092,#1506),#5895);
#528 = MANIFOLD_SOLID_BREP('',#529);
#529 = CLOSED_SHELL('',(#530,#570,#601,#632,#654,#666));
#530 = ADVANCED_FACE('',(#531),#565,.F.);
#531 = FACE_BOUND('',#532,.T.);
#532 = EDGE_LOOP('',(#533,#543,#551,#559));
#533 = ORIENTED_EDGE('',*,*,#534,.T.);
#534 = EDGE_CURVE('',#535,#537,#539,.T.);
#535 = VERTEX_POINT('',#536);
#536 = CARTESIAN_POINT('',(-0.8,0.5,-0.4));
#537 = VERTEX_POINT('',#538);
#538 = CARTESIAN_POINT('',(-0.8,5.E-02,-0.4));
#539 = LINE('',#540,#541);
#540 = CARTESIAN_POINT('',(-0.8,0.5,-0.4));
#541 = VECTOR('',#542,1.);
#542 = DIRECTION('',(-0.,-1.,-0.));
#543 = ORIENTED_EDGE('',*,*,#544,.T.);
#544 = EDGE_CURVE('',#537,#545,#547,.T.);
#545 = VERTEX_POINT('',#546);
#546 = CARTESIAN_POINT('',(-0.8,5.E-02,0.4));
#547 = LINE('',#548,#549);
#548 = CARTESIAN_POINT('',(-0.8,5.E-02,-0.4));
#549 = VECTOR('',#550,1.);
#550 = DIRECTION('',(-0.,-0.,1.));
#551 = ORIENTED_EDGE('',*,*,#552,.F.);
#552 = EDGE_CURVE('',#553,#545,#555,.T.);
#553 = VERTEX_POINT('',#554);
#554 = CARTESIAN_POINT('',(-0.8,0.5,0.4));
#555 = LINE('',#556,#557);
#556 = CARTESIAN_POINT('',(-0.8,0.5,0.4));
#557 = VECTOR('',#558,1.);
#558 = DIRECTION('',(-0.,-1.,-0.));
#559 = ORIENTED_EDGE('',*,*,#560,.F.);
#560 = EDGE_CURVE('',#535,#553,#561,.T.);
#561 = LINE('',#562,#563);
#562 = CARTESIAN_POINT('',(-0.8,0.5,-0.4));
#563 = VECTOR('',#564,1.);
#564 = DIRECTION('',(1.355252715607E-16,0.,1.));
#565 = PLANE('',#566);
#566 = AXIS2_PLACEMENT_3D('',#567,#568,#569);
#567 = CARTESIAN_POINT('',(-0.8,0.5,-0.4));
#568 = DIRECTION('',(1.,0.,-1.355252715607E-16));
#569 = DIRECTION('',(-1.355252715607E-16,0.,-1.));
#570 = ADVANCED_FACE('',(#571),#596,.F.);
#571 = FACE_BOUND('',#572,.T.);
#572 = EDGE_LOOP('',(#573,#574,#582,#590));
#573 = ORIENTED_EDGE('',*,*,#552,.T.);
#574 = ORIENTED_EDGE('',*,*,#575,.F.);
#575 = EDGE_CURVE('',#576,#545,#578,.T.);
#576 = VERTEX_POINT('',#577);
#577 = CARTESIAN_POINT('',(0.8,5.E-02,0.4));
#578 = LINE('',#579,#580);
#579 = CARTESIAN_POINT('',(-0.8,5.E-02,0.4));
#580 = VECTOR('',#581,1.);
#581 = DIRECTION('',(-1.,-4.235164736272E-18,-0.));
#582 = ORIENTED_EDGE('',*,*,#583,.F.);
#583 = EDGE_CURVE('',#584,#576,#586,.T.);
#584 = VERTEX_POINT('',#585);
#585 = CARTESIAN_POINT('',(0.8,0.5,0.4));
#586 = LINE('',#587,#588);
#587 = CARTESIAN_POINT('',(0.8,0.5,0.4));
#588 = VECTOR('',#589,1.);
#589 = DIRECTION('',(-0.,-1.,-0.));
#590 = ORIENTED_EDGE('',*,*,#591,.F.);
#591 = EDGE_CURVE('',#553,#584,#592,.T.);
#592 = LINE('',#593,#594);
#593 = CARTESIAN_POINT('',(0.8,0.5,0.4));
#594 = VECTOR('',#595,1.);
#595 = DIRECTION('',(1.,-0.,-1.355252715607E-16));
#596 = PLANE('',#597);
#597 = AXIS2_PLACEMENT_3D('',#598,#599,#600);
#598 = CARTESIAN_POINT('',(0.8,0.5,0.4));
#599 = DIRECTION('',(-1.355252715607E-16,0.,-1.));
#600 = DIRECTION('',(-1.,0.,1.355252715607E-16));
#601 = ADVANCED_FACE('',(#602),#627,.F.);
#602 = FACE_BOUND('',#603,.T.);
#603 = EDGE_LOOP('',(#604,#605,#613,#621));
#604 = ORIENTED_EDGE('',*,*,#583,.T.);
#605 = ORIENTED_EDGE('',*,*,#606,.F.);
#606 = EDGE_CURVE('',#607,#576,#609,.T.);
#607 = VERTEX_POINT('',#608);
#608 = CARTESIAN_POINT('',(0.8,5.E-02,-0.4));
#609 = LINE('',#610,#611);
#610 = CARTESIAN_POINT('',(0.8,5.E-02,-0.4));
#611 = VECTOR('',#612,1.);
#612 = DIRECTION('',(-0.,-0.,1.));
#613 = ORIENTED_EDGE('',*,*,#614,.F.);
#614 = EDGE_CURVE('',#615,#607,#617,.T.);
#615 = VERTEX_POINT('',#616);
#616 = CARTESIAN_POINT('',(0.8,0.5,-0.4));
#617 = LINE('',#618,#619);
#618 = CARTESIAN_POINT('',(0.8,0.5,-0.4));
#619 = VECTOR('',#620,1.);
#620 = DIRECTION('',(-0.,-1.,-0.));
#621 = ORIENTED_EDGE('',*,*,#622,.F.);
#622 = EDGE_CURVE('',#584,#615,#623,.T.);
#623 = LINE('',#624,#625);
#624 = CARTESIAN_POINT('',(0.8,0.5,-0.4));
#625 = VECTOR('',#626,1.);
#626 = DIRECTION('',(-1.355252715607E-16,-0.,-1.));
#627 = PLANE('',#628);
#628 = AXIS2_PLACEMENT_3D('',#629,#630,#631);
#629 = CARTESIAN_POINT('',(0.8,0.5,-0.4));
#630 = DIRECTION('',(-1.,0.,1.355252715607E-16));
#631 = DIRECTION('',(1.355252715607E-16,0.,1.));
#632 = ADVANCED_FACE('',(#633),#649,.F.);
#633 = FACE_BOUND('',#634,.T.);
#634 = EDGE_LOOP('',(#635,#636,#642,#643));
#635 = ORIENTED_EDGE('',*,*,#614,.T.);
#636 = ORIENTED_EDGE('',*,*,#637,.T.);
#637 = EDGE_CURVE('',#607,#537,#638,.T.);
#638 = LINE('',#639,#640);
#639 = CARTESIAN_POINT('',(-0.8,5.E-02,-0.4));
#640 = VECTOR('',#641,1.);
#641 = DIRECTION('',(-1.,-4.235164736272E-18,-0.));
#642 = ORIENTED_EDGE('',*,*,#534,.F.);
#643 = ORIENTED_EDGE('',*,*,#644,.F.);
#644 = EDGE_CURVE('',#615,#535,#645,.T.);
#645 = LINE('',#646,#647);
#646 = CARTESIAN_POINT('',(0.8,0.5,-0.4));
#647 = VECTOR('',#648,1.);
#648 = DIRECTION('',(-1.,0.,1.355252715607E-16));
#649 = PLANE('',#650);
#650 = AXIS2_PLACEMENT_3D('',#651,#652,#653);
#651 = CARTESIAN_POINT('',(0.8,0.5,-0.4));
#652 = DIRECTION('',(1.355252715607E-16,-0.,1.));
#653 = DIRECTION('',(1.,0.,-1.355252715607E-16));
#654 = ADVANCED_FACE('',(#655),#661,.F.);
#655 = FACE_BOUND('',#656,.T.);
#656 = EDGE_LOOP('',(#657,#658,#659,#660));
#657 = ORIENTED_EDGE('',*,*,#560,.T.);
#658 = ORIENTED_EDGE('',*,*,#591,.T.);
#659 = ORIENTED_EDGE('',*,*,#622,.T.);
#660 = ORIENTED_EDGE('',*,*,#644,.T.);
#661 = PLANE('',#662);
#662 = AXIS2_PLACEMENT_3D('',#663,#664,#665);
#663 = CARTESIAN_POINT('',(-0.8,0.5,0.4));
#664 = DIRECTION('',(0.,-1.,0.));
#665 = DIRECTION('',(0.,-0.,-1.));
#666 = ADVANCED_FACE('',(#667),#673,.F.);
#667 = FACE_BOUND('',#668,.T.);
#668 = EDGE_LOOP('',(#669,#670,#671,#672));
#669 = ORIENTED_EDGE('',*,*,#575,.T.);
#670 = ORIENTED_EDGE('',*,*,#544,.F.);
#671 = ORIENTED_EDGE('',*,*,#637,.F.);
#672 = ORIENTED_EDGE('',*,*,#606,.T.);
#673 = PLANE('',#674);
#674 = AXIS2_PLACEMENT_3D('',#675,#676,#677);
#675 = CARTESIAN_POINT('',(-0.8,5.E-02,-0.4));
#676 = DIRECTION('',(-4.235164736272E-18,1.,0.));
#677 = DIRECTION('',(-1.,-4.235164736272E-18,0.));
#678 = MANIFOLD_SOLID_BREP('',#679);
#679 = CLOSED_SHELL('',(#680,#720,#760,#791,#822,#885,#918,#974,#1000,
    #1022,#1034,#1051,#1063,#1080));
#680 = ADVANCED_FACE('',(#681),#715,.F.);
#681 = FACE_BOUND('',#682,.T.);
#682 = EDGE_LOOP('',(#683,#693,#701,#709));
#683 = ORIENTED_EDGE('',*,*,#684,.F.);
#684 = EDGE_CURVE('',#685,#687,#689,.T.);
#685 = VERTEX_POINT('',#686);
#686 = CARTESIAN_POINT('',(-0.55,5.E-02,-0.4));
#687 = VERTEX_POINT('',#688);
#688 = CARTESIAN_POINT('',(-0.55,5.E-02,0.4));
#689 = LINE('',#690,#691);
#690 = CARTESIAN_POINT('',(-0.55,5.E-02,-0.4));
#691 = VECTOR('',#692,1.);
#692 = DIRECTION('',(0.,0.,1.));
#693 = ORIENTED_EDGE('',*,*,#694,.F.);
#694 = EDGE_CURVE('',#695,#685,#697,.T.);
#695 = VERTEX_POINT('',#696);
#696 = CARTESIAN_POINT('',(-0.8,5.E-02,-0.4));
#697 = LINE('',#698,#699);
#698 = CARTESIAN_POINT('',(-0.8,5.E-02,-0.4));
#699 = VECTOR('',#700,1.);
#700 = DIRECTION('',(1.,0.,0.));
#701 = ORIENTED_EDGE('',*,*,#702,.F.);
#702 = EDGE_CURVE('',#703,#695,#705,.T.);
#703 = VERTEX_POINT('',#704);
#704 = CARTESIAN_POINT('',(-0.8,5.E-02,0.4));
#705 = LINE('',#706,#707);
#706 = CARTESIAN_POINT('',(-0.8,5.E-02,-0.4));
#707 = VECTOR('',#708,1.);
#708 = DIRECTION('',(0.,0.,-1.));
#709 = ORIENTED_EDGE('',*,*,#710,.T.);
#710 = EDGE_CURVE('',#703,#687,#711,.T.);
#711 = LINE('',#712,#713);
#712 = CARTESIAN_POINT('',(-0.8,5.E-02,0.4));
#713 = VECTOR('',#714,1.);
#714 = DIRECTION('',(1.,0.,0.));
#715 = PLANE('',#716);
#716 = AXIS2_PLACEMENT_3D('',#717,#718,#719);
#717 = CARTESIAN_POINT('',(-0.8,5.E-02,-0.4));
#718 = DIRECTION('',(0.,-1.,0.));
#719 = DIRECTION('',(0.,-0.,-1.));
#720 = ADVANCED_FACE('',(#721),#755,.F.);
#721 = FACE_BOUND('',#722,.T.);
#722 = EDGE_LOOP('',(#723,#733,#741,#749));
#723 = ORIENTED_EDGE('',*,*,#724,.F.);
#724 = EDGE_CURVE('',#725,#727,#729,.T.);
#725 = VERTEX_POINT('',#726);
#726 = CARTESIAN_POINT('',(-0.55,0.,0.4));
#727 = VERTEX_POINT('',#728);
#728 = CARTESIAN_POINT('',(-0.55,2.168404344971E-16,-0.4));
#729 = LINE('',#730,#731);
#730 = CARTESIAN_POINT('',(-0.55,2.168404344971E-16,0.4));
#731 = VECTOR('',#732,1.);
#732 = DIRECTION('',(0.,0.,-1.));
#733 = ORIENTED_EDGE('',*,*,#734,.F.);
#734 = EDGE_CURVE('',#735,#725,#737,.T.);
#735 = VERTEX_POINT('',#736);
#736 = CARTESIAN_POINT('',(-0.85,0.,0.4));
#737 = LINE('',#738,#739);
#738 = CARTESIAN_POINT('',(-0.85,0.,0.4));
#739 = VECTOR('',#740,1.);
#740 = DIRECTION('',(1.,0.,0.));
#741 = ORIENTED_EDGE('',*,*,#742,.F.);
#742 = EDGE_CURVE('',#743,#735,#745,.T.);
#743 = VERTEX_POINT('',#744);
#744 = CARTESIAN_POINT('',(-0.85,2.168404344971E-16,-0.4));
#745 = LINE('',#746,#747);
#746 = CARTESIAN_POINT('',(-0.85,2.168404344971E-16,0.4));
#747 = VECTOR('',#748,1.);
#748 = DIRECTION('',(0.,0.,1.));
#749 = ORIENTED_EDGE('',*,*,#750,.T.);
#750 = EDGE_CURVE('',#743,#727,#751,.T.);
#751 = LINE('',#752,#753);
#752 = CARTESIAN_POINT('',(-0.85,2.168404344971E-16,-0.4));
#753 = VECTOR('',#754,1.);
#754 = DIRECTION('',(1.,0.,0.));
#755 = PLANE('',#756);
#756 = AXIS2_PLACEMENT_3D('',#757,#758,#759);
#757 = CARTESIAN_POINT('',(-0.85,2.168404344971E-16,0.4));
#758 = DIRECTION('',(0.,1.,0.));
#759 = DIRECTION('',(0.,-0.,1.));
#760 = ADVANCED_FACE('',(#761),#786,.T.);
#761 = FACE_BOUND('',#762,.T.);
#762 = EDGE_LOOP('',(#763,#771,#772,#780));
#763 = ORIENTED_EDGE('',*,*,#764,.T.);
#764 = EDGE_CURVE('',#765,#703,#767,.T.);
#765 = VERTEX_POINT('',#766);
#766 = CARTESIAN_POINT('',(-0.8,0.5,0.4));
#767 = LINE('',#768,#769);
#768 = CARTESIAN_POINT('',(-0.8,0.5,0.4));
#769 = VECTOR('',#770,1.);
#770 = DIRECTION('',(1.971276677246E-16,-1.,0.));
#771 = ORIENTED_EDGE('',*,*,#702,.T.);
#772 = ORIENTED_EDGE('',*,*,#773,.F.);
#773 = EDGE_CURVE('',#774,#695,#776,.T.);
#774 = VERTEX_POINT('',#775);
#775 = CARTESIAN_POINT('',(-0.8,0.5,-0.4));
#776 = LINE('',#777,#778);
#777 = CARTESIAN_POINT('',(-0.8,0.5,-0.4));
#778 = VECTOR('',#779,1.);
#779 = DIRECTION('',(1.971276677246E-16,-1.,0.));
#780 = ORIENTED_EDGE('',*,*,#781,.T.);
#781 = EDGE_CURVE('',#774,#765,#782,.T.);
#782 = LINE('',#783,#784);
#783 = CARTESIAN_POINT('',(-0.8,0.5,-0.4));
#784 = VECTOR('',#785,1.);
#785 = DIRECTION('',(0.,0.,1.));
#786 = PLANE('',#787);
#787 = AXIS2_PLACEMENT_3D('',#788,#789,#790);
#788 = CARTESIAN_POINT('',(-0.8,0.5,-0.4));
#789 = DIRECTION('',(1.,1.971276677246E-16,-0.));
#790 = DIRECTION('',(-1.971276677246E-16,1.,0.));
#791 = ADVANCED_FACE('',(#792),#817,.T.);
#792 = FACE_BOUND('',#793,.T.);
#793 = EDGE_LOOP('',(#794,#802,#803,#811));
#794 = ORIENTED_EDGE('',*,*,#795,.T.);
#795 = EDGE_CURVE('',#796,#743,#798,.T.);
#796 = VERTEX_POINT('',#797);
#797 = CARTESIAN_POINT('',(-0.85,0.55,-0.4));
#798 = LINE('',#799,#800);
#799 = CARTESIAN_POINT('',(-0.85,0.55,-0.4));
#800 = VECTOR('',#801,1.);
#801 = DIRECTION('',(1.971276677246E-16,-1.,0.));
#802 = ORIENTED_EDGE('',*,*,#742,.T.);
#803 = ORIENTED_EDGE('',*,*,#804,.F.);
#804 = EDGE_CURVE('',#805,#735,#807,.T.);
#805 = VERTEX_POINT('',#806);
#806 = CARTESIAN_POINT('',(-0.85,0.55,0.4));
#807 = LINE('',#808,#809);
#808 = CARTESIAN_POINT('',(-0.85,0.55,0.4));
#809 = VECTOR('',#810,1.);
#810 = DIRECTION('',(1.971276677246E-16,-1.,0.));
#811 = ORIENTED_EDGE('',*,*,#812,.T.);
#812 = EDGE_CURVE('',#805,#796,#813,.T.);
#813 = LINE('',#814,#815);
#814 = CARTESIAN_POINT('',(-0.85,0.55,0.4));
#815 = VECTOR('',#816,1.);
#816 = DIRECTION('',(0.,0.,-1.));
#817 = PLANE('',#818);
#818 = AXIS2_PLACEMENT_3D('',#819,#820,#821);
#819 = CARTESIAN_POINT('',(-0.85,0.55,0.4));
#820 = DIRECTION('',(-1.,-1.971276677246E-16,0.));
#821 = DIRECTION('',(1.971276677246E-16,-1.,0.));
#822 = ADVANCED_FACE('',(#823),#880,.F.);
#823 = FACE_BOUND('',#824,.T.);
#824 = EDGE_LOOP('',(#825,#835,#843,#851,#857,#858,#866,#874));
#825 = ORIENTED_EDGE('',*,*,#826,.T.);
#826 = EDGE_CURVE('',#827,#829,#831,.T.);
#827 = VERTEX_POINT('',#828);
#828 = CARTESIAN_POINT('',(-0.55,0.5,-0.25));
#829 = VERTEX_POINT('',#830);
#830 = CARTESIAN_POINT('',(-0.55,0.5,0.25));
#831 = LINE('',#832,#833);
#832 = CARTESIAN_POINT('',(-0.55,0.5,-0.4));
#833 = VECTOR('',#834,1.);
#834 = DIRECTION('',(0.,0.,1.));
#835 = ORIENTED_EDGE('',*,*,#836,.F.);
#836 = EDGE_CURVE('',#837,#829,#839,.T.);
#837 = VERTEX_POINT('',#838);
#838 = CARTESIAN_POINT('',(-0.675,0.5,0.25));
#839 = LINE('',#840,#841);
#840 = CARTESIAN_POINT('',(-0.55,0.5,0.25));
#841 = VECTOR('',#842,1.);
#842 = DIRECTION('',(1.,3.614007241618E-16,5.77761333104E-47));
#843 = ORIENTED_EDGE('',*,*,#844,.F.);
#844 = EDGE_CURVE('',#845,#837,#847,.T.);
#845 = VERTEX_POINT('',#846);
#846 = CARTESIAN_POINT('',(-0.675,0.5,0.4));
#847 = LINE('',#848,#849);
#848 = CARTESIAN_POINT('',(-0.675,0.5,0.4));
#849 = VECTOR('',#850,1.);
#850 = DIRECTION('',(0.,0.,-1.));
#851 = ORIENTED_EDGE('',*,*,#852,.F.);
#852 = EDGE_CURVE('',#765,#845,#853,.T.);
#853 = LINE('',#854,#855);
#854 = CARTESIAN_POINT('',(-1.626560977094,0.5,0.4));
#855 = VECTOR('',#856,1.);
#856 = DIRECTION('',(1.,3.614007241618E-16,-0.));
#857 = ORIENTED_EDGE('',*,*,#781,.F.);
#858 = ORIENTED_EDGE('',*,*,#859,.T.);
#859 = EDGE_CURVE('',#774,#860,#862,.T.);
#860 = VERTEX_POINT('',#861);
#861 = CARTESIAN_POINT('',(-0.675,0.5,-0.4));
#862 = LINE('',#863,#864);
#863 = CARTESIAN_POINT('',(-1.626560977094,0.5,-0.4));
#864 = VECTOR('',#865,1.);
#865 = DIRECTION('',(1.,3.614007241618E-16,-0.));
#866 = ORIENTED_EDGE('',*,*,#867,.F.);
#867 = EDGE_CURVE('',#868,#860,#870,.T.);
#868 = VERTEX_POINT('',#869);
#869 = CARTESIAN_POINT('',(-0.675,0.5,-0.25));
#870 = LINE('',#871,#872);
#871 = CARTESIAN_POINT('',(-0.675,0.5,-0.4));
#872 = VECTOR('',#873,1.);
#873 = DIRECTION('',(0.,0.,-1.));
#874 = ORIENTED_EDGE('',*,*,#875,.F.);
#875 = EDGE_CURVE('',#827,#868,#876,.T.);
#876 = LINE('',#877,#878);
#877 = CARTESIAN_POINT('',(-0.55,0.5,-0.25));
#878 = VECTOR('',#879,1.);
#879 = DIRECTION('',(-1.,-3.614007241618E-16,-5.77761333104E-47));
#880 = PLANE('',#881);
#881 = AXIS2_PLACEMENT_3D('',#882,#883,#884);
#882 = CARTESIAN_POINT('',(-1.626560977094,0.5,-0.4));
#883 = DIRECTION('',(-3.614007241618E-16,1.,0.));
#884 = DIRECTION('',(-1.,-3.614007241618E-16,0.));
#885 = ADVANCED_FACE('',(#886),#913,.F.);
#886 = FACE_BOUND('',#887,.T.);
#887 = EDGE_LOOP('',(#888,#896,#902,#903,#904,#905,#911,#912));
#888 = ORIENTED_EDGE('',*,*,#889,.T.);
#889 = EDGE_CURVE('',#796,#890,#892,.T.);
#890 = VERTEX_POINT('',#891);
#891 = CARTESIAN_POINT('',(-0.675,0.55,-0.4));
#892 = LINE('',#893,#894);
#893 = CARTESIAN_POINT('',(-1.626560977094,0.55,-0.4));
#894 = VECTOR('',#895,1.);
#895 = DIRECTION('',(1.,3.614007241618E-16,-0.));
#896 = ORIENTED_EDGE('',*,*,#897,.F.);
#897 = EDGE_CURVE('',#860,#890,#898,.T.);
#898 = LINE('',#899,#900);
#899 = CARTESIAN_POINT('',(-0.675,-1.E-03,-0.4));
#900 = VECTOR('',#901,1.);
#901 = DIRECTION('',(2.710505431214E-16,1.,4.701977403289E-32));
#902 = ORIENTED_EDGE('',*,*,#859,.F.);
#903 = ORIENTED_EDGE('',*,*,#773,.T.);
#904 = ORIENTED_EDGE('',*,*,#694,.T.);
#905 = ORIENTED_EDGE('',*,*,#906,.F.);
#906 = EDGE_CURVE('',#727,#685,#907,.T.);
#907 = LINE('',#908,#909);
#908 = CARTESIAN_POINT('',(-0.55,0.275,-0.4));
#909 = VECTOR('',#910,1.);
#910 = DIRECTION('',(0.,1.,1.084202172486E-15));
#911 = ORIENTED_EDGE('',*,*,#750,.F.);
#912 = ORIENTED_EDGE('',*,*,#795,.F.);
#913 = PLANE('',#914);
#914 = AXIS2_PLACEMENT_3D('',#915,#916,#917);
#915 = CARTESIAN_POINT('',(-1.626560977094,0.55,-0.4));
#916 = DIRECTION('',(-3.918314502741E-31,1.084202172486E-15,1.));
#917 = DIRECTION('',(0.,-1.,1.084202172486E-15));
#918 = ADVANCED_FACE('',(#919),#969,.F.);
#919 = FACE_BOUND('',#920,.T.);
#920 = EDGE_LOOP('',(#921,#931,#939,#947,#955,#961,#962,#963));
#921 = ORIENTED_EDGE('',*,*,#922,.F.);
#922 = EDGE_CURVE('',#923,#925,#927,.T.);
#923 = VERTEX_POINT('',#924);
#924 = CARTESIAN_POINT('',(-0.675,0.55,0.25));
#925 = VERTEX_POINT('',#926);
#926 = CARTESIAN_POINT('',(-0.675,0.55,0.4));
#927 = LINE('',#928,#929);
#928 = CARTESIAN_POINT('',(-0.675,0.55,0.4));
#929 = VECTOR('',#930,1.);
#930 = DIRECTION('',(-0.,-0.,1.));
#931 = ORIENTED_EDGE('',*,*,#932,.F.);
#932 = EDGE_CURVE('',#933,#923,#935,.T.);
#933 = VERTEX_POINT('',#934);
#934 = CARTESIAN_POINT('',(-0.55,0.55,0.25));
#935 = LINE('',#936,#937);
#936 = CARTESIAN_POINT('',(-0.55,0.55,0.25));
#937 = VECTOR('',#938,1.);
#938 = DIRECTION('',(-1.,8.673617379884E-16,0.));
#939 = ORIENTED_EDGE('',*,*,#940,.T.);
#940 = EDGE_CURVE('',#933,#941,#943,.T.);
#941 = VERTEX_POINT('',#942);
#942 = CARTESIAN_POINT('',(-0.55,0.55,-0.25));
#943 = LINE('',#944,#945);
#944 = CARTESIAN_POINT('',(-0.55,0.55,0.4));
#945 = VECTOR('',#946,1.);
#946 = DIRECTION('',(0.,0.,-1.));
#947 = ORIENTED_EDGE('',*,*,#948,.F.);
#948 = EDGE_CURVE('',#949,#941,#951,.T.);
#949 = VERTEX_POINT('',#950);
#950 = CARTESIAN_POINT('',(-0.675,0.55,-0.25));
#951 = LINE('',#952,#953);
#952 = CARTESIAN_POINT('',(-0.55,0.55,-0.25));
#953 = VECTOR('',#954,1.);
#954 = DIRECTION('',(1.,-8.673617379884E-16,-0.));
#955 = ORIENTED_EDGE('',*,*,#956,.F.);
#956 = EDGE_CURVE('',#890,#949,#957,.T.);
#957 = LINE('',#958,#959);
#958 = CARTESIAN_POINT('',(-0.675,0.55,-0.4));
#959 = VECTOR('',#960,1.);
#960 = DIRECTION('',(0.,0.,1.));
#961 = ORIENTED_EDGE('',*,*,#889,.F.);
#962 = ORIENTED_EDGE('',*,*,#812,.F.);
#963 = ORIENTED_EDGE('',*,*,#964,.T.);
#964 = EDGE_CURVE('',#805,#925,#965,.T.);
#965 = LINE('',#966,#967);
#966 = CARTESIAN_POINT('',(-1.626560977094,0.55,0.4));
#967 = VECTOR('',#968,1.);
#968 = DIRECTION('',(1.,3.614007241618E-16,-0.));
#969 = PLANE('',#970);
#970 = AXIS2_PLACEMENT_3D('',#971,#972,#973);
#971 = CARTESIAN_POINT('',(-1.626560977094,0.55,0.4));
#972 = DIRECTION('',(3.614007241618E-16,-1.,0.));
#973 = DIRECTION('',(1.,3.614007241618E-16,0.));
#974 = ADVANCED_FACE('',(#975),#995,.F.);
#975 = FACE_BOUND('',#976,.T.);
#976 = EDGE_LOOP('',(#977,#978,#984,#985,#986,#987,#993,#994));
#977 = ORIENTED_EDGE('',*,*,#852,.T.);
#978 = ORIENTED_EDGE('',*,*,#979,.T.);
#979 = EDGE_CURVE('',#845,#925,#980,.T.);
#980 = LINE('',#981,#982);
#981 = CARTESIAN_POINT('',(-0.675,-1.E-03,0.4));
#982 = VECTOR('',#983,1.);
#983 = DIRECTION('',(2.710505431214E-16,1.,4.701977403289E-32));
#984 = ORIENTED_EDGE('',*,*,#964,.F.);
#985 = ORIENTED_EDGE('',*,*,#804,.T.);
#986 = ORIENTED_EDGE('',*,*,#734,.T.);
#987 = ORIENTED_EDGE('',*,*,#988,.F.);
#988 = EDGE_CURVE('',#687,#725,#989,.T.);
#989 = LINE('',#990,#991);
#990 = CARTESIAN_POINT('',(-0.55,0.275,0.4));
#991 = VECTOR('',#992,1.);
#992 = DIRECTION('',(0.,-1.,0.));
#993 = ORIENTED_EDGE('',*,*,#710,.F.);
#994 = ORIENTED_EDGE('',*,*,#764,.F.);
#995 = PLANE('',#996);
#996 = AXIS2_PLACEMENT_3D('',#997,#998,#999);
#997 = CARTESIAN_POINT('',(-1.626560977094,0.5,0.4));
#998 = DIRECTION('',(0.,0.,-1.));
#999 = DIRECTION('',(-1.,0.,0.));
#1000 = ADVANCED_FACE('',(#1001),#1017,.F.);
#1001 = FACE_BOUND('',#1002,.T.);
#1002 = EDGE_LOOP('',(#1003,#1004,#1010,#1011));
#1003 = ORIENTED_EDGE('',*,*,#940,.F.);
#1004 = ORIENTED_EDGE('',*,*,#1005,.F.);
#1005 = EDGE_CURVE('',#829,#933,#1006,.T.);
#1006 = LINE('',#1007,#1008);
#1007 = CARTESIAN_POINT('',(-0.55,-1.E-03,0.25));
#1008 = VECTOR('',#1009,1.);
#1009 = DIRECTION('',(2.710505431214E-16,1.,4.701977403289E-32));
#1010 = ORIENTED_EDGE('',*,*,#826,.F.);
#1011 = ORIENTED_EDGE('',*,*,#1012,.T.);
#1012 = EDGE_CURVE('',#827,#941,#1013,.T.);
#1013 = LINE('',#1014,#1015);
#1014 = CARTESIAN_POINT('',(-0.55,-1.E-03,-0.25));
#1015 = VECTOR('',#1016,1.);
#1016 = DIRECTION('',(2.710505431214E-16,1.,4.701977403289E-32));
#1017 = PLANE('',#1018);
#1018 = AXIS2_PLACEMENT_3D('',#1019,#1020,#1021);
#1019 = CARTESIAN_POINT('',(-0.55,0.55,0.4));
#1020 = DIRECTION('',(-1.,0.,0.));
#1021 = DIRECTION('',(0.,0.,1.));
#1022 = ADVANCED_FACE('',(#1023),#1029,.T.);
#1023 = FACE_BOUND('',#1024,.T.);
#1024 = EDGE_LOOP('',(#1025,#1026,#1027,#1028));
#1025 = ORIENTED_EDGE('',*,*,#988,.T.);
#1026 = ORIENTED_EDGE('',*,*,#724,.T.);
#1027 = ORIENTED_EDGE('',*,*,#906,.T.);
#1028 = ORIENTED_EDGE('',*,*,#684,.T.);
#1029 = PLANE('',#1030);
#1030 = AXIS2_PLACEMENT_3D('',#1031,#1032,#1033);
#1031 = CARTESIAN_POINT('',(-0.55,2.5E-02,-1.626303258728E-16));
#1032 = DIRECTION('',(1.,0.,0.));
#1033 = DIRECTION('',(0.,0.,-1.));
#1034 = ADVANCED_FACE('',(#1035),#1046,.F.);
#1035 = FACE_BOUND('',#1036,.T.);
#1036 = EDGE_LOOP('',(#1037,#1038,#1039,#1040));
#1037 = ORIENTED_EDGE('',*,*,#867,.T.);
#1038 = ORIENTED_EDGE('',*,*,#897,.T.);
#1039 = ORIENTED_EDGE('',*,*,#956,.T.);
#1040 = ORIENTED_EDGE('',*,*,#1041,.F.);
#1041 = EDGE_CURVE('',#868,#949,#1042,.T.);
#1042 = LINE('',#1043,#1044);
#1043 = CARTESIAN_POINT('',(-0.675,-1.E-03,-0.25));
#1044 = VECTOR('',#1045,1.);
#1045 = DIRECTION('',(2.710505431214E-16,1.,4.701977403289E-32));
#1046 = PLANE('',#1047);
#1047 = AXIS2_PLACEMENT_3D('',#1048,#1049,#1050);
#1048 = CARTESIAN_POINT('',(-0.675,-1.E-03,-0.4));
#1049 = DIRECTION('',(-1.,2.710505431214E-16,0.));
#1050 = DIRECTION('',(-2.710505431214E-16,-1.,0.));
#1051 = ADVANCED_FACE('',(#1052),#1058,.F.);
#1052 = FACE_BOUND('',#1053,.T.);
#1053 = EDGE_LOOP('',(#1054,#1055,#1056,#1057));
#1054 = ORIENTED_EDGE('',*,*,#875,.T.);
#1055 = ORIENTED_EDGE('',*,*,#1041,.T.);
#1056 = ORIENTED_EDGE('',*,*,#948,.T.);
#1057 = ORIENTED_EDGE('',*,*,#1012,.F.);
#1058 = PLANE('',#1059);
#1059 = AXIS2_PLACEMENT_3D('',#1060,#1061,#1062);
#1060 = CARTESIAN_POINT('',(-0.55,-1.E-03,-0.25));
#1061 = DIRECTION('',(-4.078315292499E-47,-4.701977403289E-32,1.));
#1062 = DIRECTION('',(0.,-1.,-4.701977403289E-32));
#1063 = ADVANCED_FACE('',(#1064),#1075,.F.);
#1064 = FACE_BOUND('',#1065,.T.);
#1065 = EDGE_LOOP('',(#1066,#1067,#1068,#1069));
#1066 = ORIENTED_EDGE('',*,*,#836,.T.);
#1067 = ORIENTED_EDGE('',*,*,#1005,.T.);
#1068 = ORIENTED_EDGE('',*,*,#932,.T.);
#1069 = ORIENTED_EDGE('',*,*,#1070,.F.);
#1070 = EDGE_CURVE('',#837,#923,#1071,.T.);
#1071 = LINE('',#1072,#1073);
#1072 = CARTESIAN_POINT('',(-0.675,-1.E-03,0.25));
#1073 = VECTOR('',#1074,1.);
#1074 = DIRECTION('',(2.710505431214E-16,1.,4.701977403289E-32));
#1075 = PLANE('',#1076);
#1076 = AXIS2_PLACEMENT_3D('',#1077,#1078,#1079);
#1077 = CARTESIAN_POINT('',(-0.55,-1.E-03,0.25));
#1078 = DIRECTION('',(4.078315292499E-47,4.701977403289E-32,-1.));
#1079 = DIRECTION('',(0.,1.,4.701977403289E-32));
#1080 = ADVANCED_FACE('',(#1081),#1087,.F.);
#1081 = FACE_BOUND('',#1082,.T.);
#1082 = EDGE_LOOP('',(#1083,#1084,#1085,#1086));
#1083 = ORIENTED_EDGE('',*,*,#844,.T.);
#1084 = ORIENTED_EDGE('',*,*,#1070,.T.);
#1085 = ORIENTED_EDGE('',*,*,#922,.T.);
#1086 = ORIENTED_EDGE('',*,*,#979,.F.);
#1087 = PLANE('',#1088);
#1088 = AXIS2_PLACEMENT_3D('',#1089,#1090,#1091);
#1089 = CARTESIAN_POINT('',(-0.675,-1.E-03,0.4));
#1090 = DIRECTION('',(-1.,2.710505431214E-16,0.));
#1091 = DIRECTION('',(-2.710505431214E-16,-1.,0.));
#1092 = MANIFOLD_SOLID_BREP('',#1093);
#1093 = CLOSED_SHELL('',(#1094,#1134,#1174,#1205,#1236,#1299,#1332,#1388
    ,#1414,#1436,#1448,#1465,#1477,#1494));
#1094 = ADVANCED_FACE('',(#1095),#1129,.F.);
#1095 = FACE_BOUND('',#1096,.T.);
#1096 = EDGE_LOOP('',(#1097,#1107,#1115,#1123));
#1097 = ORIENTED_EDGE('',*,*,#1098,.T.);
#1098 = EDGE_CURVE('',#1099,#1101,#1103,.T.);
#1099 = VERTEX_POINT('',#1100);
#1100 = CARTESIAN_POINT('',(0.55,5.E-02,-0.4));
#1101 = VERTEX_POINT('',#1102);
#1102 = CARTESIAN_POINT('',(0.55,5.E-02,0.4));
#1103 = LINE('',#1104,#1105);
#1104 = CARTESIAN_POINT('',(0.55,5.E-02,-0.4));
#1105 = VECTOR('',#1106,1.);
#1106 = DIRECTION('',(2.282530889443E-16,0.,1.));
#1107 = ORIENTED_EDGE('',*,*,#1108,.F.);
#1108 = EDGE_CURVE('',#1109,#1101,#1111,.T.);
#1109 = VERTEX_POINT('',#1110);
#1110 = CARTESIAN_POINT('',(0.8,5.E-02,0.4));
#1111 = LINE('',#1112,#1113);
#1112 = CARTESIAN_POINT('',(0.8,5.E-02,0.4));
#1113 = VECTOR('',#1114,1.);
#1114 = DIRECTION('',(-1.,0.,2.282530889443E-16));
#1115 = ORIENTED_EDGE('',*,*,#1116,.T.);
#1116 = EDGE_CURVE('',#1109,#1117,#1119,.T.);
#1117 = VERTEX_POINT('',#1118);
#1118 = CARTESIAN_POINT('',(0.8,5.E-02,-0.4));
#1119 = LINE('',#1120,#1121);
#1120 = CARTESIAN_POINT('',(0.8,5.E-02,-0.4));
#1121 = VECTOR('',#1122,1.);
#1122 = DIRECTION('',(-2.282530889443E-16,0.,-1.));
#1123 = ORIENTED_EDGE('',*,*,#1124,.T.);
#1124 = EDGE_CURVE('',#1117,#1099,#1125,.T.);
#1125 = LINE('',#1126,#1127);
#1126 = CARTESIAN_POINT('',(0.8,5.E-02,-0.4));
#1127 = VECTOR('',#1128,1.);
#1128 = DIRECTION('',(-1.,0.,2.282530889443E-16));
#1129 = PLANE('',#1130);
#1130 = AXIS2_PLACEMENT_3D('',#1131,#1132,#1133);
#1131 = CARTESIAN_POINT('',(0.8,5.E-02,-0.4));
#1132 = DIRECTION('',(0.,-1.,-0.));
#1133 = DIRECTION('',(-2.282530889443E-16,0.,-1.));
#1134 = ADVANCED_FACE('',(#1135),#1169,.F.);
#1135 = FACE_BOUND('',#1136,.T.);
#1136 = EDGE_LOOP('',(#1137,#1147,#1155,#1163));
#1137 = ORIENTED_EDGE('',*,*,#1138,.T.);
#1138 = EDGE_CURVE('',#1139,#1141,#1143,.T.);
#1139 = VERTEX_POINT('',#1140);
#1140 = CARTESIAN_POINT('',(0.55,0.,0.4));
#1141 = VERTEX_POINT('',#1142);
#1142 = CARTESIAN_POINT('',(0.55,2.168404344971E-16,-0.4));
#1143 = LINE('',#1144,#1145);
#1144 = CARTESIAN_POINT('',(0.55,2.168404344971E-16,0.4));
#1145 = VECTOR('',#1146,1.);
#1146 = DIRECTION('',(-2.282530889443E-16,0.,-1.));
#1147 = ORIENTED_EDGE('',*,*,#1148,.F.);
#1148 = EDGE_CURVE('',#1149,#1141,#1151,.T.);
#1149 = VERTEX_POINT('',#1150);
#1150 = CARTESIAN_POINT('',(0.85,2.168404344971E-16,-0.4));
#1151 = LINE('',#1152,#1153);
#1152 = CARTESIAN_POINT('',(0.85,2.168404344971E-16,-0.4));
#1153 = VECTOR('',#1154,1.);
#1154 = DIRECTION('',(-1.,0.,2.282530889443E-16));
#1155 = ORIENTED_EDGE('',*,*,#1156,.T.);
#1156 = EDGE_CURVE('',#1149,#1157,#1159,.T.);
#1157 = VERTEX_POINT('',#1158);
#1158 = CARTESIAN_POINT('',(0.85,0.,0.4));
#1159 = LINE('',#1160,#1161);
#1160 = CARTESIAN_POINT('',(0.85,2.168404344971E-16,0.4));
#1161 = VECTOR('',#1162,1.);
#1162 = DIRECTION('',(2.282530889443E-16,0.,1.));
#1163 = ORIENTED_EDGE('',*,*,#1164,.T.);
#1164 = EDGE_CURVE('',#1157,#1139,#1165,.T.);
#1165 = LINE('',#1166,#1167);
#1166 = CARTESIAN_POINT('',(0.85,0.,0.4));
#1167 = VECTOR('',#1168,1.);
#1168 = DIRECTION('',(-1.,0.,2.282530889443E-16));
#1169 = PLANE('',#1170);
#1170 = AXIS2_PLACEMENT_3D('',#1171,#1172,#1173);
#1171 = CARTESIAN_POINT('',(0.85,2.168404344971E-16,0.4));
#1172 = DIRECTION('',(-0.,1.,0.));
#1173 = DIRECTION('',(2.282530889443E-16,0.,1.));
#1174 = ADVANCED_FACE('',(#1175),#1200,.T.);
#1175 = FACE_BOUND('',#1176,.T.);
#1176 = EDGE_LOOP('',(#1177,#1185,#1193,#1199));
#1177 = ORIENTED_EDGE('',*,*,#1178,.F.);
#1178 = EDGE_CURVE('',#1179,#1109,#1181,.T.);
#1179 = VERTEX_POINT('',#1180);
#1180 = CARTESIAN_POINT('',(0.8,0.5,0.4));
#1181 = LINE('',#1182,#1183);
#1182 = CARTESIAN_POINT('',(0.8,0.5,0.4));
#1183 = VECTOR('',#1184,1.);
#1184 = DIRECTION('',(-1.971276677246E-16,-1.,4.499499907454E-32));
#1185 = ORIENTED_EDGE('',*,*,#1186,.F.);
#1186 = EDGE_CURVE('',#1187,#1179,#1189,.T.);
#1187 = VERTEX_POINT('',#1188);
#1188 = CARTESIAN_POINT('',(0.8,0.5,-0.4));
#1189 = LINE('',#1190,#1191);
#1190 = CARTESIAN_POINT('',(0.8,0.5,-0.4));
#1191 = VECTOR('',#1192,1.);
#1192 = DIRECTION('',(2.282530889443E-16,0.,1.));
#1193 = ORIENTED_EDGE('',*,*,#1194,.T.);
#1194 = EDGE_CURVE('',#1187,#1117,#1195,.T.);
#1195 = LINE('',#1196,#1197);
#1196 = CARTESIAN_POINT('',(0.8,0.5,-0.4));
#1197 = VECTOR('',#1198,1.);
#1198 = DIRECTION('',(-1.971276677246E-16,-1.,4.499499907454E-32));
#1199 = ORIENTED_EDGE('',*,*,#1116,.F.);
#1200 = PLANE('',#1201);
#1201 = AXIS2_PLACEMENT_3D('',#1202,#1203,#1204);
#1202 = CARTESIAN_POINT('',(0.8,0.5,-0.4));
#1203 = DIRECTION('',(-1.,1.971276677246E-16,2.282530889443E-16));
#1204 = DIRECTION('',(1.971276677246E-16,1.,-4.499499907454E-32));
#1205 = ADVANCED_FACE('',(#1206),#1231,.T.);
#1206 = FACE_BOUND('',#1207,.T.);
#1207 = EDGE_LOOP('',(#1208,#1216,#1224,#1230));
#1208 = ORIENTED_EDGE('',*,*,#1209,.F.);
#1209 = EDGE_CURVE('',#1210,#1149,#1212,.T.);
#1210 = VERTEX_POINT('',#1211);
#1211 = CARTESIAN_POINT('',(0.85,0.55,-0.4));
#1212 = LINE('',#1213,#1214);
#1213 = CARTESIAN_POINT('',(0.85,0.55,-0.4));
#1214 = VECTOR('',#1215,1.);
#1215 = DIRECTION('',(-1.971276677246E-16,-1.,4.499499907454E-32));
#1216 = ORIENTED_EDGE('',*,*,#1217,.F.);
#1217 = EDGE_CURVE('',#1218,#1210,#1220,.T.);
#1218 = VERTEX_POINT('',#1219);
#1219 = CARTESIAN_POINT('',(0.85,0.55,0.4));
#1220 = LINE('',#1221,#1222);
#1221 = CARTESIAN_POINT('',(0.85,0.55,0.4));
#1222 = VECTOR('',#1223,1.);
#1223 = DIRECTION('',(-2.282530889443E-16,0.,-1.));
#1224 = ORIENTED_EDGE('',*,*,#1225,.T.);
#1225 = EDGE_CURVE('',#1218,#1157,#1226,.T.);
#1226 = LINE('',#1227,#1228);
#1227 = CARTESIAN_POINT('',(0.85,0.55,0.4));
#1228 = VECTOR('',#1229,1.);
#1229 = DIRECTION('',(-1.971276677246E-16,-1.,4.499499907454E-32));
#1230 = ORIENTED_EDGE('',*,*,#1156,.F.);
#1231 = PLANE('',#1232);
#1232 = AXIS2_PLACEMENT_3D('',#1233,#1234,#1235);
#1233 = CARTESIAN_POINT('',(0.85,0.55,0.4));
#1234 = DIRECTION('',(1.,-1.971276677246E-16,-2.282530889443E-16));
#1235 = DIRECTION('',(-1.971276677246E-16,-1.,4.499499907454E-32));
#1236 = ADVANCED_FACE('',(#1237),#1294,.F.);
#1237 = FACE_BOUND('',#1238,.T.);
#1238 = EDGE_LOOP('',(#1239,#1249,#1257,#1265,#1271,#1272,#1280,#1288));
#1239 = ORIENTED_EDGE('',*,*,#1240,.F.);
#1240 = EDGE_CURVE('',#1241,#1243,#1245,.T.);
#1241 = VERTEX_POINT('',#1242);
#1242 = CARTESIAN_POINT('',(0.55,0.5,-0.25));
#1243 = VERTEX_POINT('',#1244);
#1244 = CARTESIAN_POINT('',(0.55,0.5,0.25));
#1245 = LINE('',#1246,#1247);
#1246 = CARTESIAN_POINT('',(0.55,0.5,-0.4));
#1247 = VECTOR('',#1248,1.);
#1248 = DIRECTION('',(2.282530889443E-16,0.,1.));
#1249 = ORIENTED_EDGE('',*,*,#1250,.F.);
#1250 = EDGE_CURVE('',#1251,#1241,#1253,.T.);
#1251 = VERTEX_POINT('',#1252);
#1252 = CARTESIAN_POINT('',(0.675,0.5,-0.25));
#1253 = LINE('',#1254,#1255);
#1254 = CARTESIAN_POINT('',(0.55,0.5,-0.25));
#1255 = VECTOR('',#1256,1.);
#1256 = DIRECTION('',(-1.,3.614007241618E-16,-2.379017253958E-47));
#1257 = ORIENTED_EDGE('',*,*,#1258,.F.);
#1258 = EDGE_CURVE('',#1259,#1251,#1261,.T.);
#1259 = VERTEX_POINT('',#1260);
#1260 = CARTESIAN_POINT('',(0.675,0.5,-0.4));
#1261 = LINE('',#1262,#1263);
#1262 = CARTESIAN_POINT('',(0.675,0.5,-0.4));
#1263 = VECTOR('',#1264,1.);
#1264 = DIRECTION('',(2.235918471765E-47,8.249083163665E-32,1.));
#1265 = ORIENTED_EDGE('',*,*,#1266,.F.);
#1266 = EDGE_CURVE('',#1187,#1259,#1267,.T.);
#1267 = LINE('',#1268,#1269);
#1268 = CARTESIAN_POINT('',(1.626560977094,0.5,-0.4));
#1269 = VECTOR('',#1270,1.);
#1270 = DIRECTION('',(-1.,3.614007241618E-16,2.282530889443E-16));
#1271 = ORIENTED_EDGE('',*,*,#1186,.T.);
#1272 = ORIENTED_EDGE('',*,*,#1273,.T.);
#1273 = EDGE_CURVE('',#1179,#1274,#1276,.T.);
#1274 = VERTEX_POINT('',#1275);
#1275 = CARTESIAN_POINT('',(0.675,0.5,0.4));
#1276 = LINE('',#1277,#1278);
#1277 = CARTESIAN_POINT('',(1.626560977094,0.5,0.4));
#1278 = VECTOR('',#1279,1.);
#1279 = DIRECTION('',(-1.,3.614007241618E-16,2.282530889443E-16));
#1280 = ORIENTED_EDGE('',*,*,#1281,.F.);
#1281 = EDGE_CURVE('',#1282,#1274,#1284,.T.);
#1282 = VERTEX_POINT('',#1283);
#1283 = CARTESIAN_POINT('',(0.675,0.5,0.25));
#1284 = LINE('',#1285,#1286);
#1285 = CARTESIAN_POINT('',(0.675,0.5,0.4));
#1286 = VECTOR('',#1287,1.);
#1287 = DIRECTION('',(2.235918471765E-47,8.249083163665E-32,1.));
#1288 = ORIENTED_EDGE('',*,*,#1289,.F.);
#1289 = EDGE_CURVE('',#1243,#1282,#1290,.T.);
#1290 = LINE('',#1291,#1292);
#1291 = CARTESIAN_POINT('',(0.55,0.5,0.25));
#1292 = VECTOR('',#1293,1.);
#1293 = DIRECTION('',(1.,-3.614007241618E-16,2.379017253958E-47));
#1294 = PLANE('',#1295);
#1295 = AXIS2_PLACEMENT_3D('',#1296,#1297,#1298);
#1296 = CARTESIAN_POINT('',(1.626560977094,0.5,-0.4));
#1297 = DIRECTION('',(3.614007241618E-16,1.,-8.249083163665E-32));
#1298 = DIRECTION('',(1.,-3.614007241618E-16,-2.282530889443E-16));
#1299 = ADVANCED_FACE('',(#1300),#1327,.F.);
#1300 = FACE_BOUND('',#1301,.T.);
#1301 = EDGE_LOOP('',(#1302,#1303,#1311,#1317,#1318,#1319,#1325,#1326));
#1302 = ORIENTED_EDGE('',*,*,#1266,.T.);
#1303 = ORIENTED_EDGE('',*,*,#1304,.T.);
#1304 = EDGE_CURVE('',#1259,#1305,#1307,.T.);
#1305 = VERTEX_POINT('',#1306);
#1306 = CARTESIAN_POINT('',(0.675,0.55,-0.4));
#1307 = LINE('',#1308,#1309);
#1308 = CARTESIAN_POINT('',(0.675,-1.E-03,-0.4));
#1309 = VECTOR('',#1310,1.);
#1310 = DIRECTION('',(2.710505431214E-16,1.,4.701977403289E-32));
#1311 = ORIENTED_EDGE('',*,*,#1312,.F.);
#1312 = EDGE_CURVE('',#1210,#1305,#1313,.T.);
#1313 = LINE('',#1314,#1315);
#1314 = CARTESIAN_POINT('',(1.626560977094,0.55,-0.4));
#1315 = VECTOR('',#1316,1.);
#1316 = DIRECTION('',(-1.,3.614007241618E-16,2.282530889443E-16));
#1317 = ORIENTED_EDGE('',*,*,#1209,.T.);
#1318 = ORIENTED_EDGE('',*,*,#1148,.T.);
#1319 = ORIENTED_EDGE('',*,*,#1320,.T.);
#1320 = EDGE_CURVE('',#1141,#1099,#1321,.T.);
#1321 = LINE('',#1322,#1323);
#1322 = CARTESIAN_POINT('',(0.55,0.275,-0.4));
#1323 = VECTOR('',#1324,1.);
#1324 = DIRECTION('',(2.4747249491E-31,1.,1.084202172486E-15));
#1325 = ORIENTED_EDGE('',*,*,#1124,.F.);
#1326 = ORIENTED_EDGE('',*,*,#1194,.F.);
#1327 = PLANE('',#1328);
#1328 = AXIS2_PLACEMENT_3D('',#1329,#1330,#1331);
#1329 = CARTESIAN_POINT('',(1.626560977094,0.55,-0.4));
#1330 = DIRECTION('',(2.282530889443E-16,1.084202172486E-15,1.));
#1331 = DIRECTION('',(2.4747249491E-31,-1.,1.084202172486E-15));
#1332 = ADVANCED_FACE('',(#1333),#1383,.F.);
#1333 = FACE_BOUND('',#1334,.T.);
#1334 = EDGE_LOOP('',(#1335,#1343,#1351,#1359,#1367,#1375,#1381,#1382));
#1335 = ORIENTED_EDGE('',*,*,#1336,.F.);
#1336 = EDGE_CURVE('',#1337,#1305,#1339,.T.);
#1337 = VERTEX_POINT('',#1338);
#1338 = CARTESIAN_POINT('',(0.675,0.55,-0.25));
#1339 = LINE('',#1340,#1341);
#1340 = CARTESIAN_POINT('',(0.675,0.55,-0.4));
#1341 = VECTOR('',#1342,1.);
#1342 = DIRECTION('',(-0.,-0.,-1.));
#1343 = ORIENTED_EDGE('',*,*,#1344,.F.);
#1344 = EDGE_CURVE('',#1345,#1337,#1347,.T.);
#1345 = VERTEX_POINT('',#1346);
#1346 = CARTESIAN_POINT('',(0.55,0.55,-0.25));
#1347 = LINE('',#1348,#1349);
#1348 = CARTESIAN_POINT('',(0.55,0.55,-0.25));
#1349 = VECTOR('',#1350,1.);
#1350 = DIRECTION('',(1.,-8.673617379884E-16,0.));
#1351 = ORIENTED_EDGE('',*,*,#1352,.F.);
#1352 = EDGE_CURVE('',#1353,#1345,#1355,.T.);
#1353 = VERTEX_POINT('',#1354);
#1354 = CARTESIAN_POINT('',(0.55,0.55,0.25));
#1355 = LINE('',#1356,#1357);
#1356 = CARTESIAN_POINT('',(0.55,0.55,0.4));
#1357 = VECTOR('',#1358,1.);
#1358 = DIRECTION('',(-2.282530889443E-16,0.,-1.));
#1359 = ORIENTED_EDGE('',*,*,#1360,.F.);
#1360 = EDGE_CURVE('',#1361,#1353,#1363,.T.);
#1361 = VERTEX_POINT('',#1362);
#1362 = CARTESIAN_POINT('',(0.675,0.55,0.25));
#1363 = LINE('',#1364,#1365);
#1364 = CARTESIAN_POINT('',(0.55,0.55,0.25));
#1365 = VECTOR('',#1366,1.);
#1366 = DIRECTION('',(-1.,8.673617379884E-16,-0.));
#1367 = ORIENTED_EDGE('',*,*,#1368,.F.);
#1368 = EDGE_CURVE('',#1369,#1361,#1371,.T.);
#1369 = VERTEX_POINT('',#1370);
#1370 = CARTESIAN_POINT('',(0.675,0.55,0.4));
#1371 = LINE('',#1372,#1373);
#1372 = CARTESIAN_POINT('',(0.675,0.55,0.4));
#1373 = VECTOR('',#1374,1.);
#1374 = DIRECTION('',(0.,0.,-1.));
#1375 = ORIENTED_EDGE('',*,*,#1376,.F.);
#1376 = EDGE_CURVE('',#1218,#1369,#1377,.T.);
#1377 = LINE('',#1378,#1379);
#1378 = CARTESIAN_POINT('',(1.626560977094,0.55,0.4));
#1379 = VECTOR('',#1380,1.);
#1380 = DIRECTION('',(-1.,3.614007241618E-16,2.282530889443E-16));
#1381 = ORIENTED_EDGE('',*,*,#1217,.T.);
#1382 = ORIENTED_EDGE('',*,*,#1312,.T.);
#1383 = PLANE('',#1384);
#1384 = AXIS2_PLACEMENT_3D('',#1385,#1386,#1387);
#1385 = CARTESIAN_POINT('',(1.626560977094,0.55,0.4));
#1386 = DIRECTION('',(-3.614007241618E-16,-1.,8.249083163665E-32));
#1387 = DIRECTION('',(-1.,3.614007241618E-16,2.282530889443E-16));
#1388 = ADVANCED_FACE('',(#1389),#1409,.F.);
#1389 = FACE_BOUND('',#1390,.T.);
#1390 = EDGE_LOOP('',(#1391,#1392,#1398,#1399,#1400,#1401,#1407,#1408));
#1391 = ORIENTED_EDGE('',*,*,#1376,.T.);
#1392 = ORIENTED_EDGE('',*,*,#1393,.F.);
#1393 = EDGE_CURVE('',#1274,#1369,#1394,.T.);
#1394 = LINE('',#1395,#1396);
#1395 = CARTESIAN_POINT('',(0.675,-1.E-03,0.4));
#1396 = VECTOR('',#1397,1.);
#1397 = DIRECTION('',(2.710505431214E-16,1.,4.701977403289E-32));
#1398 = ORIENTED_EDGE('',*,*,#1273,.F.);
#1399 = ORIENTED_EDGE('',*,*,#1178,.T.);
#1400 = ORIENTED_EDGE('',*,*,#1108,.T.);
#1401 = ORIENTED_EDGE('',*,*,#1402,.T.);
#1402 = EDGE_CURVE('',#1101,#1139,#1403,.T.);
#1403 = LINE('',#1404,#1405);
#1404 = CARTESIAN_POINT('',(0.55,0.275,0.4));
#1405 = VECTOR('',#1406,1.);
#1406 = DIRECTION('',(0.,-1.,0.));
#1407 = ORIENTED_EDGE('',*,*,#1164,.F.);
#1408 = ORIENTED_EDGE('',*,*,#1225,.F.);
#1409 = PLANE('',#1410);
#1410 = AXIS2_PLACEMENT_3D('',#1411,#1412,#1413);
#1411 = CARTESIAN_POINT('',(1.626560977094,0.5,0.4));
#1412 = DIRECTION('',(-2.282530889443E-16,0.,-1.));
#1413 = DIRECTION('',(1.,0.,-2.282530889443E-16));
#1414 = ADVANCED_FACE('',(#1415),#1431,.F.);
#1415 = FACE_BOUND('',#1416,.T.);
#1416 = EDGE_LOOP('',(#1417,#1418,#1424,#1425));
#1417 = ORIENTED_EDGE('',*,*,#1352,.T.);
#1418 = ORIENTED_EDGE('',*,*,#1419,.F.);
#1419 = EDGE_CURVE('',#1241,#1345,#1420,.T.);
#1420 = LINE('',#1421,#1422);
#1421 = CARTESIAN_POINT('',(0.55,-1.E-03,-0.25));
#1422 = VECTOR('',#1423,1.);
#1423 = DIRECTION('',(2.710505431214E-16,1.,4.701977403289E-32));
#1424 = ORIENTED_EDGE('',*,*,#1240,.T.);
#1425 = ORIENTED_EDGE('',*,*,#1426,.T.);
#1426 = EDGE_CURVE('',#1243,#1353,#1427,.T.);
#1427 = LINE('',#1428,#1429);
#1428 = CARTESIAN_POINT('',(0.55,-1.E-03,0.25));
#1429 = VECTOR('',#1430,1.);
#1430 = DIRECTION('',(2.710505431214E-16,1.,4.701977403289E-32));
#1431 = PLANE('',#1432);
#1432 = AXIS2_PLACEMENT_3D('',#1433,#1434,#1435);
#1433 = CARTESIAN_POINT('',(0.55,0.55,0.4));
#1434 = DIRECTION('',(1.,0.,-2.282530889443E-16));
#1435 = DIRECTION('',(2.282530889443E-16,0.,1.));
#1436 = ADVANCED_FACE('',(#1437),#1443,.T.);
#1437 = FACE_BOUND('',#1438,.T.);
#1438 = EDGE_LOOP('',(#1439,#1440,#1441,#1442));
#1439 = ORIENTED_EDGE('',*,*,#1402,.F.);
#1440 = ORIENTED_EDGE('',*,*,#1098,.F.);
#1441 = ORIENTED_EDGE('',*,*,#1320,.F.);
#1442 = ORIENTED_EDGE('',*,*,#1138,.F.);
#1443 = PLANE('',#1444);
#1444 = AXIS2_PLACEMENT_3D('',#1445,#1446,#1447);
#1445 = CARTESIAN_POINT('',(0.55,2.5E-02,-2.881695247922E-16));
#1446 = DIRECTION('',(-1.,0.,2.282530889443E-16));
#1447 = DIRECTION('',(-2.282530889443E-16,0.,-1.));
#1448 = ADVANCED_FACE('',(#1449),#1460,.F.);
#1449 = FACE_BOUND('',#1450,.T.);
#1450 = EDGE_LOOP('',(#1451,#1452,#1453,#1454));
#1451 = ORIENTED_EDGE('',*,*,#1281,.T.);
#1452 = ORIENTED_EDGE('',*,*,#1393,.T.);
#1453 = ORIENTED_EDGE('',*,*,#1368,.T.);
#1454 = ORIENTED_EDGE('',*,*,#1455,.F.);
#1455 = EDGE_CURVE('',#1282,#1361,#1456,.T.);
#1456 = LINE('',#1457,#1458);
#1457 = CARTESIAN_POINT('',(0.675,-1.E-03,0.25));
#1458 = VECTOR('',#1459,1.);
#1459 = DIRECTION('',(2.710505431214E-16,1.,4.701977403289E-32));
#1460 = PLANE('',#1461);
#1461 = AXIS2_PLACEMENT_3D('',#1462,#1463,#1464);
#1462 = CARTESIAN_POINT('',(0.675,-1.E-03,0.4));
#1463 = DIRECTION('',(1.,-2.710505431214E-16,0.));
#1464 = DIRECTION('',(2.710505431214E-16,1.,0.));
#1465 = ADVANCED_FACE('',(#1466),#1472,.F.);
#1466 = FACE_BOUND('',#1467,.T.);
#1467 = EDGE_LOOP('',(#1468,#1469,#1470,#1471));
#1468 = ORIENTED_EDGE('',*,*,#1289,.T.);
#1469 = ORIENTED_EDGE('',*,*,#1455,.T.);
#1470 = ORIENTED_EDGE('',*,*,#1360,.T.);
#1471 = ORIENTED_EDGE('',*,*,#1426,.F.);
#1472 = PLANE('',#1473);
#1473 = AXIS2_PLACEMENT_3D('',#1474,#1475,#1476);
#1474 = CARTESIAN_POINT('',(0.55,-1.E-03,0.25));
#1475 = DIRECTION('',(4.078315292499E-47,4.701977403289E-32,-1.));
#1476 = DIRECTION('',(0.,1.,4.701977403289E-32));
#1477 = ADVANCED_FACE('',(#1478),#1489,.F.);
#1478 = FACE_BOUND('',#1479,.T.);
#1479 = EDGE_LOOP('',(#1480,#1481,#1482,#1483));
#1480 = ORIENTED_EDGE('',*,*,#1250,.T.);
#1481 = ORIENTED_EDGE('',*,*,#1419,.T.);
#1482 = ORIENTED_EDGE('',*,*,#1344,.T.);
#1483 = ORIENTED_EDGE('',*,*,#1484,.F.);
#1484 = EDGE_CURVE('',#1251,#1337,#1485,.T.);
#1485 = LINE('',#1486,#1487);
#1486 = CARTESIAN_POINT('',(0.675,-1.E-03,-0.25));
#1487 = VECTOR('',#1488,1.);
#1488 = DIRECTION('',(2.710505431214E-16,1.,4.701977403289E-32));
#1489 = PLANE('',#1490);
#1490 = AXIS2_PLACEMENT_3D('',#1491,#1492,#1493);
#1491 = CARTESIAN_POINT('',(0.55,-1.E-03,-0.25));
#1492 = DIRECTION('',(-4.078315292499E-47,-4.701977403289E-32,1.));
#1493 = DIRECTION('',(0.,-1.,-4.701977403289E-32));
#1494 = ADVANCED_FACE('',(#1495),#1501,.F.);
#1495 = FACE_BOUND('',#1496,.T.);
#1496 = EDGE_LOOP('',(#1497,#1498,#1499,#1500));
#1497 = ORIENTED_EDGE('',*,*,#1258,.T.);
#1498 = ORIENTED_EDGE('',*,*,#1484,.T.);
#1499 = ORIENTED_EDGE('',*,*,#1336,.T.);
#1500 = ORIENTED_EDGE('',*,*,#1304,.F.);
#1501 = PLANE('',#1502);
#1502 = AXIS2_PLACEMENT_3D('',#1503,#1504,#1505);
#1503 = CARTESIAN_POINT('',(0.675,-1.E-03,-0.4));
#1504 = DIRECTION('',(1.,-2.710505431214E-16,0.));
#1505 = DIRECTION('',(2.710505431214E-16,1.,0.));
#1506 = MANIFOLD_SOLID_BREP('',#1507);
#1507 = CLOSED_SHELL('',(#1508,#2230,#2261,#2292,#2314,#2326,#2338,#2596
    ,#2668,#2735,#2802,#2864,#2957,#3043,#3105,#3155,#3234,#3247,#3471,
    #3493,#3536,#3579,#3622,#3673,#3696,#3713,#3725,#3806,#3880,#3954,
    #4021,#4033,#4291,#4363,#4430,#4497,#4559,#4652,#4738,#4800,#4850,
    #4929,#4942,#5011,#5085,#5147,#5171,#5245,#5319,#5369,#5419,#5443,
    #5517,#5579,#5629,#5667,#5717,#5779,#5853,#5870));
#1508 = ADVANCED_FACE('',(#1509,#1811,#1941,#2071,#2105),#2225,.F.);
#1509 = FACE_BOUND('',#1510,.T.);
#1510 = EDGE_LOOP('',(#1511,#1537,#1557,#1565,#1589,#1609,#1625,#1637,
    #1653,#1673,#1697,#1705,#1721,#1737,#1761,#1785,#1793));
#1511 = ORIENTED_EDGE('',*,*,#1512,.T.);
#1512 = EDGE_CURVE('',#1513,#1515,#1517,.T.);
#1513 = VERTEX_POINT('',#1514);
#1514 = CARTESIAN_POINT('',(0.478273426848,0.55,-0.106928921418));
#1515 = VERTEX_POINT('',#1516);
#1516 = CARTESIAN_POINT('',(0.407880798643,0.55,-0.161826757956));
#1517 = B_SPLINE_CURVE_WITH_KNOTS('',3,(#1518,#1519,#1520,#1521,#1522,
    #1523,#1524,#1525,#1526,#1527,#1528,#1529,#1530,#1531,#1532,#1533,
    #1534,#1535,#1536),.UNSPECIFIED.,.F.,.F.,(4,1,1,1,1,1,1,1,1,1,1,1,1,
    1,1,1,4),(0.,5.527454908753E-02,0.109966093882,0.163247442852,
    0.218076185482,0.273300874374,0.330909300011,0.390994523365,
    0.454175953431,0.518861540849,0.583310532011,0.648516681864,
    0.715030887097,0.782502072854,0.852322685077,0.924928489784,1.),
  .UNSPECIFIED.);
#1518 = CARTESIAN_POINT('',(0.478273426848,0.55,-0.106928921418));
#1519 = CARTESIAN_POINT('',(0.478231985752,0.55,-0.108756695932));
#1520 = CARTESIAN_POINT('',(0.478149540656,0.55,-0.112392966641));
#1521 = CARTESIAN_POINT('',(0.477109812878,0.55,-0.11770547351));
#1522 = CARTESIAN_POINT('',(0.47554740878,0.55,-0.122855568103));
#1523 = CARTESIAN_POINT('',(0.473399435849,0.55,-0.127821349128));
#1524 = CARTESIAN_POINT('',(0.470524415978,0.55,-0.132568376518));
#1525 = CARTESIAN_POINT('',(0.467083817326,0.55,-0.137137121412));
#1526 = CARTESIAN_POINT('',(0.462987007298,0.55,-0.141501499313));
#1527 = CARTESIAN_POINT('',(0.458292462597,0.55,-0.145569531268));
#1528 = CARTESIAN_POINT('',(0.4532512821,0.55,-0.149446454985));
#1529 = CARTESIAN_POINT('',(0.447726304595,0.55,-0.152737818683));
#1530 = CARTESIAN_POINT('',(0.441884117124,0.55,-0.15555232489));
#1531 = CARTESIAN_POINT('',(0.435718251639,0.55,-0.157873275101));
#1532 = CARTESIAN_POINT('',(0.429208698607,0.55,-0.159619203922));
#1533 = CARTESIAN_POINT('',(0.422386042842,0.55,-0.160872788062));
#1534 = CARTESIAN_POINT('',(0.41523727449,0.55,-0.161656553536));
#1535 = CARTESIAN_POINT('',(0.41036010129,0.55,-0.161769395126));
#1536 = CARTESIAN_POINT('',(0.407880798643,0.55,-0.161826757956));
#1537 = ORIENTED_EDGE('',*,*,#1538,.T.);
#1538 = EDGE_CURVE('',#1515,#1539,#1541,.T.);
#1539 = VERTEX_POINT('',#1540);
#1540 = CARTESIAN_POINT('',(0.334683683258,0.55,-0.10798060411));
#1541 = B_SPLINE_CURVE_WITH_KNOTS('',3,(#1542,#1543,#1544,#1545,#1546,
    #1547,#1548,#1549,#1550,#1551,#1552,#1553,#1554,#1555,#1556),
  .UNSPECIFIED.,.F.,.F.,(4,1,1,1,1,1,1,1,1,1,1,1,4),(0.,0.122711942366,
    0.239684964017,0.351815855256,0.463766132862,0.520817793161,
    0.579448291448,0.64060414512,0.705297511806,0.773633880713,
    0.844669381886,0.920056508021,1.),.UNSPECIFIED.);
#1542 = CARTESIAN_POINT('',(0.407880798643,0.55,-0.161826757956));
#1543 = CARTESIAN_POINT('',(0.403895631842,0.55,-0.161687621756));
#1544 = CARTESIAN_POINT('',(0.396111674204,0.55,-0.161415856396));
#1545 = CARTESIAN_POINT('',(0.384890182513,0.55,-0.159035555051));
#1546 = CARTESIAN_POINT('',(0.374458249113,0.55,-0.155237746702));
#1547 = CARTESIAN_POINT('',(0.366484382454,0.55,-0.150704444758));
#1548 = CARTESIAN_POINT('',(0.360596125038,0.55,-0.146229401373));
#1549 = CARTESIAN_POINT('',(0.356388431218,0.55,-0.142321162736));
#1550 = CARTESIAN_POINT('',(0.352256380178,0.55,-0.13797788037));
#1551 = CARTESIAN_POINT('',(0.348471812493,0.55,-0.132932042842));
#1552 = CARTESIAN_POINT('',(0.344644414825,0.55,-0.127525363823));
#1553 = CARTESIAN_POINT('',(0.341159958672,0.55,-0.121482995669));
#1554 = CARTESIAN_POINT('',(0.337773989447,0.55,-0.114962556239));
#1555 = CARTESIAN_POINT('',(0.335733734485,0.55,-0.110352992784));
#1556 = CARTESIAN_POINT('',(0.334683683258,0.55,-0.10798060411));
#1557 = ORIENTED_EDGE('',*,*,#1558,.T.);
#1558 = EDGE_CURVE('',#1539,#1559,#1561,.T.);
#1559 = VERTEX_POINT('',#1560);
#1560 = CARTESIAN_POINT('',(0.303273426848,0.55,-0.10798060411));
#1561 = LINE('',#1562,#1563);
#1562 = CARTESIAN_POINT('',(0.334683683258,0.55,-0.10798060411));
#1563 = VECTOR('',#1564,1.);
#1564 = DIRECTION('',(-1.,0.,0.));
#1565 = ORIENTED_EDGE('',*,*,#1566,.T.);
#1566 = EDGE_CURVE('',#1559,#1567,#1569,.T.);
#1567 = VERTEX_POINT('',#1568);
#1568 = CARTESIAN_POINT('',(0.407460125566,0.55,-0.197724193853));
#1569 = B_SPLINE_CURVE_WITH_KNOTS('',3,(#1570,#1571,#1572,#1573,#1574,
    #1575,#1576,#1577,#1578,#1579,#1580,#1581,#1582,#1583,#1584,#1585,
    #1586,#1587,#1588),.UNSPECIFIED.,.F.,.F.,(4,1,1,1,1,1,1,1,1,1,1,1,1,
    1,1,1,4),(0.,7.262534608344E-02,0.141976611326,0.208984928419,
    0.273956870364,0.336889347397,0.398744953495,0.460115885279,
    0.52082492259,0.580994458632,0.640151927601,0.698622450756,
    0.757271080927,0.816426694005,0.876254048203,0.937165293063,1.),
  .UNSPECIFIED.);
#1570 = CARTESIAN_POINT('',(0.303273426848,0.55,-0.10798060411));
#1571 = CARTESIAN_POINT('',(0.304124381916,0.55,-0.111503852507));
#1572 = CARTESIAN_POINT('',(0.305787929472,0.55,-0.118391514946));
#1573 = CARTESIAN_POINT('',(0.309257686819,0.55,-0.128232241031));
#1574 = CARTESIAN_POINT('',(0.313037612338,0.55,-0.13754459317));
#1575 = CARTESIAN_POINT('',(0.317576522795,0.55,-0.14615420054));
#1576 = CARTESIAN_POINT('',(0.322527398217,0.55,-0.154234090813));
#1577 = CARTESIAN_POINT('',(0.328199670371,0.55,-0.16160100326));
#1578 = CARTESIAN_POINT('',(0.334331642627,0.55,-0.168442299807));
#1579 = CARTESIAN_POINT('',(0.341114137557,0.55,-0.174513623562));
#1580 = CARTESIAN_POINT('',(0.348227003722,0.55,-0.180011396483));
#1581 = CARTESIAN_POINT('',(0.355770465697,0.55,-0.184698902217));
#1582 = CARTESIAN_POINT('',(0.363592755064,0.55,-0.188731317504));
#1583 = CARTESIAN_POINT('',(0.371748068359,0.55,-0.192053340691));
#1584 = CARTESIAN_POINT('',(0.380260685528,0.55,-0.194555893058));
#1585 = CARTESIAN_POINT('',(0.38905364786,0.55,-0.196371573617));
#1586 = CARTESIAN_POINT('',(0.398149997871,0.55,-0.197550685038));
#1587 = CARTESIAN_POINT('',(0.404324756931,0.55,-0.197665761347));
#1588 = CARTESIAN_POINT('',(0.407460125566,0.55,-0.197724193853));
#1589 = ORIENTED_EDGE('',*,*,#1590,.T.);
#1590 = EDGE_CURVE('',#1567,#1591,#1593,.T.);
#1591 = VERTEX_POINT('',#1592);
#1592 = CARTESIAN_POINT('',(0.509683683258,0.55,-0.106788697059));
#1593 = B_SPLINE_CURVE_WITH_KNOTS('',3,(#1594,#1595,#1596,#1597,#1598,
    #1599,#1600,#1601,#1602,#1603,#1604,#1605,#1606,#1607,#1608),
  .UNSPECIFIED.,.F.,.F.,(4,1,1,1,1,1,1,1,1,1,1,1,4),(0.,
    9.025424934268E-02,0.178539791529,0.266093033854,0.354630977957,
    0.441886153351,0.525746915164,0.608113633604,0.690197272828,
    0.77082148433,0.848326181255,0.924011740025,1.),.UNSPECIFIED.);
#1594 = CARTESIAN_POINT('',(0.407460125566,0.55,-0.197724193853));
#1595 = CARTESIAN_POINT('',(0.412028399773,0.55,-0.197586270829));
#1596 = CARTESIAN_POINT('',(0.421065300868,0.55,-0.197313433281));
#1597 = CARTESIAN_POINT('',(0.434341605563,0.55,-0.194821989634));
#1598 = CARTESIAN_POINT('',(0.447144287473,0.55,-0.190879476398));
#1599 = CARTESIAN_POINT('',(0.459333212255,0.55,-0.185432103684));
#1600 = CARTESIAN_POINT('',(0.470655055514,0.55,-0.178713372368));
#1601 = CARTESIAN_POINT('',(0.480728674189,0.55,-0.170716898679));
#1602 = CARTESIAN_POINT('',(0.489417525269,0.55,-0.16159696853));
#1603 = CARTESIAN_POINT('',(0.496706963035,0.55,-0.151523712098));
#1604 = CARTESIAN_POINT('',(0.502414462941,0.55,-0.140758161159));
#1605 = CARTESIAN_POINT('',(0.506623100289,0.55,-0.129678145445));
#1606 = CARTESIAN_POINT('',(0.509185268389,0.55,-0.118309948306));
#1607 = CARTESIAN_POINT('',(0.50951732407,0.55,-0.110634220388));
#1608 = CARTESIAN_POINT('',(0.509683683258,0.55,-0.106788697059));
#1609 = ORIENTED_EDGE('',*,*,#1610,.T.);
#1610 = EDGE_CURVE('',#1591,#1611,#1613,.T.);
#1611 = VERTEX_POINT('',#1612);
#1612 = CARTESIAN_POINT('',(0.468808282617,0.55,-3.478348872524E-02));
#1613 = B_SPLINE_CURVE_WITH_KNOTS('',3,(#1614,#1615,#1616,#1617,#1618,
    #1619,#1620,#1621,#1622,#1623,#1624),.UNSPECIFIED.,.F.,.F.,(4,1,1,1,
    1,1,1,1,4),(0.,0.128067548596,0.250608318868,0.370630165915,
    0.49007224673,0.610374764155,0.734313069912,0.863216504245,1.),
  .UNSPECIFIED.);
#1614 = CARTESIAN_POINT('',(0.509683683258,0.55,-0.106788697059));
#1615 = CARTESIAN_POINT('',(0.509567324153,0.55,-0.103088017588));
#1616 = CARTESIAN_POINT('',(0.509339627442,0.55,-9.58463621417E-02));
#1617 = CARTESIAN_POINT('',(0.507406256886,0.55,-8.527421242788E-02));
#1618 = CARTESIAN_POINT('',(0.504152630598,0.55,-7.531005239966E-02));
#1619 = CARTESIAN_POINT('',(0.499645654341,0.55,-6.591193618731E-02));
#1620 = CARTESIAN_POINT('',(0.493811499317,0.55,-5.7139452205E-02));
#1621 = CARTESIAN_POINT('',(0.486744229628,0.55,-4.897286311895E-02));
#1622 = CARTESIAN_POINT('',(0.47839396345,0.55,-4.137594730613E-02));
#1623 = CARTESIAN_POINT('',(0.472066069648,0.55,-3.702400000858E-02));
#1624 = CARTESIAN_POINT('',(0.468808282617,0.55,-3.478348872524E-02));
#1625 = ORIENTED_EDGE('',*,*,#1626,.T.);
#1626 = EDGE_CURVE('',#1611,#1627,#1629,.T.);
#1627 = VERTEX_POINT('',#1628);
#1628 = CARTESIAN_POINT('',(0.50673897172,0.55,-4.915700263697E-03));
#1629 = B_SPLINE_CURVE_WITH_KNOTS('',3,(#1630,#1631,#1632,#1633,#1634,
    #1635,#1636),.UNSPECIFIED.,.F.,.F.,(4,1,1,1,4),(0.,0.253879600327,
    0.503008917278,0.75029108069,1.),.UNSPECIFIED.);
#1630 = CARTESIAN_POINT('',(0.468808282617,0.55,-3.478348872524E-02));
#1631 = CARTESIAN_POINT('',(0.472531458074,0.55,-3.298567157109E-02));
#1632 = CARTESIAN_POINT('',(0.479908145501,0.55,-2.942367581007E-02));
#1633 = CARTESIAN_POINT('',(0.489963198454,0.55,-2.243810005834E-02));
#1634 = CARTESIAN_POINT('',(0.49909098599,0.55,-1.437246532295E-02));
#1635 = CARTESIAN_POINT('',(0.504181357891,0.55,-8.078200031596E-03));
#1636 = CARTESIAN_POINT('',(0.50673897172,0.55,-4.915700263697E-03));
#1637 = ORIENTED_EDGE('',*,*,#1638,.T.);
#1638 = EDGE_CURVE('',#1627,#1639,#1641,.T.);
#1639 = VERTEX_POINT('',#1640);
#1640 = CARTESIAN_POINT('',(0.527632401207,0.55,5.727380294143E-02));
#1641 = B_SPLINE_CURVE_WITH_KNOTS('',3,(#1642,#1643,#1644,#1645,#1646,
    #1647,#1648,#1649,#1650,#1651,#1652),.UNSPECIFIED.,.F.,.F.,(4,1,1,1,
    1,1,1,1,4),(0.,0.128135509797,0.254172711902,0.378111645139,
    0.501712263007,0.623986309368,0.747095613618,0.87287463665,1.),
  .UNSPECIFIED.);
#1642 = CARTESIAN_POINT('',(0.50673897172,0.55,-4.915700263697E-03));
#1643 = CARTESIAN_POINT('',(0.508423105955,0.55,-2.609925102831E-03));
#1644 = CARTESIAN_POINT('',(0.511763795561,0.55,1.963866554147E-03));
#1645 = CARTESIAN_POINT('',(0.515887348937,0.55,9.317509142551E-03));
#1646 = CARTESIAN_POINT('',(0.519628260367,0.55,1.675265807076E-02));
#1647 = CARTESIAN_POINT('',(0.5225432823,0.55,2.446859867336E-02));
#1648 = CARTESIAN_POINT('',(0.524800668983,0.55,3.237590004318E-02));
#1649 = CARTESIAN_POINT('',(0.526414272207,0.55,4.048813964901E-02));
#1650 = CARTESIAN_POINT('',(0.527416686296,0.55,4.881194189145E-02));
#1651 = CARTESIAN_POINT('',(0.527560241497,0.55,5.444318991349E-02));
#1652 = CARTESIAN_POINT('',(0.527632401207,0.55,5.727380294143E-02));
#1653 = ORIENTED_EDGE('',*,*,#1654,.T.);
#1654 = EDGE_CURVE('',#1639,#1655,#1657,.T.);
#1655 = VERTEX_POINT('',#1656);
#1656 = CARTESIAN_POINT('',(0.406548667233,0.55,0.170224524095));
#1657 = B_SPLINE_CURVE_WITH_KNOTS('',3,(#1658,#1659,#1660,#1661,#1662,
    #1663,#1664,#1665,#1666,#1667,#1668,#1669,#1670,#1671,#1672),
  .UNSPECIFIED.,.F.,.F.,(4,1,1,1,1,1,1,1,1,1,1,1,4),(0.,
    7.964825118023E-02,0.158921676418,0.239619494737,0.322609429819,
    0.406034636618,0.487602095492,0.569684626596,0.653036145009,
    0.737435717722,0.822477815856,0.909747655118,1.),.UNSPECIFIED.);
#1658 = CARTESIAN_POINT('',(0.527632401207,0.55,5.727380294143E-02));
#1659 = CARTESIAN_POINT('',(0.527452949855,0.55,6.217477506016E-02));
#1660 = CARTESIAN_POINT('',(0.527094891652,0.55,7.195365524453E-02));
#1661 = CARTESIAN_POINT('',(0.523894484221,0.55,8.640112740787E-02));
#1662 = CARTESIAN_POINT('',(0.518933160152,0.55,0.100523677635));
#1663 = CARTESIAN_POINT('',(0.511887466555,0.55,0.11403116156));
#1664 = CARTESIAN_POINT('',(0.503300715672,0.55,0.12666919966));
#1665 = CARTESIAN_POINT('',(0.493084983255,0.55,0.137976830564));
#1666 = CARTESIAN_POINT('',(0.481356342414,0.55,0.147696690997));
#1667 = CARTESIAN_POINT('',(0.468275777529,0.55,0.155817713803));
#1668 = CARTESIAN_POINT('',(0.45410406468,0.55,0.162309506022));
#1669 = CARTESIAN_POINT('',(0.43894650548,0.55,0.166815250307));
#1670 = CARTESIAN_POINT('',(0.423021500084,0.55,0.169749850274));
#1671 = CARTESIAN_POINT('',(0.412100770329,0.55,0.170064537163));
#1672 = CARTESIAN_POINT('',(0.406548667233,0.55,0.170224524095));
#1673 = ORIENTED_EDGE('',*,*,#1674,.T.);
#1674 = EDGE_CURVE('',#1655,#1675,#1677,.T.);
#1675 = VERTEX_POINT('',#1676);
#1676 = CARTESIAN_POINT('',(0.289811888386,0.55,6.701939589015E-02));
#1677 = B_SPLINE_CURVE_WITH_KNOTS('',3,(#1678,#1679,#1680,#1681,#1682,
    #1683,#1684,#1685,#1686,#1687,#1688,#1689,#1690,#1691,#1692,#1693,
    #1694,#1695,#1696),.UNSPECIFIED.,.F.,.F.,(4,1,1,1,1,1,1,1,1,1,1,1,1,
    1,1,1,4),(0.,6.55411703374E-02,0.128963167783,0.190377136189,
    0.250092361669,0.308548432459,0.366397963055,0.424542189267,
    0.483169996423,0.542243399831,0.601739352017,0.66250600225,
    0.724855513449,0.789127829281,0.856346399879,0.926295234987,1.),
  .UNSPECIFIED.);
#1678 = CARTESIAN_POINT('',(0.406548667233,0.55,0.170224524095));
#1679 = CARTESIAN_POINT('',(0.402806737204,0.55,0.170137702769));
#1680 = CARTESIAN_POINT('',(0.395443866697,0.55,0.169966867352));
#1681 = CARTESIAN_POINT('',(0.384619516859,0.55,0.168799007232));
#1682 = CARTESIAN_POINT('',(0.374287346922,0.55,0.166666006708));
#1683 = CARTESIAN_POINT('',(0.364433387136,0.55,0.163795676172));
#1684 = CARTESIAN_POINT('',(0.355048883497,0.55,0.160156501964));
#1685 = CARTESIAN_POINT('',(0.346162472979,0.55,0.155624632161));
#1686 = CARTESIAN_POINT('',(0.337719483627,0.55,0.150293481956));
#1687 = CARTESIAN_POINT('',(0.329799588513,0.55,0.144100123176));
#1688 = CARTESIAN_POINT('',(0.322403731742,0.55,0.1371719892));
#1689 = CARTESIAN_POINT('',(0.315728459319,0.55,0.129386088203));
#1690 = CARTESIAN_POINT('',(0.309662480025,0.55,0.120886347811));
#1691 = CARTESIAN_POINT('',(0.304368216154,0.55,0.111574042191));
#1692 = CARTESIAN_POINT('',(0.299604520892,0.55,0.101569516463));
#1693 = CARTESIAN_POINT('',(0.295686425228,0.55,9.074466662527E-02));
#1694 = CARTESIAN_POINT('',(0.292237868364,0.55,7.919626442637E-02));
#1695 = CARTESIAN_POINT('',(0.290634521939,0.55,7.114849040879E-02));
#1696 = CARTESIAN_POINT('',(0.289811888386,0.55,6.701939589015E-02));
#1697 = ORIENTED_EDGE('',*,*,#1698,.T.);
#1698 = EDGE_CURVE('',#1675,#1699,#1701,.T.);
#1699 = VERTEX_POINT('',#1700);
#1700 = CARTESIAN_POINT('',(0.321222144797,0.55,6.701939589015E-02));
#1701 = LINE('',#1702,#1703);
#1702 = CARTESIAN_POINT('',(0.289811888386,0.55,6.701939589015E-02));
#1703 = VECTOR('',#1704,1.);
#1704 = DIRECTION('',(1.,0.,0.));
#1705 = ORIENTED_EDGE('',*,*,#1706,.T.);
#1706 = EDGE_CURVE('',#1699,#1707,#1709,.T.);
#1707 = VERTEX_POINT('',#1708);
#1708 = CARTESIAN_POINT('',(0.348636006976,0.55,0.115396799736));
#1709 = B_SPLINE_CURVE_WITH_KNOTS('',3,(#1710,#1711,#1712,#1713,#1714,
    #1715,#1716,#1717,#1718,#1719,#1720),.UNSPECIFIED.,.F.,.F.,(4,1,1,1,
    1,1,1,1,4),(0.,0.149770386032,0.291316409995,0.425966373105,
    0.55215957397,0.671527413524,0.786121628692,0.89532507307,1.),
  .UNSPECIFIED.);
#1710 = CARTESIAN_POINT('',(0.321222144797,0.55,6.701939589015E-02));
#1711 = CARTESIAN_POINT('',(0.322040473941,0.55,6.971429721701E-02));
#1712 = CARTESIAN_POINT('',(0.323632195206,0.55,7.495611437882E-02));
#1713 = CARTESIAN_POINT('',(0.32634162501,0.55,8.250014494631E-02));
#1714 = CARTESIAN_POINT('',(0.329428452217,0.55,8.941595026879E-02));
#1715 = CARTESIAN_POINT('',(0.332739908081,0.55,9.575426246659E-02));
#1716 = CARTESIAN_POINT('',(0.336217752683,0.55,0.101577502713));
#1717 = CARTESIAN_POINT('',(0.340109245197,0.55,0.106731689616));
#1718 = CARTESIAN_POINT('',(0.344126159711,0.55,0.111443209837));
#1719 = CARTESIAN_POINT('',(0.347154095046,0.55,0.114097671031));
#1720 = CARTESIAN_POINT('',(0.348636006976,0.55,0.115396799736));
#1721 = ORIENTED_EDGE('',*,*,#1722,.T.);
#1722 = EDGE_CURVE('',#1707,#1723,#1725,.T.);
#1723 = VERTEX_POINT('',#1724);
#1724 = CARTESIAN_POINT('',(0.407109564668,0.55,0.134327088198));
#1725 = B_SPLINE_CURVE_WITH_KNOTS('',3,(#1726,#1727,#1728,#1729,#1730,
    #1731,#1732,#1733,#1734,#1735,#1736),.UNSPECIFIED.,.F.,.F.,(4,1,1,1,
    1,1,1,1,4),(0.,0.118271304836,0.236177533084,0.355662932949,
    0.475904164671,0.600127341711,0.728608116155,0.861313475674,1.),
  .UNSPECIFIED.);
#1726 = CARTESIAN_POINT('',(0.348636006976,0.55,0.115396799736));
#1727 = CARTESIAN_POINT('',(0.350595664629,0.55,0.116907633125));
#1728 = CARTESIAN_POINT('',(0.354508930917,0.55,0.119924636303));
#1729 = CARTESIAN_POINT('',(0.360885754027,0.55,0.123774799157));
#1730 = CARTESIAN_POINT('',(0.367592242635,0.55,0.127110901691));
#1731 = CARTESIAN_POINT('',(0.374773710057,0.55,0.129659271262));
#1732 = CARTESIAN_POINT('',(0.382275187103,0.55,0.131817037341));
#1733 = CARTESIAN_POINT('',(0.390217923626,0.55,0.133229089254));
#1734 = CARTESIAN_POINT('',(0.398531845337,0.55,0.134197906389));
#1735 = CARTESIAN_POINT('',(0.404208621685,0.55,0.134283399538));
#1736 = CARTESIAN_POINT('',(0.407109564668,0.55,0.134327088198));
#1737 = ORIENTED_EDGE('',*,*,#1738,.T.);
#1738 = EDGE_CURVE('',#1723,#1739,#1741,.T.);
#1739 = VERTEX_POINT('',#1740);
#1740 = CARTESIAN_POINT('',(0.496222144797,0.55,6.028862665938E-02));
#1741 = B_SPLINE_CURVE_WITH_KNOTS('',3,(#1742,#1743,#1744,#1745,#1746,
    #1747,#1748,#1749,#1750,#1751,#1752,#1753,#1754,#1755,#1756,#1757,
    #1758,#1759,#1760),.UNSPECIFIED.,.F.,.F.,(4,1,1,1,1,1,1,1,1,1,1,1,1,
    1,1,1,4),(0.,7.607173695556E-02,0.148751714575,0.218402793846,
    0.285759581062,0.350598023675,0.414964044598,0.478069338572,
    0.541760676007,0.604349858539,0.664075021071,0.72146362308,
    0.777587128236,0.832644446927,0.887843511068,0.943460342652,1.),
  .UNSPECIFIED.);
#1742 = CARTESIAN_POINT('',(0.407109564668,0.55,0.134327088198));
#1743 = CARTESIAN_POINT('',(0.410384914933,0.55,0.134265497673));
#1744 = CARTESIAN_POINT('',(0.416789579625,0.55,0.134145062719));
#1745 = CARTESIAN_POINT('',(0.426135065558,0.55,0.133037492034));
#1746 = CARTESIAN_POINT('',(0.435025810315,0.55,0.13142445069));
#1747 = CARTESIAN_POINT('',(0.443363102892,0.55,0.128933152408));
#1748 = CARTESIAN_POINT('',(0.451256153627,0.55,0.125855067262));
#1749 = CARTESIAN_POINT('',(0.458594318589,0.55,0.121990226719));
#1750 = CARTESIAN_POINT('',(0.465473929208,0.55,0.117455754555));
#1751 = CARTESIAN_POINT('',(0.471806869751,0.55,0.112301838691));
#1752 = CARTESIAN_POINT('',(0.477501420502,0.55,0.106659689183));
#1753 = CARTESIAN_POINT('',(0.482515371826,0.55,0.100758382072));
#1754 = CARTESIAN_POINT('',(0.486777837974,0.55,9.462279912081E-02));
#1755 = CARTESIAN_POINT('',(0.490216195793,0.55,8.821898702914E-02));
#1756 = CARTESIAN_POINT('',(0.492931250823,0.55,8.157346414113E-02));
#1757 = CARTESIAN_POINT('',(0.49477957088,0.55,7.466758120569E-02));
#1758 = CARTESIAN_POINT('',(0.496064722393,0.55,6.755785458528E-02));
#1759 = CARTESIAN_POINT('',(0.49616938361,0.55,6.272495769112E-02));
#1760 = CARTESIAN_POINT('',(0.496222144797,0.55,6.028862665938E-02));
#1761 = ORIENTED_EDGE('',*,*,#1762,.T.);
#1762 = EDGE_CURVE('',#1739,#1763,#1765,.T.);
#1763 = VERTEX_POINT('',#1764);
#1764 = CARTESIAN_POINT('',(0.388529837104,0.55,-1.374983487908E-02));
#1765 = B_SPLINE_CURVE_WITH_KNOTS('',3,(#1766,#1767,#1768,#1769,#1770,
    #1771,#1772,#1773,#1774,#1775,#1776,#1777,#1778,#1779,#1780,#1781,
    #1782,#1783,#1784),.UNSPECIFIED.,.F.,.F.,(4,1,1,1,1,1,1,1,1,1,1,1,1,
    1,1,1,4),(0.,6.690918560566E-02,0.133485440423,0.20103511657,
    0.271234340019,0.342879984162,0.41383612961,0.485976621974,
    0.560229557256,0.599884180752,0.644054839643,0.691891931584,
    0.744687524474,0.80149177517,0.86285769822,0.929328379395,1.),
  .UNSPECIFIED.);
#1766 = CARTESIAN_POINT('',(0.496222144797,0.55,6.028862665938E-02));
#1767 = CARTESIAN_POINT('',(0.496069114644,0.55,5.702749277238E-02));
#1768 = CARTESIAN_POINT('',(0.495763815796,0.55,5.052145194637E-02));
#1769 = CARTESIAN_POINT('',(0.493432957851,0.55,4.094969451912E-02));
#1770 = CARTESIAN_POINT('',(0.489599071431,0.55,3.172735327521E-02));
#1771 = CARTESIAN_POINT('',(0.4842318203,0.55,2.301177426942E-02));
#1772 = CARTESIAN_POINT('',(0.477698247435,0.55,1.493418411597E-02));
#1773 = CARTESIAN_POINT('',(0.470061756749,0.55,7.727035868167E-03));
#1774 = CARTESIAN_POINT('',(0.461258933912,0.55,1.780026761058E-03));
#1775 = CARTESIAN_POINT('',(0.453156947009,0.55,-2.32883887881E-03));
#1776 = CARTESIAN_POINT('',(0.445980431358,0.55,-5.132546397187E-03));
#1777 = CARTESIAN_POINT('',(0.439838892914,0.55,-7.000042842113E-03));
#1778 = CARTESIAN_POINT('',(0.432963232576,0.55,-8.581408409722E-03));
#1779 = CARTESIAN_POINT('',(0.425436597689,0.55,-1.005263556219E-02));
#1780 = CARTESIAN_POINT('',(0.417202276044,0.55,-1.130477037738E-02));
#1781 = CARTESIAN_POINT('',(0.408269232247,0.55,-1.234895195172E-02));
#1782 = CARTESIAN_POINT('',(0.398635656086,0.55,-1.318445604617E-02));
#1783 = CARTESIAN_POINT('',(0.3919665395,0.55,-1.355756557432E-02));
#1784 = CARTESIAN_POINT('',(0.388529837104,0.55,-1.374983487908E-02));
#1785 = ORIENTED_EDGE('',*,*,#1786,.T.);
#1786 = EDGE_CURVE('',#1763,#1787,#1789,.T.);
#1787 = VERTEX_POINT('',#1788);
#1788 = CARTESIAN_POINT('',(0.388529837104,0.55,-4.964727077652E-02));
#1789 = LINE('',#1790,#1791);
#1790 = CARTESIAN_POINT('',(0.388529837104,0.55,-1.374983487908E-02));
#1791 = VECTOR('',#1792,1.);
#1792 = DIRECTION('',(0.,0.,-1.));
#1793 = ORIENTED_EDGE('',*,*,#1794,.T.);
#1794 = EDGE_CURVE('',#1787,#1513,#1795,.T.);
#1795 = B_SPLINE_CURVE_WITH_KNOTS('',3,(#1796,#1797,#1798,#1799,#1800,
    #1801,#1802,#1803,#1804,#1805,#1806,#1807,#1808,#1809,#1810),
  .UNSPECIFIED.,.F.,.F.,(4,1,1,1,1,1,1,1,1,1,1,1,4),(0.,0.110165553211,
    0.215787256175,0.318027434909,0.417573954166,0.511650487647,
    0.596162097103,0.672934533485,0.74366955735,0.810677001065,
    0.874058962314,0.936696301919,1.),.UNSPECIFIED.);
#1796 = CARTESIAN_POINT('',(0.388529837104,0.55,-4.964727077652E-02));
#1797 = CARTESIAN_POINT('',(0.392859953676,0.55,-4.972075114864E-02));
#1798 = CARTESIAN_POINT('',(0.401341588332,0.55,-4.986468114691E-02));
#1799 = CARTESIAN_POINT('',(0.413731018808,0.55,-5.160548218641E-02));
#1800 = CARTESIAN_POINT('',(0.425578350022,0.55,-5.401354499199E-02));
#1801 = CARTESIAN_POINT('',(0.436621024222,0.55,-5.770206421902E-02));
#1802 = CARTESIAN_POINT('',(0.446685895557,0.55,-6.198609390495E-02));
#1803 = CARTESIAN_POINT('',(0.455417855765,0.55,-6.697131485653E-02));
#1804 = CARTESIAN_POINT('',(0.462694570492,0.55,-7.25127897812E-02));
#1805 = CARTESIAN_POINT('',(0.468480677642,0.55,-7.869605071543E-02));
#1806 = CARTESIAN_POINT('',(0.472833600506,0.55,-8.532755546377E-02));
#1807 = CARTESIAN_POINT('',(0.476016280249,0.55,-9.223922123252E-02));
#1808 = CARTESIAN_POINT('',(0.477896312873,0.55,-9.949162732615E-02));
#1809 = CARTESIAN_POINT('',(0.478147279565,0.55,-0.104441094119));
#1810 = CARTESIAN_POINT('',(0.478273426848,0.55,-0.106928921418));
#1811 = FACE_BOUND('',#1812,.T.);
#1812 = EDGE_LOOP('',(#1813,#1847,#1879,#1911));
#1813 = ORIENTED_EDGE('',*,*,#1814,.T.);
#1814 = EDGE_CURVE('',#1815,#1817,#1819,.T.);
#1815 = VERTEX_POINT('',#1816);
#1816 = CARTESIAN_POINT('',(0.258401631976,0.55,-1.360961052011E-02));
#1817 = VERTEX_POINT('',#1818);
#1818 = CARTESIAN_POINT('',(0.13759834672,0.55,0.170224524095));
#1819 = B_SPLINE_CURVE_WITH_KNOTS('',3,(#1820,#1821,#1822,#1823,#1824,
    #1825,#1826,#1827,#1828,#1829,#1830,#1831,#1832,#1833,#1834,#1835,
    #1836,#1837,#1838,#1839,#1840,#1841,#1842,#1843,#1844,#1845,#1846),
  .UNSPECIFIED.,.F.,.F.,(4,1,1,1,1,1,1,1,1,1,1,1,1,1,1,1,1,1,1,1,1,1,1,1
    ,4),(0.,6.506328961728E-02,0.126773166467,0.185515763226,
    0.240764679168,0.292979796024,0.34225037278,0.388919286186,
    0.432775664058,0.474628432631,0.514774690638,0.553605893498,
    0.591426406431,0.628028119946,0.66380363411,0.698984336132,
    0.733591489307,0.767628469151,0.801208347787,0.834263839727,
    0.866980694729,0.899719741518,0.932701912499,0.966175883433,1.),
  .UNSPECIFIED.);
#1820 = CARTESIAN_POINT('',(0.258401631976,0.55,-1.360961052011E-02));
#1821 = CARTESIAN_POINT('',(0.258336473522,0.55,-8.257219726017E-03));
#1822 = CARTESIAN_POINT('',(0.258209514931,0.55,2.171695459866E-03));
#1823 = CARTESIAN_POINT('',(0.257551644254,0.55,1.742479299185E-02));
#1824 = CARTESIAN_POINT('',(0.256255781136,0.55,3.18245973217E-02));
#1825 = CARTESIAN_POINT('',(0.254634782305,0.55,4.540564356757E-02));
#1826 = CARTESIAN_POINT('',(0.252389686008,0.55,5.811140545087E-02));
#1827 = CARTESIAN_POINT('',(0.249629169383,0.55,6.998585029766E-02));
#1828 = CARTESIAN_POINT('',(0.2465641371,0.55,8.10802574642E-02));
#1829 = CARTESIAN_POINT('',(0.242780657689,0.55,9.13037386252E-02));
#1830 = CARTESIAN_POINT('',(0.238639586655,0.55,0.100798910912));
#1831 = CARTESIAN_POINT('',(0.234134067037,0.55,0.109665625745));
#1832 = CARTESIAN_POINT('',(0.229307084429,0.55,0.117982255013));
#1833 = CARTESIAN_POINT('',(0.224048209928,0.55,0.125682229706));
#1834 = CARTESIAN_POINT('',(0.218442868609,0.55,0.132820095413));
#1835 = CARTESIAN_POINT('',(0.212371089729,0.55,0.139269857678));
#1836 = CARTESIAN_POINT('',(0.206004031219,0.55,0.145186924874));
#1837 = CARTESIAN_POINT('',(0.199262789636,0.55,0.150452087621));
#1838 = CARTESIAN_POINT('',(0.192221634513,0.55,0.155060568084));
#1839 = CARTESIAN_POINT('',(0.18502572682,0.55,0.159181953123));
#1840 = CARTESIAN_POINT('',(0.177547388485,0.55,0.162505222628));
#1841 = CARTESIAN_POINT('',(0.169956093212,0.55,0.165358726726));
#1842 = CARTESIAN_POINT('',(0.162143256601,0.55,0.167538771914));
#1843 = CARTESIAN_POINT('',(0.154118617532,0.55,0.169046157467));
#1844 = CARTESIAN_POINT('',(0.145922993939,0.55,0.170103342312));
#1845 = CARTESIAN_POINT('',(0.140382837431,0.55,0.1701839903));
#1846 = CARTESIAN_POINT('',(0.13759834672,0.55,0.170224524095));
#1847 = ORIENTED_EDGE('',*,*,#1848,.T.);
#1848 = EDGE_CURVE('',#1817,#1849,#1851,.T.);
#1849 = VERTEX_POINT('',#1850);
#1850 = CARTESIAN_POINT('',(2.058111915558E-02,0.55,-1.360961052011E-02)
  );
#1851 = B_SPLINE_CURVE_WITH_KNOTS('',3,(#1852,#1853,#1854,#1855,#1856,
    #1857,#1858,#1859,#1860,#1861,#1862,#1863,#1864,#1865,#1866,#1867,
    #1868,#1869,#1870,#1871,#1872,#1873,#1874,#1875,#1876,#1877,#1878),
  .UNSPECIFIED.,.F.,.F.,(4,1,1,1,1,1,1,1,1,1,1,1,1,1,1,1,1,1,1,1,1,1,1,1
    ,4),(0.,3.378714634699E-02,6.662165772429E-02,9.928487809597E-02,
    0.131361165043,0.163585187595,0.196103926987,0.228902254324,
    0.262158055905,0.295991222258,0.330217845725,0.365059825892,
    0.40095073734,0.437620382077,0.475707529437,0.515380691625,
    0.556413541493,0.599764829873,0.646424155584,0.696431444518,
    0.749781517802,0.806573306976,0.867435531565,0.931886753251,1.),
  .UNSPECIFIED.);
#1852 = CARTESIAN_POINT('',(0.13759834672,0.55,0.170224524095));
#1853 = CARTESIAN_POINT('',(0.134837935321,0.55,0.170177888549));
#1854 = CARTESIAN_POINT('',(0.129394942845,0.55,0.170085932356));
#1855 = CARTESIAN_POINT('',(0.121329700301,0.55,0.169134559207));
#1856 = CARTESIAN_POINT('',(0.113501455957,0.55,0.167605008886));
#1857 = CARTESIAN_POINT('',(0.105871580553,0.55,0.165463348476));
#1858 = CARTESIAN_POINT('',(9.840092904454E-02,0.55,0.162841864845));
#1859 = CARTESIAN_POINT('',(9.119130037896E-02,0.55,0.159426496485));
#1860 = CARTESIAN_POINT('',(8.416253200989E-02,0.55,0.155493089589));
#1861 = CARTESIAN_POINT('',(7.733337640808E-02,0.55,0.151013547445));
#1862 = CARTESIAN_POINT('',(7.08321603041E-02,0.55,0.145881379132));
#1863 = CARTESIAN_POINT('',(6.462229977272E-02,0.55,0.140204950264));
#1864 = CARTESIAN_POINT('',(5.885979786302E-02,0.55,0.133842609134));
#1865 = CARTESIAN_POINT('',(5.349638830129E-02,0.55,0.126894816823));
#1866 = CARTESIAN_POINT('',(4.839897948171E-02,0.55,0.11942549259));
#1867 = CARTESIAN_POINT('',(4.371004214979E-02,0.55,0.111332655285));
#1868 = CARTESIAN_POINT('',(3.937295674298E-02,0.55,0.102648394236));
#1869 = CARTESIAN_POINT('',(3.540860767613E-02,0.55,9.331660316894E-02)
  );
#1870 = CARTESIAN_POINT('',(3.189374132464E-02,0.55,8.320111038296E-02)
  );
#1871 = CARTESIAN_POINT('',(2.87889705133E-02,0.55,7.218619253271E-02));
#1872 = CARTESIAN_POINT('',(2.633755476629E-02,0.55,6.01746289213E-02));
#1873 = CARTESIAN_POINT('',(2.4239259233E-02,0.55,4.726289221077E-02));
#1874 = CARTESIAN_POINT('',(2.254682092865E-02,0.55,3.339549917218E-02)
  );
#1875 = CARTESIAN_POINT('',(2.139138839682E-02,0.55,1.856492135349E-02)
  );
#1876 = CARTESIAN_POINT('',(2.067725689324E-02,0.55,2.780400460877E-03)
  );
#1877 = CARTESIAN_POINT('',(2.061374985123E-02,0.55,-8.046576970783E-03)
  );
#1878 = CARTESIAN_POINT('',(2.058111915558E-02,0.55,-1.360961052011E-02)
  );
#1879 = ORIENTED_EDGE('',*,*,#1880,.T.);
#1880 = EDGE_CURVE('',#1849,#1881,#1883,.T.);
#1881 = VERTEX_POINT('',#1882);
#1882 = CARTESIAN_POINT('',(0.13759834672,0.55,-0.197724193853));
#1883 = B_SPLINE_CURVE_WITH_KNOTS('',3,(#1884,#1885,#1886,#1887,#1888,
    #1889,#1890,#1891,#1892,#1893,#1894,#1895,#1896,#1897,#1898,#1899,
    #1900,#1901,#1902,#1903,#1904,#1905,#1906,#1907,#1908,#1909,#1910),
  .UNSPECIFIED.,.F.,.F.,(4,1,1,1,1,1,1,1,1,1,1,1,1,1,1,1,1,1,1,1,1,1,1,1
    ,4),(0.,6.859462225874E-02,0.133246042443,0.194312586468,
    0.251279223117,0.304513439256,0.354234906653,0.400480588774,
    0.443410754938,0.484014868616,0.523252300773,0.561042372728,
    0.597900239364,0.633518488856,0.66831435117,0.702495671286,
    0.736685353513,0.770293169361,0.803437255019,0.835912951666,
    0.868460245789,0.900846538243,0.933466524631,0.966257575298,1.),
  .UNSPECIFIED.);
#1884 = CARTESIAN_POINT('',(2.058111915558E-02,0.55,-1.360961052011E-02)
  );
#1885 = CARTESIAN_POINT('',(2.061392097133E-02,0.55,-1.921934929353E-02)
  );
#1886 = CARTESIAN_POINT('',(2.067763897121E-02,0.55,-3.011634771828E-02)
  );
#1887 = CARTESIAN_POINT('',(2.138648106544E-02,0.55,-4.599481192496E-02)
  );
#1888 = CARTESIAN_POINT('',(2.256401529675E-02,0.55,-6.089084082448E-02)
  );
#1889 = CARTESIAN_POINT('',(2.417775258178E-02,0.55,-7.480514742832E-02)
  );
#1890 = CARTESIAN_POINT('',(2.614155060414E-02,0.55,-8.774132388009E-02)
  );
#1891 = CARTESIAN_POINT('',(2.876309926427E-02,0.55,-9.966479959372E-02)
  );
#1892 = CARTESIAN_POINT('',(3.174437952577E-02,0.55,-0.110630760255));
#1893 = CARTESIAN_POINT('',(3.519962410682E-02,0.55,-0.120674965103));
#1894 = CARTESIAN_POINT('',(3.909840300865E-02,0.55,-0.129932735405));
#1895 = CARTESIAN_POINT('',(4.334182908086E-02,0.55,-0.138575255534));
#1896 = CARTESIAN_POINT('',(4.809830852322E-02,0.55,-0.146589448768));
#1897 = CARTESIAN_POINT('',(5.309599981593E-02,0.55,-0.15410322781));
#1898 = CARTESIAN_POINT('',(5.853720697871E-02,0.55,-0.160993597289));
#1899 = CARTESIAN_POINT('',(6.426708602543E-02,0.55,-0.167357863541));
#1900 = CARTESIAN_POINT('',(7.050927365215E-02,0.55,-0.173048938588));
#1901 = CARTESIAN_POINT('',(7.705157447949E-02,0.55,-0.178233568826));
#1902 = CARTESIAN_POINT('',(8.395322091866E-02,0.55,-0.182778515993));
#1903 = CARTESIAN_POINT('',(9.101748753298E-02,0.55,-0.186781789855));
#1904 = CARTESIAN_POINT('',(9.829299811858E-02,0.55,-0.190201776581));
#1905 = CARTESIAN_POINT('',(0.105799616408,0.55,-0.192890820167));
#1906 = CARTESIAN_POINT('',(0.113469872197,0.55,-0.195111904844));
#1907 = CARTESIAN_POINT('',(0.121330578866,0.55,-0.196630799609));
#1908 = CARTESIAN_POINT('',(0.12939471526,0.55,-0.197586490458));
#1909 = CARTESIAN_POINT('',(0.13483785874,0.55,-0.197677857232));
#1910 = CARTESIAN_POINT('',(0.13759834672,0.55,-0.197724193853));
#1911 = ORIENTED_EDGE('',*,*,#1912,.T.);
#1912 = EDGE_CURVE('',#1881,#1815,#1913,.T.);
#1913 = B_SPLINE_CURVE_WITH_KNOTS('',3,(#1914,#1915,#1916,#1917,#1918,
    #1919,#1920,#1921,#1922,#1923,#1924,#1925,#1926,#1927,#1928,#1929,
    #1930,#1931,#1932,#1933,#1934,#1935,#1936,#1937,#1938,#1939,#1940),
  .UNSPECIFIED.,.F.,.F.,(4,1,1,1,1,1,1,1,1,1,1,1,1,1,1,1,1,1,1,1,1,1,1,1
    ,4),(0.,3.378811616271E-02,6.719393237388E-02,9.986241085683E-02,
    0.132566612126,0.165151173255,0.197913187356,0.231319003567,
    0.265083278267,0.299255308758,0.334398566505,0.369942823509,
    0.4062835607,0.444063819699,0.482997706873,0.523354446613,
    0.565536589604,0.609612924066,0.656390811376,0.705885494936,
    0.758324500262,0.813831782941,0.872794559039,0.93472222954,1.),
  .UNSPECIFIED.);
#1914 = CARTESIAN_POINT('',(0.13759834672,0.55,-0.197724193853));
#1915 = CARTESIAN_POINT('',(0.140381894568,0.55,-0.197675412336));
#1916 = CARTESIAN_POINT('',(0.145917495458,0.55,-0.197578401245));
#1917 = CARTESIAN_POINT('',(0.154101532982,0.55,-0.196646006992));
#1918 = CARTESIAN_POINT('',(0.162096501154,0.55,-0.195098894682));
#1919 = CARTESIAN_POINT('',(0.169868315024,0.55,-0.192906797224));
#1920 = CARTESIAN_POINT('',(0.177480813671,0.55,-0.190187229558));
#1921 = CARTESIAN_POINT('',(0.184874454435,0.55,-0.186778517847));
#1922 = CARTESIAN_POINT('',(0.1920951626,0.55,-0.182810631113));
#1923 = CARTESIAN_POINT('',(0.199028191352,0.55,-0.178148243382));
#1924 = CARTESIAN_POINT('',(0.205749652886,0.55,-0.172950015762));
#1925 = CARTESIAN_POINT('',(0.212094449183,0.55,-0.167073748882));
#1926 = CARTESIAN_POINT('',(0.218063157773,0.55,-0.160578776955));
#1927 = CARTESIAN_POINT('',(0.223730688312,0.55,-0.153534590567));
#1928 = CARTESIAN_POINT('',(0.228936248032,0.55,-0.145806082083));
#1929 = CARTESIAN_POINT('',(0.233893591255,0.55,-0.137527671102));
#1930 = CARTESIAN_POINT('',(0.238330794845,0.55,-0.128554584622));
#1931 = CARTESIAN_POINT('',(0.242604262363,0.55,-0.119036537838));
#1932 = CARTESIAN_POINT('',(0.246292961037,0.55,-0.108710171958));
#1933 = CARTESIAN_POINT('',(0.249619585564,0.55,-9.763369590579E-02));
#1934 = CARTESIAN_POINT('',(0.252307482422,0.55,-8.567627722045E-02));
#1935 = CARTESIAN_POINT('',(0.254546409656,0.55,-7.290065269094E-02));
#1936 = CARTESIAN_POINT('',(0.25628089925,0.55,-5.925990436693E-02));
#1937 = CARTESIAN_POINT('',(0.257544163458,0.55,-4.478327281575E-02));
#1938 = CARTESIAN_POINT('',(0.258211471962,0.55,-2.946123375167E-02));
#1939 = CARTESIAN_POINT('',(0.258337142083,0.55,-1.898544883396E-02));
#1940 = CARTESIAN_POINT('',(0.258401631976,0.55,-1.360961052011E-02));
#1941 = FACE_BOUND('',#1942,.T.);
#1942 = EDGE_LOOP('',(#1943,#1977,#2009,#2041));
#1943 = ORIENTED_EDGE('',*,*,#1944,.T.);
#1944 = EDGE_CURVE('',#1945,#1947,#1949,.T.);
#1945 = VERTEX_POINT('',#1946);
#1946 = CARTESIAN_POINT('',(-0.280059906485,0.55,-1.360961052011E-02));
#1947 = VERTEX_POINT('',#1948);
#1948 = CARTESIAN_POINT('',(-0.400863191742,0.55,0.170224524095));
#1949 = B_SPLINE_CURVE_WITH_KNOTS('',3,(#1950,#1951,#1952,#1953,#1954,
    #1955,#1956,#1957,#1958,#1959,#1960,#1961,#1962,#1963,#1964,#1965,
    #1966,#1967,#1968,#1969,#1970,#1971,#1972,#1973,#1974,#1975,#1976),
  .UNSPECIFIED.,.F.,.F.,(4,1,1,1,1,1,1,1,1,1,1,1,1,1,1,1,1,1,1,1,1,1,1,1
    ,4),(0.,6.506328961728E-02,0.126773166467,0.185515763226,
    0.240764679168,0.292979796024,0.34225037278,0.388919286186,
    0.432775664058,0.474628432631,0.514774690638,0.553605893498,
    0.591426406431,0.628028119946,0.66380363411,0.698984336132,
    0.733591489307,0.767628469151,0.801208347787,0.834263839727,
    0.866980694729,0.899719741518,0.932701912499,0.966175883433,1.),
  .UNSPECIFIED.);
#1950 = CARTESIAN_POINT('',(-0.280059906485,0.55,-1.360961052011E-02));
#1951 = CARTESIAN_POINT('',(-0.28012506494,0.55,-8.257219726017E-03));
#1952 = CARTESIAN_POINT('',(-0.280252023531,0.55,2.171695459866E-03));
#1953 = CARTESIAN_POINT('',(-0.280909894208,0.55,1.742479299185E-02));
#1954 = CARTESIAN_POINT('',(-0.282205757326,0.55,3.18245973217E-02));
#1955 = CARTESIAN_POINT('',(-0.283826756157,0.55,4.540564356757E-02));
#1956 = CARTESIAN_POINT('',(-0.286071852454,0.55,5.811140545087E-02));
#1957 = CARTESIAN_POINT('',(-0.288832369079,0.55,6.998585029766E-02));
#1958 = CARTESIAN_POINT('',(-0.291897401361,0.55,8.10802574642E-02));
#1959 = CARTESIAN_POINT('',(-0.295680880772,0.55,9.13037386252E-02));
#1960 = CARTESIAN_POINT('',(-0.299821951807,0.55,0.100798910912));
#1961 = CARTESIAN_POINT('',(-0.304327471424,0.55,0.109665625745));
#1962 = CARTESIAN_POINT('',(-0.309154454033,0.55,0.117982255013));
#1963 = CARTESIAN_POINT('',(-0.314413328533,0.55,0.125682229706));
#1964 = CARTESIAN_POINT('',(-0.320018669853,0.55,0.132820095413));
#1965 = CARTESIAN_POINT('',(-0.326090448732,0.55,0.139269857678));
#1966 = CARTESIAN_POINT('',(-0.332457507242,0.55,0.145186924874));
#1967 = CARTESIAN_POINT('',(-0.339198748826,0.55,0.150452087621));
#1968 = CARTESIAN_POINT('',(-0.346239903949,0.55,0.155060568084));
#1969 = CARTESIAN_POINT('',(-0.353435811642,0.55,0.159181953123));
#1970 = CARTESIAN_POINT('',(-0.360914149976,0.55,0.162505222628));
#1971 = CARTESIAN_POINT('',(-0.368505445249,0.55,0.165358726726));
#1972 = CARTESIAN_POINT('',(-0.376318281861,0.55,0.167538771914));
#1973 = CARTESIAN_POINT('',(-0.38434292093,0.55,0.169046157467));
#1974 = CARTESIAN_POINT('',(-0.392538544522,0.55,0.170103342312));
#1975 = CARTESIAN_POINT('',(-0.398078701031,0.55,0.1701839903));
#1976 = CARTESIAN_POINT('',(-0.400863191742,0.55,0.170224524095));
#1977 = ORIENTED_EDGE('',*,*,#1978,.T.);
#1978 = EDGE_CURVE('',#1947,#1979,#1981,.T.);
#1979 = VERTEX_POINT('',#1980);
#1980 = CARTESIAN_POINT('',(-0.517880419306,0.55,-1.360961052011E-02));
#1981 = B_SPLINE_CURVE_WITH_KNOTS('',3,(#1982,#1983,#1984,#1985,#1986,
    #1987,#1988,#1989,#1990,#1991,#1992,#1993,#1994,#1995,#1996,#1997,
    #1998,#1999,#2000,#2001,#2002,#2003,#2004,#2005,#2006,#2007,#2008),
  .UNSPECIFIED.,.F.,.F.,(4,1,1,1,1,1,1,1,1,1,1,1,1,1,1,1,1,1,1,1,1,1,1,1
    ,4),(0.,3.378714634699E-02,6.662165772429E-02,9.928487809597E-02,
    0.131361165043,0.163585187595,0.196103926987,0.228902254324,
    0.262158055905,0.295991222258,0.330217845725,0.365059825892,
    0.40095073734,0.437620382077,0.475707529437,0.515380691625,
    0.556413541493,0.599764829873,0.646424155584,0.696431444518,
    0.749781517802,0.806573306976,0.867435531565,0.931886753251,1.),
  .UNSPECIFIED.);
#1982 = CARTESIAN_POINT('',(-0.400863191742,0.55,0.170224524095));
#1983 = CARTESIAN_POINT('',(-0.40362360314,0.55,0.170177888549));
#1984 = CARTESIAN_POINT('',(-0.409066595617,0.55,0.170085932356));
#1985 = CARTESIAN_POINT('',(-0.417131838161,0.55,0.169134559207));
#1986 = CARTESIAN_POINT('',(-0.424960082505,0.55,0.167605008886));
#1987 = CARTESIAN_POINT('',(-0.432589957909,0.55,0.165463348476));
#1988 = CARTESIAN_POINT('',(-0.440060609417,0.55,0.162841864845));
#1989 = CARTESIAN_POINT('',(-0.447270238083,0.55,0.159426496485));
#1990 = CARTESIAN_POINT('',(-0.454299006452,0.55,0.155493089589));
#1991 = CARTESIAN_POINT('',(-0.461128162053,0.55,0.151013547445));
#1992 = CARTESIAN_POINT('',(-0.467629378157,0.55,0.145881379132));
#1993 = CARTESIAN_POINT('',(-0.473839238689,0.55,0.140204950264));
#1994 = CARTESIAN_POINT('',(-0.479601740599,0.55,0.133842609134));
#1995 = CARTESIAN_POINT('',(-0.48496515016,0.55,0.126894816823));
#1996 = CARTESIAN_POINT('',(-0.49006255898,0.55,0.11942549259));
#1997 = CARTESIAN_POINT('',(-0.494751496312,0.55,0.111332655285));
#1998 = CARTESIAN_POINT('',(-0.499088581719,0.55,0.102648394236));
#1999 = CARTESIAN_POINT('',(-0.503052930785,0.55,9.331660316894E-02));
#2000 = CARTESIAN_POINT('',(-0.506567797137,0.55,8.320111038296E-02));
#2001 = CARTESIAN_POINT('',(-0.509672567948,0.55,7.218619253271E-02));
#2002 = CARTESIAN_POINT('',(-0.512123983695,0.55,6.01746289213E-02));
#2003 = CARTESIAN_POINT('',(-0.514222279229,0.55,4.726289221077E-02));
#2004 = CARTESIAN_POINT('',(-0.515914717533,0.55,3.339549917218E-02));
#2005 = CARTESIAN_POINT('',(-0.517070150065,0.55,1.856492135349E-02));
#2006 = CARTESIAN_POINT('',(-0.517784281568,0.55,2.780400460877E-03));
#2007 = CARTESIAN_POINT('',(-0.51784778861,0.55,-8.046576970783E-03));
#2008 = CARTESIAN_POINT('',(-0.517880419306,0.55,-1.360961052011E-02));
#2009 = ORIENTED_EDGE('',*,*,#2010,.T.);
#2010 = EDGE_CURVE('',#1979,#2011,#2013,.T.);
#2011 = VERTEX_POINT('',#2012);
#2012 = CARTESIAN_POINT('',(-0.400863191742,0.55,-0.197724193853));
#2013 = B_SPLINE_CURVE_WITH_KNOTS('',3,(#2014,#2015,#2016,#2017,#2018,
    #2019,#2020,#2021,#2022,#2023,#2024,#2025,#2026,#2027,#2028,#2029,
    #2030,#2031,#2032,#2033,#2034,#2035,#2036,#2037,#2038,#2039,#2040),
  .UNSPECIFIED.,.F.,.F.,(4,1,1,1,1,1,1,1,1,1,1,1,1,1,1,1,1,1,1,1,1,1,1,1
    ,4),(0.,6.859462225874E-02,0.133246042443,0.194312586468,
    0.251279223117,0.304513439256,0.354234906653,0.400480588774,
    0.443410754938,0.484014868616,0.523252300773,0.561042372728,
    0.597900239364,0.633518488856,0.66831435117,0.702495671286,
    0.736685353513,0.770293169361,0.803437255019,0.835912951666,
    0.868460245789,0.900846538243,0.933466524631,0.966257575298,1.),
  .UNSPECIFIED.);
#2014 = CARTESIAN_POINT('',(-0.517880419306,0.55,-1.360961052011E-02));
#2015 = CARTESIAN_POINT('',(-0.51784761749,0.55,-1.921934929353E-02));
#2016 = CARTESIAN_POINT('',(-0.51778389949,0.55,-3.011634771828E-02));
#2017 = CARTESIAN_POINT('',(-0.517075057396,0.55,-4.599481192496E-02));
#2018 = CARTESIAN_POINT('',(-0.515897523165,0.55,-6.089084082448E-02));
#2019 = CARTESIAN_POINT('',(-0.51428378588,0.55,-7.480514742832E-02));
#2020 = CARTESIAN_POINT('',(-0.512319987857,0.55,-8.774132388009E-02));
#2021 = CARTESIAN_POINT('',(-0.509698439197,0.55,-9.966479959372E-02));
#2022 = CARTESIAN_POINT('',(-0.506717158936,0.55,-0.110630760255));
#2023 = CARTESIAN_POINT('',(-0.503261914355,0.55,-0.120674965103));
#2024 = CARTESIAN_POINT('',(-0.499363135453,0.55,-0.129932735405));
#2025 = CARTESIAN_POINT('',(-0.495119709381,0.55,-0.138575255534));
#2026 = CARTESIAN_POINT('',(-0.490363229938,0.55,-0.146589448768));
#2027 = CARTESIAN_POINT('',(-0.485365538646,0.55,-0.15410322781));
#2028 = CARTESIAN_POINT('',(-0.479924331483,0.55,-0.160993597289));
#2029 = CARTESIAN_POINT('',(-0.474194452436,0.55,-0.167357863541));
#2030 = CARTESIAN_POINT('',(-0.467952264809,0.55,-0.173048938588));
#2031 = CARTESIAN_POINT('',(-0.461409963982,0.55,-0.178233568826));
#2032 = CARTESIAN_POINT('',(-0.454508317543,0.55,-0.182778515993));
#2033 = CARTESIAN_POINT('',(-0.447444050929,0.55,-0.186781789855));
#2034 = CARTESIAN_POINT('',(-0.440168540343,0.55,-0.190201776581));
#2035 = CARTESIAN_POINT('',(-0.432661922053,0.55,-0.192890820167));
#2036 = CARTESIAN_POINT('',(-0.424991666264,0.55,-0.195111904844));
#2037 = CARTESIAN_POINT('',(-0.417130959595,0.55,-0.196630799609));
#2038 = CARTESIAN_POINT('',(-0.409066823201,0.55,-0.197586490458));
#2039 = CARTESIAN_POINT('',(-0.403623679722,0.55,-0.197677857232));
#2040 = CARTESIAN_POINT('',(-0.400863191742,0.55,-0.197724193853));
#2041 = ORIENTED_EDGE('',*,*,#2042,.T.);
#2042 = EDGE_CURVE('',#2011,#1945,#2043,.T.);
#2043 = B_SPLINE_CURVE_WITH_KNOTS('',3,(#2044,#2045,#2046,#2047,#2048,
    #2049,#2050,#2051,#2052,#2053,#2054,#2055,#2056,#2057,#2058,#2059,
    #2060,#2061,#2062,#2063,#2064,#2065,#2066,#2067,#2068,#2069,#2070),
  .UNSPECIFIED.,.F.,.F.,(4,1,1,1,1,1,1,1,1,1,1,1,1,1,1,1,1,1,1,1,1,1,1,1
    ,4),(0.,3.378811616271E-02,6.719393237388E-02,9.986241085683E-02,
    0.132566612126,0.165151173255,0.197913187356,0.231319003567,
    0.265083278267,0.299255308758,0.334398566505,0.369942823509,
    0.4062835607,0.444063819699,0.482997706873,0.523354446613,
    0.565536589604,0.609612924066,0.656390811376,0.705885494936,
    0.758324500262,0.813831782941,0.872794559039,0.93472222954,1.),
  .UNSPECIFIED.);
#2044 = CARTESIAN_POINT('',(-0.400863191742,0.55,-0.197724193853));
#2045 = CARTESIAN_POINT('',(-0.398079643893,0.55,-0.197675412336));
#2046 = CARTESIAN_POINT('',(-0.392544043004,0.55,-0.197578401245));
#2047 = CARTESIAN_POINT('',(-0.384360005479,0.55,-0.196646006992));
#2048 = CARTESIAN_POINT('',(-0.376365037308,0.55,-0.195098894682));
#2049 = CARTESIAN_POINT('',(-0.368593223437,0.55,-0.192906797224));
#2050 = CARTESIAN_POINT('',(-0.360980724791,0.55,-0.190187229558));
#2051 = CARTESIAN_POINT('',(-0.353587084026,0.55,-0.186778517847));
#2052 = CARTESIAN_POINT('',(-0.346366375862,0.55,-0.182810631113));
#2053 = CARTESIAN_POINT('',(-0.33943334711,0.55,-0.178148243382));
#2054 = CARTESIAN_POINT('',(-0.332711885575,0.55,-0.172950015762));
#2055 = CARTESIAN_POINT('',(-0.326367089278,0.55,-0.167073748882));
#2056 = CARTESIAN_POINT('',(-0.320398380688,0.55,-0.160578776955));
#2057 = CARTESIAN_POINT('',(-0.31473085015,0.55,-0.153534590567));
#2058 = CARTESIAN_POINT('',(-0.30952529043,0.55,-0.145806082083));
#2059 = CARTESIAN_POINT('',(-0.304567947206,0.55,-0.137527671102));
#2060 = CARTESIAN_POINT('',(-0.300130743616,0.55,-0.128554584622));
#2061 = CARTESIAN_POINT('',(-0.295857276098,0.55,-0.119036537838));
#2062 = CARTESIAN_POINT('',(-0.292168577424,0.55,-0.108710171958));
#2063 = CARTESIAN_POINT('',(-0.288841952897,0.55,-9.763369590579E-02));
#2064 = CARTESIAN_POINT('',(-0.28615405604,0.55,-8.567627722045E-02));
#2065 = CARTESIAN_POINT('',(-0.283915128806,0.55,-7.290065269094E-02));
#2066 = CARTESIAN_POINT('',(-0.282180639211,0.55,-5.925990436693E-02));
#2067 = CARTESIAN_POINT('',(-0.280917375003,0.55,-4.478327281575E-02));
#2068 = CARTESIAN_POINT('',(-0.280250066499,0.55,-2.946123375167E-02));
#2069 = CARTESIAN_POINT('',(-0.280124396379,0.55,-1.898544883396E-02));
#2070 = CARTESIAN_POINT('',(-0.280059906485,0.55,-1.360961052011E-02));
#2071 = FACE_BOUND('',#2072,.T.);
#2072 = EDGE_LOOP('',(#2073,#2083,#2091,#2099));
#2073 = ORIENTED_EDGE('',*,*,#2074,.F.);
#2074 = EDGE_CURVE('',#2075,#2077,#2079,.T.);
#2075 = VERTEX_POINT('',#2076);
#2076 = CARTESIAN_POINT('',(0.55,0.55,-0.4));
#2077 = VERTEX_POINT('',#2078);
#2078 = CARTESIAN_POINT('',(0.55,0.55,0.4));
#2079 = LINE('',#2080,#2081);
#2080 = CARTESIAN_POINT('',(0.55,0.55,0.4));
#2081 = VECTOR('',#2082,1.);
#2082 = DIRECTION('',(2.282530889443E-16,-1.878171516282E-46,1.));
#2083 = ORIENTED_EDGE('',*,*,#2084,.T.);
#2084 = EDGE_CURVE('',#2075,#2085,#2087,.T.);
#2085 = VERTEX_POINT('',#2086);
#2086 = CARTESIAN_POINT('',(-0.55,0.55,-0.4));
#2087 = LINE('',#2088,#2089);
#2088 = CARTESIAN_POINT('',(1.351560977094,0.55,-0.4));
#2089 = VECTOR('',#2090,1.);
#2090 = DIRECTION('',(-1.,3.761581922631E-31,-1.734723475977E-16));
#2091 = ORIENTED_EDGE('',*,*,#2092,.T.);
#2092 = EDGE_CURVE('',#2085,#2093,#2095,.T.);
#2093 = VERTEX_POINT('',#2094);
#2094 = CARTESIAN_POINT('',(-0.55,0.55,0.4));
#2095 = LINE('',#2096,#2097);
#2096 = CARTESIAN_POINT('',(-0.55,0.55,0.4));
#2097 = VECTOR('',#2098,1.);
#2098 = DIRECTION('',(-2.710505431214E-16,-0.,1.));
#2099 = ORIENTED_EDGE('',*,*,#2100,.F.);
#2100 = EDGE_CURVE('',#2077,#2093,#2101,.T.);
#2101 = LINE('',#2102,#2103);
#2102 = CARTESIAN_POINT('',(1.351560977094,0.55,0.4));
#2103 = VECTOR('',#2104,1.);
#2104 = DIRECTION('',(-1.,3.761581922631E-31,-1.734723475977E-16));
#2105 = FACE_BOUND('',#2106,.T.);
#2106 = EDGE_LOOP('',(#2107,#2129,#2137,#2145,#2153,#2163,#2187,#2207));
#2107 = ORIENTED_EDGE('',*,*,#2108,.T.);
#2108 = EDGE_CURVE('',#2109,#2111,#2113,.T.);
#2109 = VERTEX_POINT('',#2110);
#2110 = CARTESIAN_POINT('',(-0.230700932126,0.55,6.365401127476E-02));
#2111 = VERTEX_POINT('',#2112);
#2112 = CARTESIAN_POINT('',(-0.191578335973,0.55,-3.800864898165E-02));
#2113 = B_SPLINE_CURVE_WITH_KNOTS('',3,(#2114,#2115,#2116,#2117,#2118,
    #2119,#2120,#2121,#2122,#2123,#2124,#2125,#2126,#2127,#2128),
  .UNSPECIFIED.,.F.,.F.,(4,1,1,1,1,1,1,1,1,1,1,1,4),(0.,
    9.781818961471E-02,0.199726053402,0.305276357478,0.415811490538,
    0.474472231144,0.537273879776,0.60365742056,0.67429886309,
    0.749834485316,0.828598476757,0.912377778158,1.),.UNSPECIFIED.);
#2114 = CARTESIAN_POINT('',(-0.230700932126,0.55,6.365401127476E-02));
#2115 = CARTESIAN_POINT('',(-0.230582787626,0.55,6.004955295378E-02));
#2116 = CARTESIAN_POINT('',(-0.230341559129,0.55,5.268993775401E-02));
#2117 = CARTESIAN_POINT('',(-0.228657220095,0.55,4.154353495966E-02));
#2118 = CARTESIAN_POINT('',(-0.225950740617,0.55,3.0138426787E-02));
#2119 = CARTESIAN_POINT('',(-0.222919715982,0.55,2.046300742738E-02));
#2120 = CARTESIAN_POINT('',(-0.219717154977,0.55,1.253685523142E-02));
#2121 = CARTESIAN_POINT('',(-0.217051901018,0.55,6.146506168995E-03));
#2122 = CARTESIAN_POINT('',(-0.213734501414,0.55,-4.296011544768E-04));
#2123 = CARTESIAN_POINT('',(-0.210197163295,0.55,-7.416964752513E-03));
#2124 = CARTESIAN_POINT('',(-0.206121476403,0.55,-1.463550802137E-02));
#2125 = CARTESIAN_POINT('',(-0.201689911464,0.55,-2.22058749675E-02));
#2126 = CARTESIAN_POINT('',(-0.196779946374,0.55,-3.00076677337E-02));
#2127 = CARTESIAN_POINT('',(-0.193337930099,0.55,-3.530208725838E-02));
#2128 = CARTESIAN_POINT('',(-0.191578335973,0.55,-3.800864898165E-02));
#2129 = ORIENTED_EDGE('',*,*,#2130,.T.);
#2130 = EDGE_CURVE('',#2111,#2131,#2133,.T.);
#2131 = VERTEX_POINT('',#2132);
#2132 = CARTESIAN_POINT('',(-8.711118853673E-02,0.55,-0.197724193853));
#2133 = LINE('',#2134,#2135);
#2134 = CARTESIAN_POINT('',(-0.191578335973,0.55,-3.800864898165E-02));
#2135 = VECTOR('',#2136,1.);
#2136 = DIRECTION('',(0.547387929886,0.,-0.836878996161));
#2137 = ORIENTED_EDGE('',*,*,#2138,.T.);
#2138 = EDGE_CURVE('',#2131,#2139,#2141,.T.);
#2139 = VERTEX_POINT('',#2140);
#2140 = CARTESIAN_POINT('',(-6.292248661365E-02,0.55,-0.178723793212));
#2141 = LINE('',#2142,#2143);
#2142 = CARTESIAN_POINT('',(-8.711118853673E-02,0.55,-0.197724193853));
#2143 = VECTOR('',#2144,1.);
#2144 = DIRECTION('',(0.786397428723,0.,0.617720878794));
#2145 = ORIENTED_EDGE('',*,*,#2146,.T.);
#2146 = EDGE_CURVE('',#2139,#2147,#2149,.T.);
#2147 = VERTEX_POINT('',#2148);
#2148 = CARTESIAN_POINT('',(-0.155400451357,0.55,-3.730752718677E-02));
#2149 = LINE('',#2150,#2151);
#2150 = CARTESIAN_POINT('',(-6.292248661365E-02,0.55,-0.178723793212));
#2151 = VECTOR('',#2152,1.);
#2152 = DIRECTION('',(-0.547305260354,0.,0.836933063028));
#2153 = ORIENTED_EDGE('',*,*,#2154,.T.);
#2154 = EDGE_CURVE('',#2147,#2155,#2157,.T.);
#2155 = VERTEX_POINT('',#2156);
#2156 = CARTESIAN_POINT('',(-0.119152454562,0.55,-4.067291180216E-02));
#2157 = B_SPLINE_CURVE_WITH_KNOTS('',3,(#2158,#2159,#2160,#2161,#2162),
  .UNSPECIFIED.,.F.,.F.,(4,1,4),(0.,0.512659336342,1.),.UNSPECIFIED.);
#2158 = CARTESIAN_POINT('',(-0.155400451357,0.55,-3.730752718677E-02));
#2159 = CARTESIAN_POINT('',(-0.149243423659,0.55,-3.828891325213E-02));
#2160 = CARTESIAN_POINT('',(-0.137233444981,0.55,-4.020321773425E-02));
#2161 = CARTESIAN_POINT('',(-0.125076855129,0.55,-4.05190122791E-02));
#2162 = CARTESIAN_POINT('',(-0.119152454562,0.55,-4.067291180216E-02));
#2163 = ORIENTED_EDGE('',*,*,#2164,.T.);
#2164 = EDGE_CURVE('',#2155,#2165,#2167,.T.);
#2165 = VERTEX_POINT('',#2166);
#2166 = CARTESIAN_POINT('',(-1.531631674185E-02,0.55,6.302300165938E-02)
  );
#2167 = B_SPLINE_CURVE_WITH_KNOTS('',3,(#2168,#2169,#2170,#2171,#2172,
    #2173,#2174,#2175,#2176,#2177,#2178,#2179,#2180,#2181,#2182,#2183,
    #2184,#2185,#2186),.UNSPECIFIED.,.F.,.F.,(4,1,1,1,1,1,1,1,1,1,1,1,1,
    1,1,1,4),(0.,6.523080374203E-02,0.128404896003,0.190067071596,
    0.250943365768,0.311545832852,0.372862802157,0.435023673856,
    0.499071724707,0.56309107505,0.62551010633,0.68668003593,
    0.747282503014,0.808563495216,0.870742103516,0.934340951506,1.),
  .UNSPECIFIED.);
#2168 = CARTESIAN_POINT('',(-0.119152454562,0.55,-4.067291180216E-02));
#2169 = CARTESIAN_POINT('',(-0.115595204929,0.55,-4.057730063258E-02));
#2170 = CARTESIAN_POINT('',(-0.108592864883,0.55,-4.03890928905E-02));
#2171 = CARTESIAN_POINT('',(-9.831218466586E-02,0.55,-3.894070782132E-02
    ));
#2172 = CARTESIAN_POINT('',(-8.843329106854E-02,0.55,-3.665819662896E-02
    ));
#2173 = CARTESIAN_POINT('',(-7.8997129843E-02,0.55,-3.333097103413E-02)
  );
#2174 = CARTESIAN_POINT('',(-6.996983165704E-02,0.55,-2.908073559791E-02
    ));
#2175 = CARTESIAN_POINT('',(-6.129959204619E-02,0.55,-2.398684856986E-02
    ));
#2176 = CARTESIAN_POINT('',(-5.314939103557E-02,0.55,-1.778628053418E-02
    ));
#2177 = CARTESIAN_POINT('',(-4.541427311438E-02,0.55,-1.085978495579E-02
    ));
#2178 = CARTESIAN_POINT('',(-3.839156337508E-02,0.55,-3.18808650628E-03)
  );
#2179 = CARTESIAN_POINT('',(-3.217395781933E-02,0.55,4.952047164325E-03)
  );
#2180 = CARTESIAN_POINT('',(-2.695127864592E-02,0.55,1.355213526414E-02)
  );
#2181 = CARTESIAN_POINT('',(-2.271388648446E-02,0.55,2.260782185748E-02)
  );
#2182 = CARTESIAN_POINT('',(-1.942339862467E-02,0.55,3.210514781353E-02)
  );
#2183 = CARTESIAN_POINT('',(-1.702463412031E-02,0.55,4.203196176237E-02)
  );
#2184 = CARTESIAN_POINT('',(-1.560667483833E-02,0.55,5.239510890838E-02)
  );
#2185 = CARTESIAN_POINT('',(-1.541412576682E-02,0.55,5.9442926435E-02));
#2186 = CARTESIAN_POINT('',(-1.531631674185E-02,0.55,6.302300165938E-02)
  );
#2187 = ORIENTED_EDGE('',*,*,#2188,.T.);
#2188 = EDGE_CURVE('',#2165,#2189,#2191,.T.);
#2189 = VERTEX_POINT('',#2190);
#2190 = CARTESIAN_POINT('',(-0.124691316742,0.55,0.170224524095));
#2191 = B_SPLINE_CURVE_WITH_KNOTS('',3,(#2192,#2193,#2194,#2195,#2196,
    #2197,#2198,#2199,#2200,#2201,#2202,#2203,#2204,#2205,#2206),
  .UNSPECIFIED.,.F.,.F.,(4,1,1,1,1,1,1,1,1,1,1,1,4),(0.,
    8.594794314413E-02,0.169125211881,0.250399107186,0.332289736139,
    0.413364287916,0.494172283371,0.576021735387,0.660756969254,
    0.745783125914,0.830043592975,0.914027545821,1.),.UNSPECIFIED.);
#2192 = CARTESIAN_POINT('',(-1.531631674185E-02,0.55,6.302300165938E-02)
  );
#2193 = CARTESIAN_POINT('',(-1.545862723027E-02,0.55,6.792097205406E-02)
  );
#2194 = CARTESIAN_POINT('',(-1.573866059264E-02,0.55,7.755901864928E-02)
  );
#2195 = CARTESIAN_POINT('',(-1.852904019471E-02,0.55,9.159668928973E-02)
  );
#2196 = CARTESIAN_POINT('',(-2.286500467024E-02,0.55,0.104969940843));
#2197 = CARTESIAN_POINT('',(-2.906275751055E-02,0.55,0.11746525798));
#2198 = CARTESIAN_POINT('',(-3.676099580893E-02,0.55,0.129065514938));
#2199 = CARTESIAN_POINT('',(-4.614875507571E-02,0.55,0.13934406148));
#2200 = CARTESIAN_POINT('',(-5.689310390911E-02,0.55,0.148511065212));
#2201 = CARTESIAN_POINT('',(-6.904178372711E-02,0.55,0.156176727132));
#2202 = CARTESIAN_POINT('',(-8.211608013875E-02,0.55,0.162437032234));
#2203 = CARTESIAN_POINT('',(-9.585127988018E-02,0.55,0.166933556442));
#2204 = CARTESIAN_POINT('',(-0.110113994514,0.55,0.169701903381));
#2205 = CARTESIAN_POINT('',(-0.11979445532,0.55,0.170048963648));
#2206 = CARTESIAN_POINT('',(-0.124691316742,0.55,0.170224524095));
#2207 = ORIENTED_EDGE('',*,*,#2208,.T.);
#2208 = EDGE_CURVE('',#2189,#2109,#2209,.T.);
#2209 = B_SPLINE_CURVE_WITH_KNOTS('',3,(#2210,#2211,#2212,#2213,#2214,
    #2215,#2216,#2217,#2218,#2219,#2220,#2221,#2222,#2223,#2224),
  .UNSPECIFIED.,.F.,.F.,(4,1,1,1,1,1,1,1,1,1,1,1,4),(0.,
    8.433472199263E-02,0.167052318416,0.249566077241,0.332740481802,
    0.415914886363,0.49782800954,0.580372588608,0.664600121057,
    0.749466693113,0.83251023394,0.915639281668,1.),.UNSPECIFIED.);
#2210 = CARTESIAN_POINT('',(-0.124691316742,0.55,0.170224524095));
#2211 = CARTESIAN_POINT('',(-0.129400986807,0.55,0.170071703521));
#2212 = CARTESIAN_POINT('',(-0.138730018608,0.55,0.16976899272));
#2213 = CARTESIAN_POINT('',(-0.152453298032,0.55,0.167072398932));
#2214 = CARTESIAN_POINT('',(-0.165639599766,0.55,0.162701688656));
#2215 = CARTESIAN_POINT('',(-0.178196537857,0.55,0.156680260801));
#2216 = CARTESIAN_POINT('',(-0.189828599149,0.55,0.149074472506));
#2217 = CARTESIAN_POINT('',(-0.200235162793,0.55,0.139918244593));
#2218 = CARTESIAN_POINT('',(-0.209364340248,0.55,0.129407298086));
#2219 = CARTESIAN_POINT('',(-0.216961802342,0.55,0.117543263358));
#2220 = CARTESIAN_POINT('',(-0.222987675536,0.55,0.104794267608));
#2221 = CARTESIAN_POINT('',(-0.227506668048,0.55,9.150055196899E-02));
#2222 = CARTESIAN_POINT('',(-0.230146292371,0.55,7.771055379641E-02));
#2223 = CARTESIAN_POINT('',(-0.230515148056,0.55,6.836243987776E-02));
#2224 = CARTESIAN_POINT('',(-0.230700932126,0.55,6.365401127476E-02));
#2225 = PLANE('',#2226);
#2226 = AXIS2_PLACEMENT_3D('',#2227,#2228,#2229);
#2227 = CARTESIAN_POINT('',(1.351560977094,0.55,0.4));
#2228 = DIRECTION('',(-3.761581922631E-31,-1.,-1.019578823125E-46));
#2229 = DIRECTION('',(1.,-3.761581922631E-31,0.));
#2230 = ADVANCED_FACE('',(#2231),#2256,.F.);
#2231 = FACE_BOUND('',#2232,.T.);
#2232 = EDGE_LOOP('',(#2233,#2241,#2242,#2250));
#2233 = ORIENTED_EDGE('',*,*,#2234,.F.);
#2234 = EDGE_CURVE('',#2077,#2235,#2237,.T.);
#2235 = VERTEX_POINT('',#2236);
#2236 = CARTESIAN_POINT('',(0.55,0.5,0.4));
#2237 = LINE('',#2238,#2239);
#2238 = CARTESIAN_POINT('',(0.55,0.55,0.4));
#2239 = VECTOR('',#2240,1.);
#2240 = DIRECTION('',(0.,-1.,0.));
#2241 = ORIENTED_EDGE('',*,*,#2100,.T.);
#2242 = ORIENTED_EDGE('',*,*,#2243,.T.);
#2243 = EDGE_CURVE('',#2093,#2244,#2246,.T.);
#2244 = VERTEX_POINT('',#2245);
#2245 = CARTESIAN_POINT('',(-0.55,0.5,0.4));
#2246 = LINE('',#2247,#2248);
#2247 = CARTESIAN_POINT('',(-0.55,0.55,0.4));
#2248 = VECTOR('',#2249,1.);
#2249 = DIRECTION('',(0.,-1.,0.));
#2250 = ORIENTED_EDGE('',*,*,#2251,.F.);
#2251 = EDGE_CURVE('',#2235,#2244,#2252,.T.);
#2252 = LINE('',#2253,#2254);
#2253 = CARTESIAN_POINT('',(1.351560977094,0.5,0.4));
#2254 = VECTOR('',#2255,1.);
#2255 = DIRECTION('',(-1.,3.761581922631E-31,-1.734723475977E-16));
#2256 = PLANE('',#2257);
#2257 = AXIS2_PLACEMENT_3D('',#2258,#2259,#2260);
#2258 = CARTESIAN_POINT('',(1.351560977094,0.55,0.4));
#2259 = DIRECTION('',(1.734723475977E-16,0.,-1.));
#2260 = DIRECTION('',(-1.,0.,-1.734723475977E-16));
#2261 = ADVANCED_FACE('',(#2262),#2287,.F.);
#2262 = FACE_BOUND('',#2263,.T.);
#2263 = EDGE_LOOP('',(#2264,#2272,#2273,#2281));
#2264 = ORIENTED_EDGE('',*,*,#2265,.F.);
#2265 = EDGE_CURVE('',#2235,#2266,#2268,.T.);
#2266 = VERTEX_POINT('',#2267);
#2267 = CARTESIAN_POINT('',(0.55,0.5,-0.4));
#2268 = LINE('',#2269,#2270);
#2269 = CARTESIAN_POINT('',(0.55,0.5,0.4));
#2270 = VECTOR('',#2271,1.);
#2271 = DIRECTION('',(-2.282530889443E-16,1.878171516282E-46,-1.));
#2272 = ORIENTED_EDGE('',*,*,#2251,.T.);
#2273 = ORIENTED_EDGE('',*,*,#2274,.T.);
#2274 = EDGE_CURVE('',#2244,#2275,#2277,.T.);
#2275 = VERTEX_POINT('',#2276);
#2276 = CARTESIAN_POINT('',(-0.55,0.5,-0.4));
#2277 = LINE('',#2278,#2279);
#2278 = CARTESIAN_POINT('',(-0.55,0.5,0.4));
#2279 = VECTOR('',#2280,1.);
#2280 = DIRECTION('',(2.710505431214E-16,0.,-1.));
#2281 = ORIENTED_EDGE('',*,*,#2282,.F.);
#2282 = EDGE_CURVE('',#2266,#2275,#2283,.T.);
#2283 = LINE('',#2284,#2285);
#2284 = CARTESIAN_POINT('',(1.351560977094,0.5,-0.4));
#2285 = VECTOR('',#2286,1.);
#2286 = DIRECTION('',(-1.,3.761581922631E-31,-1.734723475977E-16));
#2287 = PLANE('',#2288);
#2288 = AXIS2_PLACEMENT_3D('',#2289,#2290,#2291);
#2289 = CARTESIAN_POINT('',(1.351560977094,0.5,0.4));
#2290 = DIRECTION('',(3.761581922631E-31,1.,1.019578823125E-46));
#2291 = DIRECTION('',(-1.,3.761581922631E-31,0.));
#2292 = ADVANCED_FACE('',(#2293),#2309,.F.);
#2293 = FACE_BOUND('',#2294,.T.);
#2294 = EDGE_LOOP('',(#2295,#2301,#2302,#2308));
#2295 = ORIENTED_EDGE('',*,*,#2296,.F.);
#2296 = EDGE_CURVE('',#2266,#2075,#2297,.T.);
#2297 = LINE('',#2298,#2299);
#2298 = CARTESIAN_POINT('',(0.55,0.55,-0.4));
#2299 = VECTOR('',#2300,1.);
#2300 = DIRECTION('',(0.,1.,0.));
#2301 = ORIENTED_EDGE('',*,*,#2282,.T.);
#2302 = ORIENTED_EDGE('',*,*,#2303,.T.);
#2303 = EDGE_CURVE('',#2275,#2085,#2304,.T.);
#2304 = LINE('',#2305,#2306);
#2305 = CARTESIAN_POINT('',(-0.55,0.55,-0.4));
#2306 = VECTOR('',#2307,1.);
#2307 = DIRECTION('',(-0.,1.,-0.));
#2308 = ORIENTED_EDGE('',*,*,#2084,.F.);
#2309 = PLANE('',#2310);
#2310 = AXIS2_PLACEMENT_3D('',#2311,#2312,#2313);
#2311 = CARTESIAN_POINT('',(1.351560977094,0.55,-0.4));
#2312 = DIRECTION('',(-1.734723475977E-16,0.,1.));
#2313 = DIRECTION('',(1.,0.,1.734723475977E-16));
#2314 = ADVANCED_FACE('',(#2315),#2321,.F.);
#2315 = FACE_BOUND('',#2316,.T.);
#2316 = EDGE_LOOP('',(#2317,#2318,#2319,#2320));
#2317 = ORIENTED_EDGE('',*,*,#2243,.F.);
#2318 = ORIENTED_EDGE('',*,*,#2092,.F.);
#2319 = ORIENTED_EDGE('',*,*,#2303,.F.);
#2320 = ORIENTED_EDGE('',*,*,#2274,.F.);
#2321 = PLANE('',#2322);
#2322 = AXIS2_PLACEMENT_3D('',#2323,#2324,#2325);
#2323 = CARTESIAN_POINT('',(-0.55,0.5,0.4));
#2324 = DIRECTION('',(1.,0.,2.710505431214E-16));
#2325 = DIRECTION('',(2.710505431214E-16,0.,-1.));
#2326 = ADVANCED_FACE('',(#2327),#2333,.T.);
#2327 = FACE_BOUND('',#2328,.T.);
#2328 = EDGE_LOOP('',(#2329,#2330,#2331,#2332));
#2329 = ORIENTED_EDGE('',*,*,#2074,.T.);
#2330 = ORIENTED_EDGE('',*,*,#2234,.T.);
#2331 = ORIENTED_EDGE('',*,*,#2265,.T.);
#2332 = ORIENTED_EDGE('',*,*,#2296,.T.);
#2333 = PLANE('',#2334);
#2334 = AXIS2_PLACEMENT_3D('',#2335,#2336,#2337);
#2335 = CARTESIAN_POINT('',(0.55,0.55,0.4));
#2336 = DIRECTION('',(1.,0.,-2.282530889443E-16));
#2337 = DIRECTION('',(2.282530889443E-16,0.,1.));
#2338 = ADVANCED_FACE('',(#2339,#2469),#2591,.T.);
#2339 = FACE_BOUND('',#2340,.T.);
#2340 = EDGE_LOOP('',(#2341,#2375,#2407,#2439));
#2341 = ORIENTED_EDGE('',*,*,#2342,.F.);
#2342 = EDGE_CURVE('',#2343,#2345,#2347,.T.);
#2343 = VERTEX_POINT('',#2344);
#2344 = CARTESIAN_POINT('',(-0.400863191742,0.56,0.170224524095));
#2345 = VERTEX_POINT('',#2346);
#2346 = CARTESIAN_POINT('',(-0.517880419306,0.56,-1.360961052011E-02));
#2347 = B_SPLINE_CURVE_WITH_KNOTS('',3,(#2348,#2349,#2350,#2351,#2352,
    #2353,#2354,#2355,#2356,#2357,#2358,#2359,#2360,#2361,#2362,#2363,
    #2364,#2365,#2366,#2367,#2368,#2369,#2370,#2371,#2372,#2373,#2374),
  .UNSPECIFIED.,.F.,.F.,(4,1,1,1,1,1,1,1,1,1,1,1,1,1,1,1,1,1,1,1,1,1,1,1
    ,4),(0.,3.378714634699E-02,6.662165772429E-02,9.928487809597E-02,
    0.131361165043,0.163585187595,0.196103926987,0.228902254324,
    0.262158055905,0.295991222258,0.330217845725,0.365059825892,
    0.40095073734,0.437620382077,0.475707529437,0.515380691625,
    0.556413541493,0.599764829873,0.646424155584,0.696431444518,
    0.749781517802,0.806573306976,0.867435531565,0.931886753251,1.),
  .UNSPECIFIED.);
#2348 = CARTESIAN_POINT('',(-0.400863191742,0.56,0.170224524095));
#2349 = CARTESIAN_POINT('',(-0.40362360314,0.56,0.170177888549));
#2350 = CARTESIAN_POINT('',(-0.409066595617,0.56,0.170085932356));
#2351 = CARTESIAN_POINT('',(-0.417131838161,0.56,0.169134559207));
#2352 = CARTESIAN_POINT('',(-0.424960082505,0.56,0.167605008886));
#2353 = CARTESIAN_POINT('',(-0.432589957909,0.56,0.165463348476));
#2354 = CARTESIAN_POINT('',(-0.440060609417,0.56,0.162841864845));
#2355 = CARTESIAN_POINT('',(-0.447270238083,0.56,0.159426496485));
#2356 = CARTESIAN_POINT('',(-0.454299006452,0.56,0.155493089589));
#2357 = CARTESIAN_POINT('',(-0.461128162053,0.56,0.151013547445));
#2358 = CARTESIAN_POINT('',(-0.467629378157,0.56,0.145881379132));
#2359 = CARTESIAN_POINT('',(-0.473839238689,0.56,0.140204950264));
#2360 = CARTESIAN_POINT('',(-0.479601740599,0.56,0.133842609134));
#2361 = CARTESIAN_POINT('',(-0.48496515016,0.56,0.126894816823));
#2362 = CARTESIAN_POINT('',(-0.49006255898,0.56,0.11942549259));
#2363 = CARTESIAN_POINT('',(-0.494751496312,0.56,0.111332655285));
#2364 = CARTESIAN_POINT('',(-0.499088581719,0.56,0.102648394236));
#2365 = CARTESIAN_POINT('',(-0.503052930785,0.56,9.331660316894E-02));
#2366 = CARTESIAN_POINT('',(-0.506567797137,0.56,8.320111038296E-02));
#2367 = CARTESIAN_POINT('',(-0.509672567948,0.56,7.218619253271E-02));
#2368 = CARTESIAN_POINT('',(-0.512123983695,0.56,6.01746289213E-02));
#2369 = CARTESIAN_POINT('',(-0.514222279229,0.56,4.726289221077E-02));
#2370 = CARTESIAN_POINT('',(-0.515914717533,0.56,3.339549917218E-02));
#2371 = CARTESIAN_POINT('',(-0.517070150065,0.56,1.856492135349E-02));
#2372 = CARTESIAN_POINT('',(-0.517784281568,0.56,2.780400460877E-03));
#2373 = CARTESIAN_POINT('',(-0.51784778861,0.56,-8.046576970783E-03));
#2374 = CARTESIAN_POINT('',(-0.517880419306,0.56,-1.360961052011E-02));
#2375 = ORIENTED_EDGE('',*,*,#2376,.F.);
#2376 = EDGE_CURVE('',#2377,#2343,#2379,.T.);
#2377 = VERTEX_POINT('',#2378);
#2378 = CARTESIAN_POINT('',(-0.280059906485,0.56,-1.360961052011E-02));
#2379 = B_SPLINE_CURVE_WITH_KNOTS('',3,(#2380,#2381,#2382,#2383,#2384,
    #2385,#2386,#2387,#2388,#2389,#2390,#2391,#2392,#2393,#2394,#2395,
    #2396,#2397,#2398,#2399,#2400,#2401,#2402,#2403,#2404,#2405,#2406),
  .UNSPECIFIED.,.F.,.F.,(4,1,1,1,1,1,1,1,1,1,1,1,1,1,1,1,1,1,1,1,1,1,1,1
    ,4),(0.,6.506328961728E-02,0.126773166467,0.185515763226,
    0.240764679168,0.292979796024,0.34225037278,0.388919286186,
    0.432775664058,0.474628432631,0.514774690638,0.553605893498,
    0.591426406431,0.628028119946,0.66380363411,0.698984336132,
    0.733591489307,0.767628469151,0.801208347787,0.834263839727,
    0.866980694729,0.899719741518,0.932701912499,0.966175883433,1.),
  .UNSPECIFIED.);
#2380 = CARTESIAN_POINT('',(-0.280059906485,0.56,-1.360961052011E-02));
#2381 = CARTESIAN_POINT('',(-0.28012506494,0.56,-8.257219726017E-03));
#2382 = CARTESIAN_POINT('',(-0.280252023531,0.56,2.171695459866E-03));
#2383 = CARTESIAN_POINT('',(-0.280909894208,0.56,1.742479299185E-02));
#2384 = CARTESIAN_POINT('',(-0.282205757326,0.56,3.18245973217E-02));
#2385 = CARTESIAN_POINT('',(-0.283826756157,0.56,4.540564356757E-02));
#2386 = CARTESIAN_POINT('',(-0.286071852454,0.56,5.811140545087E-02));
#2387 = CARTESIAN_POINT('',(-0.288832369079,0.56,6.998585029766E-02));
#2388 = CARTESIAN_POINT('',(-0.291897401361,0.56,8.10802574642E-02));
#2389 = CARTESIAN_POINT('',(-0.295680880772,0.56,9.13037386252E-02));
#2390 = CARTESIAN_POINT('',(-0.299821951807,0.56,0.100798910912));
#2391 = CARTESIAN_POINT('',(-0.304327471424,0.56,0.109665625745));
#2392 = CARTESIAN_POINT('',(-0.309154454033,0.56,0.117982255013));
#2393 = CARTESIAN_POINT('',(-0.314413328533,0.56,0.125682229706));
#2394 = CARTESIAN_POINT('',(-0.320018669853,0.56,0.132820095413));
#2395 = CARTESIAN_POINT('',(-0.326090448732,0.56,0.139269857678));
#2396 = CARTESIAN_POINT('',(-0.332457507242,0.56,0.145186924874));
#2397 = CARTESIAN_POINT('',(-0.339198748826,0.56,0.150452087621));
#2398 = CARTESIAN_POINT('',(-0.346239903949,0.56,0.155060568084));
#2399 = CARTESIAN_POINT('',(-0.353435811642,0.56,0.159181953123));
#2400 = CARTESIAN_POINT('',(-0.360914149976,0.56,0.162505222628));
#2401 = CARTESIAN_POINT('',(-0.368505445249,0.56,0.165358726726));
#2402 = CARTESIAN_POINT('',(-0.376318281861,0.56,0.167538771914));
#2403 = CARTESIAN_POINT('',(-0.38434292093,0.56,0.169046157467));
#2404 = CARTESIAN_POINT('',(-0.392538544522,0.56,0.170103342312));
#2405 = CARTESIAN_POINT('',(-0.398078701031,0.56,0.1701839903));
#2406 = CARTESIAN_POINT('',(-0.400863191742,0.56,0.170224524095));
#2407 = ORIENTED_EDGE('',*,*,#2408,.F.);
#2408 = EDGE_CURVE('',#2409,#2377,#2411,.T.);
#2409 = VERTEX_POINT('',#2410);
#2410 = CARTESIAN_POINT('',(-0.400863191742,0.56,-0.197724193853));
#2411 = B_SPLINE_CURVE_WITH_KNOTS('',3,(#2412,#2413,#2414,#2415,#2416,
    #2417,#2418,#2419,#2420,#2421,#2422,#2423,#2424,#2425,#2426,#2427,
    #2428,#2429,#2430,#2431,#2432,#2433,#2434,#2435,#2436,#2437,#2438),
  .UNSPECIFIED.,.F.,.F.,(4,1,1,1,1,1,1,1,1,1,1,1,1,1,1,1,1,1,1,1,1,1,1,1
    ,4),(0.,3.378811616271E-02,6.719393237388E-02,9.986241085683E-02,
    0.132566612126,0.165151173255,0.197913187356,0.231319003567,
    0.265083278267,0.299255308758,0.334398566505,0.369942823509,
    0.4062835607,0.444063819699,0.482997706873,0.523354446613,
    0.565536589604,0.609612924066,0.656390811376,0.705885494936,
    0.758324500262,0.813831782941,0.872794559039,0.93472222954,1.),
  .UNSPECIFIED.);
#2412 = CARTESIAN_POINT('',(-0.400863191742,0.56,-0.197724193853));
#2413 = CARTESIAN_POINT('',(-0.398079643893,0.56,-0.197675412336));
#2414 = CARTESIAN_POINT('',(-0.392544043004,0.56,-0.197578401245));
#2415 = CARTESIAN_POINT('',(-0.384360005479,0.56,-0.196646006992));
#2416 = CARTESIAN_POINT('',(-0.376365037308,0.56,-0.195098894682));
#2417 = CARTESIAN_POINT('',(-0.368593223437,0.56,-0.192906797224));
#2418 = CARTESIAN_POINT('',(-0.360980724791,0.56,-0.190187229558));
#2419 = CARTESIAN_POINT('',(-0.353587084026,0.56,-0.186778517847));
#2420 = CARTESIAN_POINT('',(-0.346366375862,0.56,-0.182810631113));
#2421 = CARTESIAN_POINT('',(-0.33943334711,0.56,-0.178148243382));
#2422 = CARTESIAN_POINT('',(-0.332711885575,0.56,-0.172950015762));
#2423 = CARTESIAN_POINT('',(-0.326367089278,0.56,-0.167073748882));
#2424 = CARTESIAN_POINT('',(-0.320398380688,0.56,-0.160578776955));
#2425 = CARTESIAN_POINT('',(-0.31473085015,0.56,-0.153534590567));
#2426 = CARTESIAN_POINT('',(-0.30952529043,0.56,-0.145806082083));
#2427 = CARTESIAN_POINT('',(-0.304567947206,0.56,-0.137527671102));
#2428 = CARTESIAN_POINT('',(-0.300130743616,0.56,-0.128554584622));
#2429 = CARTESIAN_POINT('',(-0.295857276098,0.56,-0.119036537838));
#2430 = CARTESIAN_POINT('',(-0.292168577424,0.56,-0.108710171958));
#2431 = CARTESIAN_POINT('',(-0.288841952897,0.56,-9.763369590579E-02));
#2432 = CARTESIAN_POINT('',(-0.28615405604,0.56,-8.567627722045E-02));
#2433 = CARTESIAN_POINT('',(-0.283915128806,0.56,-7.290065269094E-02));
#2434 = CARTESIAN_POINT('',(-0.282180639211,0.56,-5.925990436693E-02));
#2435 = CARTESIAN_POINT('',(-0.280917375003,0.56,-4.478327281575E-02));
#2436 = CARTESIAN_POINT('',(-0.280250066499,0.56,-2.946123375167E-02));
#2437 = CARTESIAN_POINT('',(-0.280124396379,0.56,-1.898544883396E-02));
#2438 = CARTESIAN_POINT('',(-0.280059906485,0.56,-1.360961052011E-02));
#2439 = ORIENTED_EDGE('',*,*,#2440,.F.);
#2440 = EDGE_CURVE('',#2345,#2409,#2441,.T.);
#2441 = B_SPLINE_CURVE_WITH_KNOTS('',3,(#2442,#2443,#2444,#2445,#2446,
    #2447,#2448,#2449,#2450,#2451,#2452,#2453,#2454,#2455,#2456,#2457,
    #2458,#2459,#2460,#2461,#2462,#2463,#2464,#2465,#2466,#2467,#2468),
  .UNSPECIFIED.,.F.,.F.,(4,1,1,1,1,1,1,1,1,1,1,1,1,1,1,1,1,1,1,1,1,1,1,1
    ,4),(0.,6.859462225874E-02,0.133246042443,0.194312586468,
    0.251279223117,0.304513439256,0.354234906653,0.400480588774,
    0.443410754938,0.484014868616,0.523252300773,0.561042372728,
    0.597900239364,0.633518488856,0.66831435117,0.702495671286,
    0.736685353513,0.770293169361,0.803437255019,0.835912951666,
    0.868460245789,0.900846538243,0.933466524631,0.966257575298,1.),
  .UNSPECIFIED.);
#2442 = CARTESIAN_POINT('',(-0.517880419306,0.56,-1.360961052011E-02));
#2443 = CARTESIAN_POINT('',(-0.51784761749,0.56,-1.921934929353E-02));
#2444 = CARTESIAN_POINT('',(-0.51778389949,0.56,-3.011634771828E-02));
#2445 = CARTESIAN_POINT('',(-0.517075057396,0.56,-4.599481192496E-02));
#2446 = CARTESIAN_POINT('',(-0.515897523165,0.56,-6.089084082448E-02));
#2447 = CARTESIAN_POINT('',(-0.51428378588,0.56,-7.480514742832E-02));
#2448 = CARTESIAN_POINT('',(-0.512319987857,0.56,-8.774132388009E-02));
#2449 = CARTESIAN_POINT('',(-0.509698439197,0.56,-9.966479959372E-02));
#2450 = CARTESIAN_POINT('',(-0.506717158936,0.56,-0.110630760255));
#2451 = CARTESIAN_POINT('',(-0.503261914355,0.56,-0.120674965103));
#2452 = CARTESIAN_POINT('',(-0.499363135453,0.56,-0.129932735405));
#2453 = CARTESIAN_POINT('',(-0.495119709381,0.56,-0.138575255534));
#2454 = CARTESIAN_POINT('',(-0.490363229938,0.56,-0.146589448768));
#2455 = CARTESIAN_POINT('',(-0.485365538646,0.56,-0.15410322781));
#2456 = CARTESIAN_POINT('',(-0.479924331483,0.56,-0.160993597289));
#2457 = CARTESIAN_POINT('',(-0.474194452436,0.56,-0.167357863541));
#2458 = CARTESIAN_POINT('',(-0.467952264809,0.56,-0.173048938588));
#2459 = CARTESIAN_POINT('',(-0.461409963982,0.56,-0.178233568826));
#2460 = CARTESIAN_POINT('',(-0.454508317543,0.56,-0.182778515993));
#2461 = CARTESIAN_POINT('',(-0.447444050929,0.56,-0.186781789855));
#2462 = CARTESIAN_POINT('',(-0.440168540343,0.56,-0.190201776581));
#2463 = CARTESIAN_POINT('',(-0.432661922053,0.56,-0.192890820167));
#2464 = CARTESIAN_POINT('',(-0.424991666264,0.56,-0.195111904844));
#2465 = CARTESIAN_POINT('',(-0.417130959595,0.56,-0.196630799609));
#2466 = CARTESIAN_POINT('',(-0.409066823201,0.56,-0.197586490458));
#2467 = CARTESIAN_POINT('',(-0.403623679722,0.56,-0.197677857232));
#2468 = CARTESIAN_POINT('',(-0.400863191742,0.56,-0.197724193853));
#2469 = FACE_BOUND('',#2470,.T.);
#2470 = EDGE_LOOP('',(#2471,#2501,#2529,#2557,#2573));
#2471 = ORIENTED_EDGE('',*,*,#2472,.F.);
#2472 = EDGE_CURVE('',#2473,#2475,#2477,.T.);
#2473 = VERTEX_POINT('',#2474);
#2474 = CARTESIAN_POINT('',(-0.486470162896,0.56,-1.374983487908E-02));
#2475 = VERTEX_POINT('',#2476);
#2476 = CARTESIAN_POINT('',(-0.39981150905,0.56,0.134327088198));
#2477 = B_SPLINE_CURVE_WITH_KNOTS('',3,(#2478,#2479,#2480,#2481,#2482,
    #2483,#2484,#2485,#2486,#2487,#2488,#2489,#2490,#2491,#2492,#2493,
    #2494,#2495,#2496,#2497,#2498,#2499,#2500),.UNSPECIFIED.,.F.,.F.,(4,
    1,1,1,1,1,1,1,1,1,1,1,1,1,1,1,1,1,1,1,4),(0.,7.295106587587E-02,
    0.141583694187,0.205926460171,0.265301357185,0.320597232714,
    0.371816503099,0.418789769709,0.461698728616,0.502133582104,
    0.540804315293,0.578180525328,0.614296865208,0.649678243265,
    0.68429946009,0.718358952772,0.752080864648,0.817652438602,
    0.879722076405,0.939965559731,1.),.UNSPECIFIED.);
#2478 = CARTESIAN_POINT('',(-0.486470162896,0.56,-1.374983487908E-02));
#2479 = CARTESIAN_POINT('',(-0.486458218189,0.56,-9.074964998696E-03));
#2480 = CARTESIAN_POINT('',(-0.486435035859,0.56,-1.960518780212E-06));
#2481 = CARTESIAN_POINT('',(-0.485829415801,0.56,1.318236557881E-02));
#2482 = CARTESIAN_POINT('',(-0.485004392601,0.56,2.547939846053E-02));
#2483 = CARTESIAN_POINT('',(-0.483940262882,0.56,3.690475210704E-02));
#2484 = CARTESIAN_POINT('',(-0.48235996803,0.56,4.741975335802E-02));
#2485 = CARTESIAN_POINT('',(-0.480589289248,0.56,5.709672166454E-02));
#2486 = CARTESIAN_POINT('',(-0.478434480286,0.56,6.588444537592E-02));
#2487 = CARTESIAN_POINT('',(-0.475884978499,0.56,7.384322644637E-02));
#2488 = CARTESIAN_POINT('',(-0.47298106881,0.56,8.110813329591E-02));
#2489 = CARTESIAN_POINT('',(-0.469810482443,0.56,8.786825480864E-02));
#2490 = CARTESIAN_POINT('',(-0.466404410153,0.56,9.420344845222E-02));
#2491 = CARTESIAN_POINT('',(-0.462592495097,0.56,0.10005680929));
#2492 = CARTESIAN_POINT('',(-0.458440988774,0.56,0.105447425697));
#2493 = CARTESIAN_POINT('',(-0.454043662861,0.56,0.110470708929));
#2494 = CARTESIAN_POINT('',(-0.449236404436,0.56,0.114950407063));
#2495 = CARTESIAN_POINT('',(-0.442586030182,0.56,0.120323092566));
#2496 = CARTESIAN_POINT('',(-0.433806382739,0.56,0.125875005939));
#2497 = CARTESIAN_POINT('',(-0.422744337216,0.56,0.130709614922));
#2498 = CARTESIAN_POINT('',(-0.411377492118,0.56,0.133747860565));
#2499 = CARTESIAN_POINT('',(-0.403662367109,0.56,0.134134236161));
#2500 = CARTESIAN_POINT('',(-0.39981150905,0.56,0.134327088198));
#2501 = ORIENTED_EDGE('',*,*,#2502,.F.);
#2502 = EDGE_CURVE('',#2503,#2473,#2505,.T.);
#2503 = VERTEX_POINT('',#2504);
#2504 = CARTESIAN_POINT('',(-0.39981150905,0.56,-0.161826757956));
#2505 = B_SPLINE_CURVE_WITH_KNOTS('',3,(#2506,#2507,#2508,#2509,#2510,
    #2511,#2512,#2513,#2514,#2515,#2516,#2517,#2518,#2519,#2520,#2521,
    #2522,#2523,#2524,#2525,#2526,#2527,#2528),.UNSPECIFIED.,.F.,.F.,(4,
    1,1,1,1,1,1,1,1,1,1,1,1,1,1,1,1,1,1,1,4),(0.,6.038661931106E-02,
    0.120883248586,0.182754618625,0.247811029758,0.281299100043,
    0.315087624151,0.34970239555,0.384856581119,0.420966197226,
    0.458511188261,0.497174722127,0.537602047866,0.58050301842,
    0.627467540027,0.678388209559,0.733983220593,0.793746704551,
    0.857713672161,0.926697864361,1.),.UNSPECIFIED.);
#2506 = CARTESIAN_POINT('',(-0.39981150905,0.56,-0.161826757956));
#2507 = CARTESIAN_POINT('',(-0.403682568258,0.56,-0.161623613291));
#2508 = CARTESIAN_POINT('',(-0.411431738819,0.56,-0.161216953881));
#2509 = CARTESIAN_POINT('',(-0.422876534291,0.56,-0.158347628522));
#2510 = CARTESIAN_POINT('',(-0.433846969456,0.56,-0.153346331928));
#2511 = CARTESIAN_POINT('',(-0.442571266924,0.56,-0.147851094681));
#2512 = CARTESIAN_POINT('',(-0.449257645574,0.56,-0.142617263537));
#2513 = CARTESIAN_POINT('',(-0.453965914912,0.56,-0.138078618131));
#2514 = CARTESIAN_POINT('',(-0.458380532134,0.56,-0.133113992695));
#2515 = CARTESIAN_POINT('',(-0.462447302147,0.56,-0.12767380121));
#2516 = CARTESIAN_POINT('',(-0.466256230467,0.56,-0.121827264478));
#2517 = CARTESIAN_POINT('',(-0.469754331724,0.56,-0.115528388005));
#2518 = CARTESIAN_POINT('',(-0.472906064692,0.56,-0.108745251583));
#2519 = CARTESIAN_POINT('',(-0.47581451831,0.56,-0.101483608041));
#2520 = CARTESIAN_POINT('',(-0.478371797113,0.56,-9.352551359747E-02));
#2521 = CARTESIAN_POINT('',(-0.480481193436,0.56,-8.474861423812E-02));
#2522 = CARTESIAN_POINT('',(-0.482429898748,0.56,-7.51024250592E-02));
#2523 = CARTESIAN_POINT('',(-0.483809425638,0.56,-6.453047426469E-02));
#2524 = CARTESIAN_POINT('',(-0.485035801214,0.56,-5.310225892776E-02));
#2525 = CARTESIAN_POINT('',(-0.485823936009,0.56,-4.077452710483E-02));
#2526 = CARTESIAN_POINT('',(-0.486437061756,0.56,-2.756808906459E-02));
#2527 = CARTESIAN_POINT('',(-0.486458908192,0.56,-1.844817321433E-02));
#2528 = CARTESIAN_POINT('',(-0.486470162896,0.56,-1.374983487908E-02));
#2529 = ORIENTED_EDGE('',*,*,#2530,.F.);
#2530 = EDGE_CURVE('',#2531,#2503,#2533,.T.);
#2531 = VERTEX_POINT('',#2532);
#2532 = CARTESIAN_POINT('',(-0.311470162896,0.56,-1.374983487908E-02));
#2533 = B_SPLINE_CURVE_WITH_KNOTS('',3,(#2534,#2535,#2536,#2537,#2538,
    #2539,#2540,#2541,#2542,#2543,#2544,#2545,#2546,#2547,#2548,#2549,
    #2550,#2551,#2552,#2553,#2554,#2555,#2556),.UNSPECIFIED.,.F.,.F.,(4,
    1,1,1,1,1,1,1,1,1,1,1,1,1,1,1,1,1,1,1,4),(0.,6.568119799064E-02,
    0.128486464174,0.188175130328,0.24510613067,0.299448424529,
    0.350822936009,0.399941680534,0.446671743632,0.491254533373,
    0.53337634427,0.573852754968,0.612526311719,0.649597136445,
    0.685532041554,0.720105786068,0.753837662974,0.818925416047,
    0.88049346165,0.940311333846,1.),.UNSPECIFIED.);
#2534 = CARTESIAN_POINT('',(-0.311470162896,0.56,-1.374983487908E-02));
#2535 = CARTESIAN_POINT('',(-0.311525181819,0.56,-1.795659213089E-02));
#2536 = CARTESIAN_POINT('',(-0.311632810595,0.56,-2.618590860894E-02));
#2537 = CARTESIAN_POINT('',(-0.312044209365,0.56,-3.823772667516E-02));
#2538 = CARTESIAN_POINT('',(-0.313106566814,0.56,-4.968450276607E-02));
#2539 = CARTESIAN_POINT('',(-0.3142864787,0.56,-6.05755500325E-02));
#2540 = CARTESIAN_POINT('',(-0.31602620081,0.56,-7.085058030295E-02));
#2541 = CARTESIAN_POINT('',(-0.317901981498,0.56,-8.059561082858E-02));
#2542 = CARTESIAN_POINT('',(-0.320422102727,0.56,-8.968991331052E-02));
#2543 = CARTESIAN_POINT('',(-0.323114080224,0.56,-9.827587148168E-02));
#2544 = CARTESIAN_POINT('',(-0.326195119777,0.56,-0.106255936932));
#2545 = CARTESIAN_POINT('',(-0.329586693203,0.56,-0.113667315568));
#2546 = CARTESIAN_POINT('',(-0.33320886908,0.56,-0.120545788044));
#2547 = CARTESIAN_POINT('',(-0.337143093126,0.56,-0.126872482201));
#2548 = CARTESIAN_POINT('',(-0.341342661432,0.56,-0.132675736492));
#2549 = CARTESIAN_POINT('',(-0.345918416352,0.56,-0.137839195948));
#2550 = CARTESIAN_POINT('',(-0.350688853633,0.56,-0.142522892759));
#2551 = CARTESIAN_POINT('',(-0.357370572215,0.56,-0.147869149671));
#2552 = CARTESIAN_POINT('',(-0.366118001195,0.56,-0.153320319219));
#2553 = CARTESIAN_POINT('',(-0.37700256593,0.56,-0.158336895205));
#2554 = CARTESIAN_POINT('',(-0.388329630355,0.56,-0.161217724468));
#2555 = CARTESIAN_POINT('',(-0.395986975764,0.56,-0.161623893171));
#2556 = CARTESIAN_POINT('',(-0.39981150905,0.56,-0.161826757956));
#2557 = ORIENTED_EDGE('',*,*,#2558,.F.);
#2558 = EDGE_CURVE('',#2559,#2531,#2561,.T.);
#2559 = VERTEX_POINT('',#2560);
#2560 = CARTESIAN_POINT('',(-0.324721364819,0.56,7.424095037733E-02));
#2561 = B_SPLINE_CURVE_WITH_KNOTS('',3,(#2562,#2563,#2564,#2565,#2566,
    #2567,#2568,#2569,#2570,#2571,#2572),.UNSPECIFIED.,.F.,.F.,(4,1,1,1,
    1,1,1,1,4),(0.,0.110588338595,0.224541754054,0.34250349405,
    0.464324098417,0.590756032702,0.722227475356,0.858842836209,1.),
  .UNSPECIFIED.);
#2562 = CARTESIAN_POINT('',(-0.324721364819,0.56,7.424095037733E-02));
#2563 = CARTESIAN_POINT('',(-0.323666188039,0.56,7.11179764307E-02));
#2564 = CARTESIAN_POINT('',(-0.321523726656,0.56,6.477700000635E-02));
#2565 = CARTESIAN_POINT('',(-0.318762549229,0.56,5.49406347983E-02));
#2566 = CARTESIAN_POINT('',(-0.316588009309,0.56,4.462035840451E-02));
#2567 = CARTESIAN_POINT('',(-0.314631672734,0.56,3.387784673266E-02));
#2568 = CARTESIAN_POINT('',(-0.313296367144,0.56,2.263387663156E-02));
#2569 = CARTESIAN_POINT('',(-0.312221585816,0.56,1.092323823999E-02));
#2570 = CARTESIAN_POINT('',(-0.311588517122,0.56,-1.262897983555E-03));
#2571 = CARTESIAN_POINT('',(-0.311510042015,0.56,-9.54239710308E-03));
#2572 = CARTESIAN_POINT('',(-0.311470162896,0.56,-1.374983487908E-02));
#2573 = ORIENTED_EDGE('',*,*,#2574,.F.);
#2574 = EDGE_CURVE('',#2475,#2559,#2575,.T.);
#2575 = B_SPLINE_CURVE_WITH_KNOTS('',3,(#2576,#2577,#2578,#2579,#2580,
    #2581,#2582,#2583,#2584,#2585,#2586,#2587,#2588,#2589,#2590),
  .UNSPECIFIED.,.F.,.F.,(4,1,1,1,1,1,1,1,1,1,1,1,4),(0.,0.112813400744,
    0.225393883921,0.339594814563,0.459675410225,0.521735190088,
    0.583925838739,0.648174144765,0.713881038113,0.781004454907,
    0.851450927557,0.924050692664,1.),.UNSPECIFIED.);
#2576 = CARTESIAN_POINT('',(-0.39981150905,0.56,0.134327088198));
#2577 = CARTESIAN_POINT('',(-0.395935741884,0.56,0.134167310117));
#2578 = CARTESIAN_POINT('',(-0.388192209566,0.56,0.133848083836));
#2579 = CARTESIAN_POINT('',(-0.376878830051,0.56,0.130768210099));
#2580 = CARTESIAN_POINT('',(-0.365895803043,0.56,0.126121256153));
#2581 = CARTESIAN_POINT('',(-0.357288609015,0.56,0.120626505611));
#2582 = CARTESIAN_POINT('',(-0.350740354665,0.56,0.115393672666));
#2583 = CARTESIAN_POINT('',(-0.346048655654,0.56,0.110932207834));
#2584 = CARTESIAN_POINT('',(-0.341742450811,0.56,0.105936621104));
#2585 = CARTESIAN_POINT('',(-0.337658243325,0.56,0.100546691512));
#2586 = CARTESIAN_POINT('',(-0.333912335758,0.56,9.465944309484E-02));
#2587 = CARTESIAN_POINT('',(-0.330506021988,0.56,8.830318556823E-02));
#2588 = CARTESIAN_POINT('',(-0.327397687234,0.56,8.146026777701E-02));
#2589 = CARTESIAN_POINT('',(-0.325626782639,0.56,7.668329386543E-02));
#2590 = CARTESIAN_POINT('',(-0.324721364819,0.56,7.424095037733E-02));
#2591 = PLANE('',#2592);
#2592 = AXIS2_PLACEMENT_3D('',#2593,#2594,#2595);
#2593 = CARTESIAN_POINT('',(-0.497328656668,0.56,0.106108676337));
#2594 = DIRECTION('',(-5.252061260554E-14,1.,7.839144960088E-13));
#2595 = DIRECTION('',(0.,-7.839144960088E-13,1.));
#2596 = ADVANCED_FACE('',(#2597),#2613,.T.);
#2597 = FACE_BOUND('',#2598,.T.);
#2598 = EDGE_LOOP('',(#2599,#2600,#2606,#2607));
#2599 = ORIENTED_EDGE('',*,*,#1978,.F.);
#2600 = ORIENTED_EDGE('',*,*,#2601,.F.);
#2601 = EDGE_CURVE('',#2343,#1947,#2602,.T.);
#2602 = LINE('',#2603,#2604);
#2603 = CARTESIAN_POINT('',(-0.400863191742,0.56,0.170224524095));
#2604 = VECTOR('',#2605,1.);
#2605 = DIRECTION('',(-3.761581922631E-31,-1.,-9.429630734102E-47));
#2606 = ORIENTED_EDGE('',*,*,#2342,.T.);
#2607 = ORIENTED_EDGE('',*,*,#2608,.T.);
#2608 = EDGE_CURVE('',#2345,#1979,#2609,.T.);
#2609 = LINE('',#2610,#2611);
#2610 = CARTESIAN_POINT('',(-0.517880419306,0.56,-1.360961052011E-02));
#2611 = VECTOR('',#2612,1.);
#2612 = DIRECTION('',(-3.761581922631E-31,-1.,-9.429630734102E-47));
#2613 = B_SPLINE_SURFACE_WITH_KNOTS('',3,1,(
    (#2614,#2615)
    ,(#2616,#2617)
    ,(#2618,#2619)
    ,(#2620,#2621)
    ,(#2622,#2623)
    ,(#2624,#2625)
    ,(#2626,#2627)
    ,(#2628,#2629)
    ,(#2630,#2631)
    ,(#2632,#2633)
    ,(#2634,#2635)
    ,(#2636,#2637)
    ,(#2638,#2639)
    ,(#2640,#2641)
    ,(#2642,#2643)
    ,(#2644,#2645)
    ,(#2646,#2647)
    ,(#2648,#2649)
    ,(#2650,#2651)
    ,(#2652,#2653)
    ,(#2654,#2655)
    ,(#2656,#2657)
    ,(#2658,#2659)
    ,(#2660,#2661)
    ,(#2662,#2663)
    ,(#2664,#2665)
    ,(#2666,#2667
    )),.UNSPECIFIED.,.F.,.F.,.F.,(4,1,1,1,1,1,1,1,1,1,1,1,1,1,1,1,1,1,1,
    1,1,1,1,1,4),(2,2),(0.,3.378714634699E-02,6.662165772429E-02,
    9.928487809597E-02,0.131361165043,0.163585187595,0.196103926987,
    0.228902254324,0.262158055905,0.295991222258,0.330217845725,
    0.365059825892,0.40095073734,0.437620382077,0.475707529437,
    0.515380691625,0.556413541493,0.599764829873,0.646424155584,
    0.696431444518,0.749781517802,0.806573306976,0.867435531565,
    0.931886753251,1.),(0.,1.),.UNSPECIFIED.);
#2614 = CARTESIAN_POINT('',(-0.400863191742,0.56,0.170224524095));
#2615 = CARTESIAN_POINT('',(-0.400863191742,0.55,0.170224524095));
#2616 = CARTESIAN_POINT('',(-0.40362360314,0.56,0.170177888549));
#2617 = CARTESIAN_POINT('',(-0.40362360314,0.55,0.170177888549));
#2618 = CARTESIAN_POINT('',(-0.409066595617,0.56,0.170085932356));
#2619 = CARTESIAN_POINT('',(-0.409066595617,0.55,0.170085932356));
#2620 = CARTESIAN_POINT('',(-0.417131838161,0.56,0.169134559207));
#2621 = CARTESIAN_POINT('',(-0.417131838161,0.55,0.169134559207));
#2622 = CARTESIAN_POINT('',(-0.424960082505,0.56,0.167605008886));
#2623 = CARTESIAN_POINT('',(-0.424960082505,0.55,0.167605008886));
#2624 = CARTESIAN_POINT('',(-0.432589957909,0.56,0.165463348476));
#2625 = CARTESIAN_POINT('',(-0.432589957909,0.55,0.165463348476));
#2626 = CARTESIAN_POINT('',(-0.440060609417,0.56,0.162841864845));
#2627 = CARTESIAN_POINT('',(-0.440060609417,0.55,0.162841864845));
#2628 = CARTESIAN_POINT('',(-0.447270238083,0.56,0.159426496485));
#2629 = CARTESIAN_POINT('',(-0.447270238083,0.55,0.159426496485));
#2630 = CARTESIAN_POINT('',(-0.454299006452,0.56,0.155493089589));
#2631 = CARTESIAN_POINT('',(-0.454299006452,0.55,0.155493089589));
#2632 = CARTESIAN_POINT('',(-0.461128162053,0.56,0.151013547445));
#2633 = CARTESIAN_POINT('',(-0.461128162053,0.55,0.151013547445));
#2634 = CARTESIAN_POINT('',(-0.467629378157,0.56,0.145881379132));
#2635 = CARTESIAN_POINT('',(-0.467629378157,0.55,0.145881379132));
#2636 = CARTESIAN_POINT('',(-0.473839238689,0.56,0.140204950264));
#2637 = CARTESIAN_POINT('',(-0.473839238689,0.55,0.140204950264));
#2638 = CARTESIAN_POINT('',(-0.479601740599,0.56,0.133842609134));
#2639 = CARTESIAN_POINT('',(-0.479601740599,0.55,0.133842609134));
#2640 = CARTESIAN_POINT('',(-0.48496515016,0.56,0.126894816823));
#2641 = CARTESIAN_POINT('',(-0.48496515016,0.55,0.126894816823));
#2642 = CARTESIAN_POINT('',(-0.49006255898,0.56,0.11942549259));
#2643 = CARTESIAN_POINT('',(-0.49006255898,0.55,0.11942549259));
#2644 = CARTESIAN_POINT('',(-0.494751496312,0.56,0.111332655285));
#2645 = CARTESIAN_POINT('',(-0.494751496312,0.55,0.111332655285));
#2646 = CARTESIAN_POINT('',(-0.499088581719,0.56,0.102648394236));
#2647 = CARTESIAN_POINT('',(-0.499088581719,0.55,0.102648394236));
#2648 = CARTESIAN_POINT('',(-0.503052930785,0.56,9.331660316894E-02));
#2649 = CARTESIAN_POINT('',(-0.503052930785,0.55,9.331660316894E-02));
#2650 = CARTESIAN_POINT('',(-0.506567797137,0.56,8.320111038296E-02));
#2651 = CARTESIAN_POINT('',(-0.506567797137,0.55,8.320111038296E-02));
#2652 = CARTESIAN_POINT('',(-0.509672567948,0.56,7.218619253271E-02));
#2653 = CARTESIAN_POINT('',(-0.509672567948,0.55,7.218619253271E-02));
#2654 = CARTESIAN_POINT('',(-0.512123983695,0.56,6.01746289213E-02));
#2655 = CARTESIAN_POINT('',(-0.512123983695,0.55,6.01746289213E-02));
#2656 = CARTESIAN_POINT('',(-0.514222279229,0.56,4.726289221077E-02));
#2657 = CARTESIAN_POINT('',(-0.514222279229,0.55,4.726289221077E-02));
#2658 = CARTESIAN_POINT('',(-0.515914717533,0.56,3.339549917218E-02));
#2659 = CARTESIAN_POINT('',(-0.515914717533,0.55,3.339549917218E-02));
#2660 = CARTESIAN_POINT('',(-0.517070150065,0.56,1.856492135349E-02));
#2661 = CARTESIAN_POINT('',(-0.517070150065,0.55,1.856492135349E-02));
#2662 = CARTESIAN_POINT('',(-0.517784281568,0.56,2.780400460877E-03));
#2663 = CARTESIAN_POINT('',(-0.517784281568,0.55,2.780400460877E-03));
#2664 = CARTESIAN_POINT('',(-0.51784778861,0.56,-8.046576970783E-03));
#2665 = CARTESIAN_POINT('',(-0.51784778861,0.55,-8.046576970783E-03));
#2666 = CARTESIAN_POINT('',(-0.517880419306,0.56,-1.360961052011E-02));
#2667 = CARTESIAN_POINT('',(-0.517880419306,0.55,-1.360961052011E-02));
#2668 = ADVANCED_FACE('',(#2669),#2680,.T.);
#2669 = FACE_BOUND('',#2670,.T.);
#2670 = EDGE_LOOP('',(#2671,#2672,#2678,#2679));
#2671 = ORIENTED_EDGE('',*,*,#1944,.F.);
#2672 = ORIENTED_EDGE('',*,*,#2673,.F.);
#2673 = EDGE_CURVE('',#2377,#1945,#2674,.T.);
#2674 = LINE('',#2675,#2676);
#2675 = CARTESIAN_POINT('',(-0.280059906485,0.56,-1.360961052011E-02));
#2676 = VECTOR('',#2677,1.);
#2677 = DIRECTION('',(-3.761581922631E-31,-1.,-9.429630734102E-47));
#2678 = ORIENTED_EDGE('',*,*,#2376,.T.);
#2679 = ORIENTED_EDGE('',*,*,#2601,.T.);
#2680 = B_SPLINE_SURFACE_WITH_KNOTS('',3,1,(
    (#2681,#2682)
    ,(#2683,#2684)
    ,(#2685,#2686)
    ,(#2687,#2688)
    ,(#2689,#2690)
    ,(#2691,#2692)
    ,(#2693,#2694)
    ,(#2695,#2696)
    ,(#2697,#2698)
    ,(#2699,#2700)
    ,(#2701,#2702)
    ,(#2703,#2704)
    ,(#2705,#2706)
    ,(#2707,#2708)
    ,(#2709,#2710)
    ,(#2711,#2712)
    ,(#2713,#2714)
    ,(#2715,#2716)
    ,(#2717,#2718)
    ,(#2719,#2720)
    ,(#2721,#2722)
    ,(#2723,#2724)
    ,(#2725,#2726)
    ,(#2727,#2728)
    ,(#2729,#2730)
    ,(#2731,#2732)
    ,(#2733,#2734
    )),.UNSPECIFIED.,.F.,.F.,.F.,(4,1,1,1,1,1,1,1,1,1,1,1,1,1,1,1,1,1,1,
    1,1,1,1,1,4),(2,2),(0.,6.506328961728E-02,0.126773166467,
    0.185515763226,0.240764679168,0.292979796024,0.34225037278,
    0.388919286186,0.432775664058,0.474628432631,0.514774690638,
    0.553605893498,0.591426406431,0.628028119946,0.66380363411,
    0.698984336132,0.733591489307,0.767628469151,0.801208347787,
    0.834263839727,0.866980694729,0.899719741518,0.932701912499,
    0.966175883433,1.),(0.,1.),.UNSPECIFIED.);
#2681 = CARTESIAN_POINT('',(-0.280059906485,0.56,-1.360961052011E-02));
#2682 = CARTESIAN_POINT('',(-0.280059906485,0.55,-1.360961052011E-02));
#2683 = CARTESIAN_POINT('',(-0.28012506494,0.56,-8.257219726017E-03));
#2684 = CARTESIAN_POINT('',(-0.28012506494,0.55,-8.257219726017E-03));
#2685 = CARTESIAN_POINT('',(-0.280252023531,0.56,2.171695459866E-03));
#2686 = CARTESIAN_POINT('',(-0.280252023531,0.55,2.171695459866E-03));
#2687 = CARTESIAN_POINT('',(-0.280909894208,0.56,1.742479299185E-02));
#2688 = CARTESIAN_POINT('',(-0.280909894208,0.55,1.742479299185E-02));
#2689 = CARTESIAN_POINT('',(-0.282205757326,0.56,3.18245973217E-02));
#2690 = CARTESIAN_POINT('',(-0.282205757326,0.55,3.18245973217E-02));
#2691 = CARTESIAN_POINT('',(-0.283826756157,0.56,4.540564356757E-02));
#2692 = CARTESIAN_POINT('',(-0.283826756157,0.55,4.540564356757E-02));
#2693 = CARTESIAN_POINT('',(-0.286071852454,0.56,5.811140545087E-02));
#2694 = CARTESIAN_POINT('',(-0.286071852454,0.55,5.811140545087E-02));
#2695 = CARTESIAN_POINT('',(-0.288832369079,0.56,6.998585029766E-02));
#2696 = CARTESIAN_POINT('',(-0.288832369079,0.55,6.998585029766E-02));
#2697 = CARTESIAN_POINT('',(-0.291897401361,0.56,8.10802574642E-02));
#2698 = CARTESIAN_POINT('',(-0.291897401361,0.55,8.10802574642E-02));
#2699 = CARTESIAN_POINT('',(-0.295680880772,0.56,9.13037386252E-02));
#2700 = CARTESIAN_POINT('',(-0.295680880772,0.55,9.13037386252E-02));
#2701 = CARTESIAN_POINT('',(-0.299821951807,0.56,0.100798910912));
#2702 = CARTESIAN_POINT('',(-0.299821951807,0.55,0.100798910912));
#2703 = CARTESIAN_POINT('',(-0.304327471424,0.56,0.109665625745));
#2704 = CARTESIAN_POINT('',(-0.304327471424,0.55,0.109665625745));
#2705 = CARTESIAN_POINT('',(-0.309154454033,0.56,0.117982255013));
#2706 = CARTESIAN_POINT('',(-0.309154454033,0.55,0.117982255013));
#2707 = CARTESIAN_POINT('',(-0.314413328533,0.56,0.125682229706));
#2708 = CARTESIAN_POINT('',(-0.314413328533,0.55,0.125682229706));
#2709 = CARTESIAN_POINT('',(-0.320018669853,0.56,0.132820095413));
#2710 = CARTESIAN_POINT('',(-0.320018669853,0.55,0.132820095413));
#2711 = CARTESIAN_POINT('',(-0.326090448732,0.56,0.139269857678));
#2712 = CARTESIAN_POINT('',(-0.326090448732,0.55,0.139269857678));
#2713 = CARTESIAN_POINT('',(-0.332457507242,0.56,0.145186924874));
#2714 = CARTESIAN_POINT('',(-0.332457507242,0.55,0.145186924874));
#2715 = CARTESIAN_POINT('',(-0.339198748826,0.56,0.150452087621));
#2716 = CARTESIAN_POINT('',(-0.339198748826,0.55,0.150452087621));
#2717 = CARTESIAN_POINT('',(-0.346239903949,0.56,0.155060568084));
#2718 = CARTESIAN_POINT('',(-0.346239903949,0.55,0.155060568084));
#2719 = CARTESIAN_POINT('',(-0.353435811642,0.56,0.159181953123));
#2720 = CARTESIAN_POINT('',(-0.353435811642,0.55,0.159181953123));
#2721 = CARTESIAN_POINT('',(-0.360914149976,0.56,0.162505222628));
#2722 = CARTESIAN_POINT('',(-0.360914149976,0.55,0.162505222628));
#2723 = CARTESIAN_POINT('',(-0.368505445249,0.56,0.165358726726));
#2724 = CARTESIAN_POINT('',(-0.368505445249,0.55,0.165358726726));
#2725 = CARTESIAN_POINT('',(-0.376318281861,0.56,0.167538771914));
#2726 = CARTESIAN_POINT('',(-0.376318281861,0.55,0.167538771914));
#2727 = CARTESIAN_POINT('',(-0.38434292093,0.56,0.169046157467));
#2728 = CARTESIAN_POINT('',(-0.38434292093,0.55,0.169046157467));
#2729 = CARTESIAN_POINT('',(-0.392538544522,0.56,0.170103342312));
#2730 = CARTESIAN_POINT('',(-0.392538544522,0.55,0.170103342312));
#2731 = CARTESIAN_POINT('',(-0.398078701031,0.56,0.1701839903));
#2732 = CARTESIAN_POINT('',(-0.398078701031,0.55,0.1701839903));
#2733 = CARTESIAN_POINT('',(-0.400863191742,0.56,0.170224524095));
#2734 = CARTESIAN_POINT('',(-0.400863191742,0.55,0.170224524095));
#2735 = ADVANCED_FACE('',(#2736),#2747,.T.);
#2736 = FACE_BOUND('',#2737,.T.);
#2737 = EDGE_LOOP('',(#2738,#2739,#2745,#2746));
#2738 = ORIENTED_EDGE('',*,*,#2042,.F.);
#2739 = ORIENTED_EDGE('',*,*,#2740,.F.);
#2740 = EDGE_CURVE('',#2409,#2011,#2741,.T.);
#2741 = LINE('',#2742,#2743);
#2742 = CARTESIAN_POINT('',(-0.400863191742,0.56,-0.197724193853));
#2743 = VECTOR('',#2744,1.);
#2744 = DIRECTION('',(-3.761581922631E-31,-1.,-9.429630734102E-47));
#2745 = ORIENTED_EDGE('',*,*,#2408,.T.);
#2746 = ORIENTED_EDGE('',*,*,#2673,.T.);
#2747 = B_SPLINE_SURFACE_WITH_KNOTS('',3,1,(
    (#2748,#2749)
    ,(#2750,#2751)
    ,(#2752,#2753)
    ,(#2754,#2755)
    ,(#2756,#2757)
    ,(#2758,#2759)
    ,(#2760,#2761)
    ,(#2762,#2763)
    ,(#2764,#2765)
    ,(#2766,#2767)
    ,(#2768,#2769)
    ,(#2770,#2771)
    ,(#2772,#2773)
    ,(#2774,#2775)
    ,(#2776,#2777)
    ,(#2778,#2779)
    ,(#2780,#2781)
    ,(#2782,#2783)
    ,(#2784,#2785)
    ,(#2786,#2787)
    ,(#2788,#2789)
    ,(#2790,#2791)
    ,(#2792,#2793)
    ,(#2794,#2795)
    ,(#2796,#2797)
    ,(#2798,#2799)
    ,(#2800,#2801
    )),.UNSPECIFIED.,.F.,.F.,.F.,(4,1,1,1,1,1,1,1,1,1,1,1,1,1,1,1,1,1,1,
    1,1,1,1,1,4),(2,2),(0.,3.378811616271E-02,6.719393237388E-02,
    9.986241085683E-02,0.132566612126,0.165151173255,0.197913187356,
    0.231319003567,0.265083278267,0.299255308758,0.334398566505,
    0.369942823509,0.4062835607,0.444063819699,0.482997706873,
    0.523354446613,0.565536589604,0.609612924066,0.656390811376,
    0.705885494936,0.758324500262,0.813831782941,0.872794559039,
    0.93472222954,1.),(0.,1.),.UNSPECIFIED.);
#2748 = CARTESIAN_POINT('',(-0.400863191742,0.56,-0.197724193853));
#2749 = CARTESIAN_POINT('',(-0.400863191742,0.55,-0.197724193853));
#2750 = CARTESIAN_POINT('',(-0.398079643893,0.56,-0.197675412336));
#2751 = CARTESIAN_POINT('',(-0.398079643893,0.55,-0.197675412336));
#2752 = CARTESIAN_POINT('',(-0.392544043004,0.56,-0.197578401245));
#2753 = CARTESIAN_POINT('',(-0.392544043004,0.55,-0.197578401245));
#2754 = CARTESIAN_POINT('',(-0.384360005479,0.56,-0.196646006992));
#2755 = CARTESIAN_POINT('',(-0.384360005479,0.55,-0.196646006992));
#2756 = CARTESIAN_POINT('',(-0.376365037308,0.56,-0.195098894682));
#2757 = CARTESIAN_POINT('',(-0.376365037308,0.55,-0.195098894682));
#2758 = CARTESIAN_POINT('',(-0.368593223437,0.56,-0.192906797224));
#2759 = CARTESIAN_POINT('',(-0.368593223437,0.55,-0.192906797224));
#2760 = CARTESIAN_POINT('',(-0.360980724791,0.56,-0.190187229558));
#2761 = CARTESIAN_POINT('',(-0.360980724791,0.55,-0.190187229558));
#2762 = CARTESIAN_POINT('',(-0.353587084026,0.56,-0.186778517847));
#2763 = CARTESIAN_POINT('',(-0.353587084026,0.55,-0.186778517847));
#2764 = CARTESIAN_POINT('',(-0.346366375862,0.56,-0.182810631113));
#2765 = CARTESIAN_POINT('',(-0.346366375862,0.55,-0.182810631113));
#2766 = CARTESIAN_POINT('',(-0.33943334711,0.56,-0.178148243382));
#2767 = CARTESIAN_POINT('',(-0.33943334711,0.55,-0.178148243382));
#2768 = CARTESIAN_POINT('',(-0.332711885575,0.56,-0.172950015762));
#2769 = CARTESIAN_POINT('',(-0.332711885575,0.55,-0.172950015762));
#2770 = CARTESIAN_POINT('',(-0.326367089278,0.56,-0.167073748882));
#2771 = CARTESIAN_POINT('',(-0.326367089278,0.55,-0.167073748882));
#2772 = CARTESIAN_POINT('',(-0.320398380688,0.56,-0.160578776955));
#2773 = CARTESIAN_POINT('',(-0.320398380688,0.55,-0.160578776955));
#2774 = CARTESIAN_POINT('',(-0.31473085015,0.56,-0.153534590567));
#2775 = CARTESIAN_POINT('',(-0.31473085015,0.55,-0.153534590567));
#2776 = CARTESIAN_POINT('',(-0.30952529043,0.56,-0.145806082083));
#2777 = CARTESIAN_POINT('',(-0.30952529043,0.55,-0.145806082083));
#2778 = CARTESIAN_POINT('',(-0.304567947206,0.56,-0.137527671102));
#2779 = CARTESIAN_POINT('',(-0.304567947206,0.55,-0.137527671102));
#2780 = CARTESIAN_POINT('',(-0.300130743616,0.56,-0.128554584622));
#2781 = CARTESIAN_POINT('',(-0.300130743616,0.55,-0.128554584622));
#2782 = CARTESIAN_POINT('',(-0.295857276098,0.56,-0.119036537838));
#2783 = CARTESIAN_POINT('',(-0.295857276098,0.55,-0.119036537838));
#2784 = CARTESIAN_POINT('',(-0.292168577424,0.56,-0.108710171958));
#2785 = CARTESIAN_POINT('',(-0.292168577424,0.55,-0.108710171958));
#2786 = CARTESIAN_POINT('',(-0.288841952897,0.56,-9.763369590579E-02));
#2787 = CARTESIAN_POINT('',(-0.288841952897,0.55,-9.763369590579E-02));
#2788 = CARTESIAN_POINT('',(-0.28615405604,0.56,-8.567627722045E-02));
#2789 = CARTESIAN_POINT('',(-0.28615405604,0.55,-8.567627722045E-02));
#2790 = CARTESIAN_POINT('',(-0.283915128806,0.56,-7.290065269094E-02));
#2791 = CARTESIAN_POINT('',(-0.283915128806,0.55,-7.290065269094E-02));
#2792 = CARTESIAN_POINT('',(-0.282180639211,0.56,-5.925990436693E-02));
#2793 = CARTESIAN_POINT('',(-0.282180639211,0.55,-5.925990436693E-02));
#2794 = CARTESIAN_POINT('',(-0.280917375003,0.56,-4.478327281575E-02));
#2795 = CARTESIAN_POINT('',(-0.280917375003,0.55,-4.478327281575E-02));
#2796 = CARTESIAN_POINT('',(-0.280250066499,0.56,-2.946123375167E-02));
#2797 = CARTESIAN_POINT('',(-0.280250066499,0.55,-2.946123375167E-02));
#2798 = CARTESIAN_POINT('',(-0.280124396379,0.56,-1.898544883396E-02));
#2799 = CARTESIAN_POINT('',(-0.280124396379,0.55,-1.898544883396E-02));
#2800 = CARTESIAN_POINT('',(-0.280059906485,0.56,-1.360961052011E-02));
#2801 = CARTESIAN_POINT('',(-0.280059906485,0.55,-1.360961052011E-02));
#2802 = ADVANCED_FACE('',(#2803),#2809,.T.);
#2803 = FACE_BOUND('',#2804,.T.);
#2804 = EDGE_LOOP('',(#2805,#2806,#2807,#2808));
#2805 = ORIENTED_EDGE('',*,*,#2010,.F.);
#2806 = ORIENTED_EDGE('',*,*,#2608,.F.);
#2807 = ORIENTED_EDGE('',*,*,#2440,.T.);
#2808 = ORIENTED_EDGE('',*,*,#2740,.T.);
#2809 = B_SPLINE_SURFACE_WITH_KNOTS('',3,1,(
    (#2810,#2811)
    ,(#2812,#2813)
    ,(#2814,#2815)
    ,(#2816,#2817)
    ,(#2818,#2819)
    ,(#2820,#2821)
    ,(#2822,#2823)
    ,(#2824,#2825)
    ,(#2826,#2827)
    ,(#2828,#2829)
    ,(#2830,#2831)
    ,(#2832,#2833)
    ,(#2834,#2835)
    ,(#2836,#2837)
    ,(#2838,#2839)
    ,(#2840,#2841)
    ,(#2842,#2843)
    ,(#2844,#2845)
    ,(#2846,#2847)
    ,(#2848,#2849)
    ,(#2850,#2851)
    ,(#2852,#2853)
    ,(#2854,#2855)
    ,(#2856,#2857)
    ,(#2858,#2859)
    ,(#2860,#2861)
    ,(#2862,#2863
    )),.UNSPECIFIED.,.F.,.F.,.F.,(4,1,1,1,1,1,1,1,1,1,1,1,1,1,1,1,1,1,1,
    1,1,1,1,1,4),(2,2),(0.,6.859462225874E-02,0.133246042443,
    0.194312586468,0.251279223117,0.304513439256,0.354234906653,
    0.400480588774,0.443410754938,0.484014868616,0.523252300773,
    0.561042372728,0.597900239364,0.633518488856,0.66831435117,
    0.702495671286,0.736685353513,0.770293169361,0.803437255019,
    0.835912951666,0.868460245789,0.900846538243,0.933466524631,
    0.966257575298,1.),(0.,1.),.UNSPECIFIED.);
#2810 = CARTESIAN_POINT('',(-0.517880419306,0.56,-1.360961052011E-02));
#2811 = CARTESIAN_POINT('',(-0.517880419306,0.55,-1.360961052011E-02));
#2812 = CARTESIAN_POINT('',(-0.51784761749,0.56,-1.921934929353E-02));
#2813 = CARTESIAN_POINT('',(-0.51784761749,0.55,-1.921934929353E-02));
#2814 = CARTESIAN_POINT('',(-0.51778389949,0.56,-3.011634771828E-02));
#2815 = CARTESIAN_POINT('',(-0.51778389949,0.55,-3.011634771828E-02));
#2816 = CARTESIAN_POINT('',(-0.517075057396,0.56,-4.599481192496E-02));
#2817 = CARTESIAN_POINT('',(-0.517075057396,0.55,-4.599481192496E-02));
#2818 = CARTESIAN_POINT('',(-0.515897523165,0.56,-6.089084082448E-02));
#2819 = CARTESIAN_POINT('',(-0.515897523165,0.55,-6.089084082448E-02));
#2820 = CARTESIAN_POINT('',(-0.51428378588,0.56,-7.480514742832E-02));
#2821 = CARTESIAN_POINT('',(-0.51428378588,0.55,-7.480514742832E-02));
#2822 = CARTESIAN_POINT('',(-0.512319987857,0.56,-8.774132388009E-02));
#2823 = CARTESIAN_POINT('',(-0.512319987857,0.55,-8.774132388009E-02));
#2824 = CARTESIAN_POINT('',(-0.509698439197,0.56,-9.966479959372E-02));
#2825 = CARTESIAN_POINT('',(-0.509698439197,0.55,-9.966479959372E-02));
#2826 = CARTESIAN_POINT('',(-0.506717158936,0.56,-0.110630760255));
#2827 = CARTESIAN_POINT('',(-0.506717158936,0.55,-0.110630760255));
#2828 = CARTESIAN_POINT('',(-0.503261914355,0.56,-0.120674965103));
#2829 = CARTESIAN_POINT('',(-0.503261914355,0.55,-0.120674965103));
#2830 = CARTESIAN_POINT('',(-0.499363135453,0.56,-0.129932735405));
#2831 = CARTESIAN_POINT('',(-0.499363135453,0.55,-0.129932735405));
#2832 = CARTESIAN_POINT('',(-0.495119709381,0.56,-0.138575255534));
#2833 = CARTESIAN_POINT('',(-0.495119709381,0.55,-0.138575255534));
#2834 = CARTESIAN_POINT('',(-0.490363229938,0.56,-0.146589448768));
#2835 = CARTESIAN_POINT('',(-0.490363229938,0.55,-0.146589448768));
#2836 = CARTESIAN_POINT('',(-0.485365538646,0.56,-0.15410322781));
#2837 = CARTESIAN_POINT('',(-0.485365538646,0.55,-0.15410322781));
#2838 = CARTESIAN_POINT('',(-0.479924331483,0.56,-0.160993597289));
#2839 = CARTESIAN_POINT('',(-0.479924331483,0.55,-0.160993597289));
#2840 = CARTESIAN_POINT('',(-0.474194452436,0.56,-0.167357863541));
#2841 = CARTESIAN_POINT('',(-0.474194452436,0.55,-0.167357863541));
#2842 = CARTESIAN_POINT('',(-0.467952264809,0.56,-0.173048938588));
#2843 = CARTESIAN_POINT('',(-0.467952264809,0.55,-0.173048938588));
#2844 = CARTESIAN_POINT('',(-0.461409963982,0.56,-0.178233568826));
#2845 = CARTESIAN_POINT('',(-0.461409963982,0.55,-0.178233568826));
#2846 = CARTESIAN_POINT('',(-0.454508317543,0.56,-0.182778515993));
#2847 = CARTESIAN_POINT('',(-0.454508317543,0.55,-0.182778515993));
#2848 = CARTESIAN_POINT('',(-0.447444050929,0.56,-0.186781789855));
#2849 = CARTESIAN_POINT('',(-0.447444050929,0.55,-0.186781789855));
#2850 = CARTESIAN_POINT('',(-0.440168540343,0.56,-0.190201776581));
#2851 = CARTESIAN_POINT('',(-0.440168540343,0.55,-0.190201776581));
#2852 = CARTESIAN_POINT('',(-0.432661922053,0.56,-0.192890820167));
#2853 = CARTESIAN_POINT('',(-0.432661922053,0.55,-0.192890820167));
#2854 = CARTESIAN_POINT('',(-0.424991666264,0.56,-0.195111904844));
#2855 = CARTESIAN_POINT('',(-0.424991666264,0.55,-0.195111904844));
#2856 = CARTESIAN_POINT('',(-0.417130959595,0.56,-0.196630799609));
#2857 = CARTESIAN_POINT('',(-0.417130959595,0.55,-0.196630799609));
#2858 = CARTESIAN_POINT('',(-0.409066823201,0.56,-0.197586490458));
#2859 = CARTESIAN_POINT('',(-0.409066823201,0.55,-0.197586490458));
#2860 = CARTESIAN_POINT('',(-0.403623679722,0.56,-0.197677857232));
#2861 = CARTESIAN_POINT('',(-0.403623679722,0.55,-0.197677857232));
#2862 = CARTESIAN_POINT('',(-0.400863191742,0.56,-0.197724193853));
#2863 = CARTESIAN_POINT('',(-0.400863191742,0.55,-0.197724193853));
#2864 = ADVANCED_FACE('',(#2865),#2910,.T.);
#2865 = FACE_BOUND('',#2866,.T.);
#2866 = EDGE_LOOP('',(#2867,#2897,#2903,#2904));
#2867 = ORIENTED_EDGE('',*,*,#2868,.F.);
#2868 = EDGE_CURVE('',#2869,#2871,#2873,.T.);
#2869 = VERTEX_POINT('',#2870);
#2870 = CARTESIAN_POINT('',(-0.39981150905,0.55,-0.161826757956));
#2871 = VERTEX_POINT('',#2872);
#2872 = CARTESIAN_POINT('',(-0.486470162896,0.55,-1.374983487908E-02));
#2873 = B_SPLINE_CURVE_WITH_KNOTS('',3,(#2874,#2875,#2876,#2877,#2878,
    #2879,#2880,#2881,#2882,#2883,#2884,#2885,#2886,#2887,#2888,#2889,
    #2890,#2891,#2892,#2893,#2894,#2895,#2896),.UNSPECIFIED.,.F.,.F.,(4,
    1,1,1,1,1,1,1,1,1,1,1,1,1,1,1,1,1,1,1,4),(0.,6.038661931106E-02,
    0.120883248586,0.182754618625,0.247811029758,0.281299100043,
    0.315087624151,0.34970239555,0.384856581119,0.420966197226,
    0.458511188261,0.497174722127,0.537602047866,0.58050301842,
    0.627467540027,0.678388209559,0.733983220593,0.793746704551,
    0.857713672161,0.926697864361,1.),.UNSPECIFIED.);
#2874 = CARTESIAN_POINT('',(-0.39981150905,0.55,-0.161826757956));
#2875 = CARTESIAN_POINT('',(-0.403682568258,0.55,-0.161623613291));
#2876 = CARTESIAN_POINT('',(-0.411431738819,0.55,-0.161216953881));
#2877 = CARTESIAN_POINT('',(-0.422876534291,0.55,-0.158347628522));
#2878 = CARTESIAN_POINT('',(-0.433846969456,0.55,-0.153346331928));
#2879 = CARTESIAN_POINT('',(-0.442571266924,0.55,-0.147851094681));
#2880 = CARTESIAN_POINT('',(-0.449257645574,0.55,-0.142617263537));
#2881 = CARTESIAN_POINT('',(-0.453965914912,0.55,-0.138078618131));
#2882 = CARTESIAN_POINT('',(-0.458380532134,0.55,-0.133113992695));
#2883 = CARTESIAN_POINT('',(-0.462447302147,0.55,-0.12767380121));
#2884 = CARTESIAN_POINT('',(-0.466256230467,0.55,-0.121827264478));
#2885 = CARTESIAN_POINT('',(-0.469754331724,0.55,-0.115528388005));
#2886 = CARTESIAN_POINT('',(-0.472906064692,0.55,-0.108745251583));
#2887 = CARTESIAN_POINT('',(-0.47581451831,0.55,-0.101483608041));
#2888 = CARTESIAN_POINT('',(-0.478371797113,0.55,-9.352551359747E-02));
#2889 = CARTESIAN_POINT('',(-0.480481193436,0.55,-8.474861423812E-02));
#2890 = CARTESIAN_POINT('',(-0.482429898748,0.55,-7.51024250592E-02));
#2891 = CARTESIAN_POINT('',(-0.483809425638,0.55,-6.453047426469E-02));
#2892 = CARTESIAN_POINT('',(-0.485035801214,0.55,-5.310225892776E-02));
#2893 = CARTESIAN_POINT('',(-0.485823936009,0.55,-4.077452710483E-02));
#2894 = CARTESIAN_POINT('',(-0.486437061756,0.55,-2.756808906459E-02));
#2895 = CARTESIAN_POINT('',(-0.486458908192,0.55,-1.844817321433E-02));
#2896 = CARTESIAN_POINT('',(-0.486470162896,0.55,-1.374983487908E-02));
#2897 = ORIENTED_EDGE('',*,*,#2898,.F.);
#2898 = EDGE_CURVE('',#2503,#2869,#2899,.T.);
#2899 = LINE('',#2900,#2901);
#2900 = CARTESIAN_POINT('',(-0.39981150905,0.56,-0.161826757956));
#2901 = VECTOR('',#2902,1.);
#2902 = DIRECTION('',(-3.761581922631E-31,-1.,-9.429630734102E-47));
#2903 = ORIENTED_EDGE('',*,*,#2502,.T.);
#2904 = ORIENTED_EDGE('',*,*,#2905,.T.);
#2905 = EDGE_CURVE('',#2473,#2871,#2906,.T.);
#2906 = LINE('',#2907,#2908);
#2907 = CARTESIAN_POINT('',(-0.486470162896,0.56,-1.374983487908E-02));
#2908 = VECTOR('',#2909,1.);
#2909 = DIRECTION('',(-3.761581922631E-31,-1.,-9.429630734102E-47));
#2910 = B_SPLINE_SURFACE_WITH_KNOTS('',3,1,(
    (#2911,#2912)
    ,(#2913,#2914)
    ,(#2915,#2916)
    ,(#2917,#2918)
    ,(#2919,#2920)
    ,(#2921,#2922)
    ,(#2923,#2924)
    ,(#2925,#2926)
    ,(#2927,#2928)
    ,(#2929,#2930)
    ,(#2931,#2932)
    ,(#2933,#2934)
    ,(#2935,#2936)
    ,(#2937,#2938)
    ,(#2939,#2940)
    ,(#2941,#2942)
    ,(#2943,#2944)
    ,(#2945,#2946)
    ,(#2947,#2948)
    ,(#2949,#2950)
    ,(#2951,#2952)
    ,(#2953,#2954)
    ,(#2955,#2956
    )),.UNSPECIFIED.,.F.,.F.,.F.,(4,1,1,1,1,1,1,1,1,1,1,1,1,1,1,1,1,1,1,
    1,4),(2,2),(0.,6.038661931106E-02,0.120883248586,0.182754618625,
    0.247811029758,0.281299100043,0.315087624151,0.34970239555,
    0.384856581119,0.420966197226,0.458511188261,0.497174722127,
    0.537602047866,0.58050301842,0.627467540027,0.678388209559,
    0.733983220593,0.793746704551,0.857713672161,0.926697864361,1.),(0.,
    1.),.UNSPECIFIED.);
#2911 = CARTESIAN_POINT('',(-0.39981150905,0.56,-0.161826757956));
#2912 = CARTESIAN_POINT('',(-0.39981150905,0.55,-0.161826757956));
#2913 = CARTESIAN_POINT('',(-0.403682568258,0.56,-0.161623613291));
#2914 = CARTESIAN_POINT('',(-0.403682568258,0.55,-0.161623613291));
#2915 = CARTESIAN_POINT('',(-0.411431738819,0.56,-0.161216953881));
#2916 = CARTESIAN_POINT('',(-0.411431738819,0.55,-0.161216953881));
#2917 = CARTESIAN_POINT('',(-0.422876534291,0.56,-0.158347628522));
#2918 = CARTESIAN_POINT('',(-0.422876534291,0.55,-0.158347628522));
#2919 = CARTESIAN_POINT('',(-0.433846969456,0.56,-0.153346331928));
#2920 = CARTESIAN_POINT('',(-0.433846969456,0.55,-0.153346331928));
#2921 = CARTESIAN_POINT('',(-0.442571266924,0.56,-0.147851094681));
#2922 = CARTESIAN_POINT('',(-0.442571266924,0.55,-0.147851094681));
#2923 = CARTESIAN_POINT('',(-0.449257645574,0.56,-0.142617263537));
#2924 = CARTESIAN_POINT('',(-0.449257645574,0.55,-0.142617263537));
#2925 = CARTESIAN_POINT('',(-0.453965914912,0.56,-0.138078618131));
#2926 = CARTESIAN_POINT('',(-0.453965914912,0.55,-0.138078618131));
#2927 = CARTESIAN_POINT('',(-0.458380532134,0.56,-0.133113992695));
#2928 = CARTESIAN_POINT('',(-0.458380532134,0.55,-0.133113992695));
#2929 = CARTESIAN_POINT('',(-0.462447302147,0.56,-0.12767380121));
#2930 = CARTESIAN_POINT('',(-0.462447302147,0.55,-0.12767380121));
#2931 = CARTESIAN_POINT('',(-0.466256230467,0.56,-0.121827264478));
#2932 = CARTESIAN_POINT('',(-0.466256230467,0.55,-0.121827264478));
#2933 = CARTESIAN_POINT('',(-0.469754331724,0.56,-0.115528388005));
#2934 = CARTESIAN_POINT('',(-0.469754331724,0.55,-0.115528388005));
#2935 = CARTESIAN_POINT('',(-0.472906064692,0.56,-0.108745251583));
#2936 = CARTESIAN_POINT('',(-0.472906064692,0.55,-0.108745251583));
#2937 = CARTESIAN_POINT('',(-0.47581451831,0.56,-0.101483608041));
#2938 = CARTESIAN_POINT('',(-0.47581451831,0.55,-0.101483608041));
#2939 = CARTESIAN_POINT('',(-0.478371797113,0.56,-9.352551359747E-02));
#2940 = CARTESIAN_POINT('',(-0.478371797113,0.55,-9.352551359747E-02));
#2941 = CARTESIAN_POINT('',(-0.480481193436,0.56,-8.474861423812E-02));
#2942 = CARTESIAN_POINT('',(-0.480481193436,0.55,-8.474861423812E-02));
#2943 = CARTESIAN_POINT('',(-0.482429898748,0.56,-7.51024250592E-02));
#2944 = CARTESIAN_POINT('',(-0.482429898748,0.55,-7.51024250592E-02));
#2945 = CARTESIAN_POINT('',(-0.483809425638,0.56,-6.453047426469E-02));
#2946 = CARTESIAN_POINT('',(-0.483809425638,0.55,-6.453047426469E-02));
#2947 = CARTESIAN_POINT('',(-0.485035801214,0.56,-5.310225892776E-02));
#2948 = CARTESIAN_POINT('',(-0.485035801214,0.55,-5.310225892776E-02));
#2949 = CARTESIAN_POINT('',(-0.485823936009,0.56,-4.077452710483E-02));
#2950 = CARTESIAN_POINT('',(-0.485823936009,0.55,-4.077452710483E-02));
#2951 = CARTESIAN_POINT('',(-0.486437061756,0.56,-2.756808906459E-02));
#2952 = CARTESIAN_POINT('',(-0.486437061756,0.55,-2.756808906459E-02));
#2953 = CARTESIAN_POINT('',(-0.486458908192,0.56,-1.844817321433E-02));
#2954 = CARTESIAN_POINT('',(-0.486458908192,0.55,-1.844817321433E-02));
#2955 = CARTESIAN_POINT('',(-0.486470162896,0.56,-1.374983487908E-02));
#2956 = CARTESIAN_POINT('',(-0.486470162896,0.55,-1.374983487908E-02));
#2957 = ADVANCED_FACE('',(#2958),#2996,.T.);
#2958 = FACE_BOUND('',#2959,.T.);
#2959 = EDGE_LOOP('',(#2960,#2988,#2989,#2990));
#2960 = ORIENTED_EDGE('',*,*,#2961,.F.);
#2961 = EDGE_CURVE('',#2871,#2962,#2964,.T.);
#2962 = VERTEX_POINT('',#2963);
#2963 = CARTESIAN_POINT('',(-0.39981150905,0.55,0.134327088198));
#2964 = B_SPLINE_CURVE_WITH_KNOTS('',3,(#2965,#2966,#2967,#2968,#2969,
    #2970,#2971,#2972,#2973,#2974,#2975,#2976,#2977,#2978,#2979,#2980,
    #2981,#2982,#2983,#2984,#2985,#2986,#2987),.UNSPECIFIED.,.F.,.F.,(4,
    1,1,1,1,1,1,1,1,1,1,1,1,1,1,1,1,1,1,1,4),(0.,7.295106587587E-02,
    0.141583694187,0.205926460171,0.265301357185,0.320597232714,
    0.371816503099,0.418789769709,0.461698728616,0.502133582104,
    0.540804315293,0.578180525328,0.614296865208,0.649678243265,
    0.68429946009,0.718358952772,0.752080864648,0.817652438602,
    0.879722076405,0.939965559731,1.),.UNSPECIFIED.);
#2965 = CARTESIAN_POINT('',(-0.486470162896,0.55,-1.374983487908E-02));
#2966 = CARTESIAN_POINT('',(-0.486458218189,0.55,-9.074964998696E-03));
#2967 = CARTESIAN_POINT('',(-0.486435035859,0.55,-1.960518780212E-06));
#2968 = CARTESIAN_POINT('',(-0.485829415801,0.55,1.318236557881E-02));
#2969 = CARTESIAN_POINT('',(-0.485004392601,0.55,2.547939846053E-02));
#2970 = CARTESIAN_POINT('',(-0.483940262882,0.55,3.690475210704E-02));
#2971 = CARTESIAN_POINT('',(-0.48235996803,0.55,4.741975335802E-02));
#2972 = CARTESIAN_POINT('',(-0.480589289248,0.55,5.709672166454E-02));
#2973 = CARTESIAN_POINT('',(-0.478434480286,0.55,6.588444537592E-02));
#2974 = CARTESIAN_POINT('',(-0.475884978499,0.55,7.384322644637E-02));
#2975 = CARTESIAN_POINT('',(-0.47298106881,0.55,8.110813329591E-02));
#2976 = CARTESIAN_POINT('',(-0.469810482443,0.55,8.786825480864E-02));
#2977 = CARTESIAN_POINT('',(-0.466404410153,0.55,9.420344845222E-02));
#2978 = CARTESIAN_POINT('',(-0.462592495097,0.55,0.10005680929));
#2979 = CARTESIAN_POINT('',(-0.458440988774,0.55,0.105447425697));
#2980 = CARTESIAN_POINT('',(-0.454043662861,0.55,0.110470708929));
#2981 = CARTESIAN_POINT('',(-0.449236404436,0.55,0.114950407063));
#2982 = CARTESIAN_POINT('',(-0.442586030182,0.55,0.120323092566));
#2983 = CARTESIAN_POINT('',(-0.433806382739,0.55,0.125875005939));
#2984 = CARTESIAN_POINT('',(-0.422744337216,0.55,0.130709614922));
#2985 = CARTESIAN_POINT('',(-0.411377492118,0.55,0.133747860565));
#2986 = CARTESIAN_POINT('',(-0.403662367109,0.55,0.134134236161));
#2987 = CARTESIAN_POINT('',(-0.39981150905,0.55,0.134327088198));
#2988 = ORIENTED_EDGE('',*,*,#2905,.F.);
#2989 = ORIENTED_EDGE('',*,*,#2472,.T.);
#2990 = ORIENTED_EDGE('',*,*,#2991,.T.);
#2991 = EDGE_CURVE('',#2475,#2962,#2992,.T.);
#2992 = LINE('',#2993,#2994);
#2993 = CARTESIAN_POINT('',(-0.39981150905,0.56,0.134327088198));
#2994 = VECTOR('',#2995,1.);
#2995 = DIRECTION('',(-3.761581922631E-31,-1.,-9.429630734102E-47));
#2996 = B_SPLINE_SURFACE_WITH_KNOTS('',3,1,(
    (#2997,#2998)
    ,(#2999,#3000)
    ,(#3001,#3002)
    ,(#3003,#3004)
    ,(#3005,#3006)
    ,(#3007,#3008)
    ,(#3009,#3010)
    ,(#3011,#3012)
    ,(#3013,#3014)
    ,(#3015,#3016)
    ,(#3017,#3018)
    ,(#3019,#3020)
    ,(#3021,#3022)
    ,(#3023,#3024)
    ,(#3025,#3026)
    ,(#3027,#3028)
    ,(#3029,#3030)
    ,(#3031,#3032)
    ,(#3033,#3034)
    ,(#3035,#3036)
    ,(#3037,#3038)
    ,(#3039,#3040)
    ,(#3041,#3042
    )),.UNSPECIFIED.,.F.,.F.,.F.,(4,1,1,1,1,1,1,1,1,1,1,1,1,1,1,1,1,1,1,
    1,4),(2,2),(0.,7.295106587587E-02,0.141583694187,0.205926460171,
    0.265301357185,0.320597232714,0.371816503099,0.418789769709,
    0.461698728616,0.502133582104,0.540804315293,0.578180525328,
    0.614296865208,0.649678243265,0.68429946009,0.718358952772,
    0.752080864648,0.817652438602,0.879722076405,0.939965559731,1.),(0.,
    1.),.UNSPECIFIED.);
#2997 = CARTESIAN_POINT('',(-0.486470162896,0.56,-1.374983487908E-02));
#2998 = CARTESIAN_POINT('',(-0.486470162896,0.55,-1.374983487908E-02));
#2999 = CARTESIAN_POINT('',(-0.486458218189,0.56,-9.074964998696E-03));
#3000 = CARTESIAN_POINT('',(-0.486458218189,0.55,-9.074964998696E-03));
#3001 = CARTESIAN_POINT('',(-0.486435035859,0.56,-1.960518780212E-06));
#3002 = CARTESIAN_POINT('',(-0.486435035859,0.55,-1.960518780212E-06));
#3003 = CARTESIAN_POINT('',(-0.485829415801,0.56,1.318236557881E-02));
#3004 = CARTESIAN_POINT('',(-0.485829415801,0.55,1.318236557881E-02));
#3005 = CARTESIAN_POINT('',(-0.485004392601,0.56,2.547939846053E-02));
#3006 = CARTESIAN_POINT('',(-0.485004392601,0.55,2.547939846053E-02));
#3007 = CARTESIAN_POINT('',(-0.483940262882,0.56,3.690475210704E-02));
#3008 = CARTESIAN_POINT('',(-0.483940262882,0.55,3.690475210704E-02));
#3009 = CARTESIAN_POINT('',(-0.48235996803,0.56,4.741975335802E-02));
#3010 = CARTESIAN_POINT('',(-0.48235996803,0.55,4.741975335802E-02));
#3011 = CARTESIAN_POINT('',(-0.480589289248,0.56,5.709672166454E-02));
#3012 = CARTESIAN_POINT('',(-0.480589289248,0.55,5.709672166454E-02));
#3013 = CARTESIAN_POINT('',(-0.478434480286,0.56,6.588444537592E-02));
#3014 = CARTESIAN_POINT('',(-0.478434480286,0.55,6.588444537592E-02));
#3015 = CARTESIAN_POINT('',(-0.475884978499,0.56,7.384322644637E-02));
#3016 = CARTESIAN_POINT('',(-0.475884978499,0.55,7.384322644637E-02));
#3017 = CARTESIAN_POINT('',(-0.47298106881,0.56,8.110813329591E-02));
#3018 = CARTESIAN_POINT('',(-0.47298106881,0.55,8.110813329591E-02));
#3019 = CARTESIAN_POINT('',(-0.469810482443,0.56,8.786825480864E-02));
#3020 = CARTESIAN_POINT('',(-0.469810482443,0.55,8.786825480864E-02));
#3021 = CARTESIAN_POINT('',(-0.466404410153,0.56,9.420344845222E-02));
#3022 = CARTESIAN_POINT('',(-0.466404410153,0.55,9.420344845222E-02));
#3023 = CARTESIAN_POINT('',(-0.462592495097,0.56,0.10005680929));
#3024 = CARTESIAN_POINT('',(-0.462592495097,0.55,0.10005680929));
#3025 = CARTESIAN_POINT('',(-0.458440988774,0.56,0.105447425697));
#3026 = CARTESIAN_POINT('',(-0.458440988774,0.55,0.105447425697));
#3027 = CARTESIAN_POINT('',(-0.454043662861,0.56,0.110470708929));
#3028 = CARTESIAN_POINT('',(-0.454043662861,0.55,0.110470708929));
#3029 = CARTESIAN_POINT('',(-0.449236404436,0.56,0.114950407063));
#3030 = CARTESIAN_POINT('',(-0.449236404436,0.55,0.114950407063));
#3031 = CARTESIAN_POINT('',(-0.442586030182,0.56,0.120323092566));
#3032 = CARTESIAN_POINT('',(-0.442586030182,0.55,0.120323092566));
#3033 = CARTESIAN_POINT('',(-0.433806382739,0.56,0.125875005939));
#3034 = CARTESIAN_POINT('',(-0.433806382739,0.55,0.125875005939));
#3035 = CARTESIAN_POINT('',(-0.422744337216,0.56,0.130709614922));
#3036 = CARTESIAN_POINT('',(-0.422744337216,0.55,0.130709614922));
#3037 = CARTESIAN_POINT('',(-0.411377492118,0.56,0.133747860565));
#3038 = CARTESIAN_POINT('',(-0.411377492118,0.55,0.133747860565));
#3039 = CARTESIAN_POINT('',(-0.403662367109,0.56,0.134134236161));
#3040 = CARTESIAN_POINT('',(-0.403662367109,0.55,0.134134236161));
#3041 = CARTESIAN_POINT('',(-0.39981150905,0.56,0.134327088198));
#3042 = CARTESIAN_POINT('',(-0.39981150905,0.55,0.134327088198));
#3043 = ADVANCED_FACE('',(#3044),#3074,.T.);
#3044 = FACE_BOUND('',#3045,.T.);
#3045 = EDGE_LOOP('',(#3046,#3066,#3067,#3068));
#3046 = ORIENTED_EDGE('',*,*,#3047,.F.);
#3047 = EDGE_CURVE('',#2962,#3048,#3050,.T.);
#3048 = VERTEX_POINT('',#3049);
#3049 = CARTESIAN_POINT('',(-0.324721364819,0.55,7.424095037733E-02));
#3050 = B_SPLINE_CURVE_WITH_KNOTS('',3,(#3051,#3052,#3053,#3054,#3055,
    #3056,#3057,#3058,#3059,#3060,#3061,#3062,#3063,#3064,#3065),
  .UNSPECIFIED.,.F.,.F.,(4,1,1,1,1,1,1,1,1,1,1,1,4),(0.,0.112813400744,
    0.225393883921,0.339594814563,0.459675410225,0.521735190088,
    0.583925838739,0.648174144765,0.713881038113,0.781004454907,
    0.851450927557,0.924050692664,1.),.UNSPECIFIED.);
#3051 = CARTESIAN_POINT('',(-0.39981150905,0.55,0.134327088198));
#3052 = CARTESIAN_POINT('',(-0.395935741884,0.55,0.134167310117));
#3053 = CARTESIAN_POINT('',(-0.388192209566,0.55,0.133848083836));
#3054 = CARTESIAN_POINT('',(-0.376878830051,0.55,0.130768210099));
#3055 = CARTESIAN_POINT('',(-0.365895803043,0.55,0.126121256153));
#3056 = CARTESIAN_POINT('',(-0.357288609015,0.55,0.120626505611));
#3057 = CARTESIAN_POINT('',(-0.350740354665,0.55,0.115393672666));
#3058 = CARTESIAN_POINT('',(-0.346048655654,0.55,0.110932207834));
#3059 = CARTESIAN_POINT('',(-0.341742450811,0.55,0.105936621104));
#3060 = CARTESIAN_POINT('',(-0.337658243325,0.55,0.100546691512));
#3061 = CARTESIAN_POINT('',(-0.333912335758,0.55,9.465944309484E-02));
#3062 = CARTESIAN_POINT('',(-0.330506021988,0.55,8.830318556823E-02));
#3063 = CARTESIAN_POINT('',(-0.327397687234,0.55,8.146026777701E-02));
#3064 = CARTESIAN_POINT('',(-0.325626782639,0.55,7.668329386543E-02));
#3065 = CARTESIAN_POINT('',(-0.324721364819,0.55,7.424095037733E-02));
#3066 = ORIENTED_EDGE('',*,*,#2991,.F.);
#3067 = ORIENTED_EDGE('',*,*,#2574,.T.);
#3068 = ORIENTED_EDGE('',*,*,#3069,.T.);
#3069 = EDGE_CURVE('',#2559,#3048,#3070,.T.);
#3070 = LINE('',#3071,#3072);
#3071 = CARTESIAN_POINT('',(-0.324721364819,0.56,7.424095037733E-02));
#3072 = VECTOR('',#3073,1.);
#3073 = DIRECTION('',(-3.761581922631E-31,-1.,-9.429630734102E-47));
#3074 = B_SPLINE_SURFACE_WITH_KNOTS('',3,1,(
    (#3075,#3076)
    ,(#3077,#3078)
    ,(#3079,#3080)
    ,(#3081,#3082)
    ,(#3083,#3084)
    ,(#3085,#3086)
    ,(#3087,#3088)
    ,(#3089,#3090)
    ,(#3091,#3092)
    ,(#3093,#3094)
    ,(#3095,#3096)
    ,(#3097,#3098)
    ,(#3099,#3100)
    ,(#3101,#3102)
    ,(#3103,#3104
    )),.UNSPECIFIED.,.F.,.F.,.F.,(4,1,1,1,1,1,1,1,1,1,1,1,4),(2,2),(0.,
    0.112813400744,0.225393883921,0.339594814563,0.459675410225,
    0.521735190088,0.583925838739,0.648174144765,0.713881038113,
    0.781004454907,0.851450927557,0.924050692664,1.),(0.,1.),
  .UNSPECIFIED.);
#3075 = CARTESIAN_POINT('',(-0.39981150905,0.56,0.134327088198));
#3076 = CARTESIAN_POINT('',(-0.39981150905,0.55,0.134327088198));
#3077 = CARTESIAN_POINT('',(-0.395935741884,0.56,0.134167310117));
#3078 = CARTESIAN_POINT('',(-0.395935741884,0.55,0.134167310117));
#3079 = CARTESIAN_POINT('',(-0.388192209566,0.56,0.133848083836));
#3080 = CARTESIAN_POINT('',(-0.388192209566,0.55,0.133848083836));
#3081 = CARTESIAN_POINT('',(-0.376878830051,0.56,0.130768210099));
#3082 = CARTESIAN_POINT('',(-0.376878830051,0.55,0.130768210099));
#3083 = CARTESIAN_POINT('',(-0.365895803043,0.56,0.126121256153));
#3084 = CARTESIAN_POINT('',(-0.365895803043,0.55,0.126121256153));
#3085 = CARTESIAN_POINT('',(-0.357288609015,0.56,0.120626505611));
#3086 = CARTESIAN_POINT('',(-0.357288609015,0.55,0.120626505611));
#3087 = CARTESIAN_POINT('',(-0.350740354665,0.56,0.115393672666));
#3088 = CARTESIAN_POINT('',(-0.350740354665,0.55,0.115393672666));
#3089 = CARTESIAN_POINT('',(-0.346048655654,0.56,0.110932207834));
#3090 = CARTESIAN_POINT('',(-0.346048655654,0.55,0.110932207834));
#3091 = CARTESIAN_POINT('',(-0.341742450811,0.56,0.105936621104));
#3092 = CARTESIAN_POINT('',(-0.341742450811,0.55,0.105936621104));
#3093 = CARTESIAN_POINT('',(-0.337658243325,0.56,0.100546691512));
#3094 = CARTESIAN_POINT('',(-0.337658243325,0.55,0.100546691512));
#3095 = CARTESIAN_POINT('',(-0.333912335758,0.56,9.465944309484E-02));
#3096 = CARTESIAN_POINT('',(-0.333912335758,0.55,9.465944309484E-02));
#3097 = CARTESIAN_POINT('',(-0.330506021988,0.56,8.830318556823E-02));
#3098 = CARTESIAN_POINT('',(-0.330506021988,0.55,8.830318556823E-02));
#3099 = CARTESIAN_POINT('',(-0.327397687234,0.56,8.146026777701E-02));
#3100 = CARTESIAN_POINT('',(-0.327397687234,0.55,8.146026777701E-02));
#3101 = CARTESIAN_POINT('',(-0.325626782639,0.56,7.668329386543E-02));
#3102 = CARTESIAN_POINT('',(-0.325626782639,0.55,7.668329386543E-02));
#3103 = CARTESIAN_POINT('',(-0.324721364819,0.56,7.424095037733E-02));
#3104 = CARTESIAN_POINT('',(-0.324721364819,0.55,7.424095037733E-02));
#3105 = ADVANCED_FACE('',(#3106),#3132,.T.);
#3106 = FACE_BOUND('',#3107,.T.);
#3107 = EDGE_LOOP('',(#3108,#3124,#3125,#3126));
#3108 = ORIENTED_EDGE('',*,*,#3109,.F.);
#3109 = EDGE_CURVE('',#3048,#3110,#3112,.T.);
#3110 = VERTEX_POINT('',#3111);
#3111 = CARTESIAN_POINT('',(-0.311470162896,0.55,-1.374983487908E-02));
#3112 = B_SPLINE_CURVE_WITH_KNOTS('',3,(#3113,#3114,#3115,#3116,#3117,
    #3118,#3119,#3120,#3121,#3122,#3123),.UNSPECIFIED.,.F.,.F.,(4,1,1,1,
    1,1,1,1,4),(0.,0.110588338595,0.224541754054,0.34250349405,
    0.464324098417,0.590756032702,0.722227475356,0.858842836209,1.),
  .UNSPECIFIED.);
#3113 = CARTESIAN_POINT('',(-0.324721364819,0.55,7.424095037733E-02));
#3114 = CARTESIAN_POINT('',(-0.323666188039,0.55,7.11179764307E-02));
#3115 = CARTESIAN_POINT('',(-0.321523726656,0.55,6.477700000635E-02));
#3116 = CARTESIAN_POINT('',(-0.318762549229,0.55,5.49406347983E-02));
#3117 = CARTESIAN_POINT('',(-0.316588009309,0.55,4.462035840451E-02));
#3118 = CARTESIAN_POINT('',(-0.314631672734,0.55,3.387784673266E-02));
#3119 = CARTESIAN_POINT('',(-0.313296367144,0.55,2.263387663156E-02));
#3120 = CARTESIAN_POINT('',(-0.312221585816,0.55,1.092323823999E-02));
#3121 = CARTESIAN_POINT('',(-0.311588517122,0.55,-1.262897983555E-03));
#3122 = CARTESIAN_POINT('',(-0.311510042015,0.55,-9.54239710308E-03));
#3123 = CARTESIAN_POINT('',(-0.311470162896,0.55,-1.374983487908E-02));
#3124 = ORIENTED_EDGE('',*,*,#3069,.F.);
#3125 = ORIENTED_EDGE('',*,*,#2558,.T.);
#3126 = ORIENTED_EDGE('',*,*,#3127,.T.);
#3127 = EDGE_CURVE('',#2531,#3110,#3128,.T.);
#3128 = LINE('',#3129,#3130);
#3129 = CARTESIAN_POINT('',(-0.311470162896,0.56,-1.374983487908E-02));
#3130 = VECTOR('',#3131,1.);
#3131 = DIRECTION('',(-3.761581922631E-31,-1.,-9.429630734102E-47));
#3132 = B_SPLINE_SURFACE_WITH_KNOTS('',3,1,(
    (#3133,#3134)
    ,(#3135,#3136)
    ,(#3137,#3138)
    ,(#3139,#3140)
    ,(#3141,#3142)
    ,(#3143,#3144)
    ,(#3145,#3146)
    ,(#3147,#3148)
    ,(#3149,#3150)
    ,(#3151,#3152)
    ,(#3153,#3154
  )),.UNSPECIFIED.,.F.,.F.,.F.,(4,1,1,1,1,1,1,1,4),(2,2),(0.,
    0.110588338595,0.224541754054,0.34250349405,0.464324098417,
    0.590756032702,0.722227475356,0.858842836209,1.),(0.,1.),
  .UNSPECIFIED.);
#3133 = CARTESIAN_POINT('',(-0.324721364819,0.56,7.424095037733E-02));
#3134 = CARTESIAN_POINT('',(-0.324721364819,0.55,7.424095037733E-02));
#3135 = CARTESIAN_POINT('',(-0.323666188039,0.56,7.11179764307E-02));
#3136 = CARTESIAN_POINT('',(-0.323666188039,0.55,7.11179764307E-02));
#3137 = CARTESIAN_POINT('',(-0.321523726656,0.56,6.477700000635E-02));
#3138 = CARTESIAN_POINT('',(-0.321523726656,0.55,6.477700000635E-02));
#3139 = CARTESIAN_POINT('',(-0.318762549229,0.56,5.49406347983E-02));
#3140 = CARTESIAN_POINT('',(-0.318762549229,0.55,5.49406347983E-02));
#3141 = CARTESIAN_POINT('',(-0.316588009309,0.56,4.462035840451E-02));
#3142 = CARTESIAN_POINT('',(-0.316588009309,0.55,4.462035840451E-02));
#3143 = CARTESIAN_POINT('',(-0.314631672734,0.56,3.387784673266E-02));
#3144 = CARTESIAN_POINT('',(-0.314631672734,0.55,3.387784673266E-02));
#3145 = CARTESIAN_POINT('',(-0.313296367144,0.56,2.263387663156E-02));
#3146 = CARTESIAN_POINT('',(-0.313296367144,0.55,2.263387663156E-02));
#3147 = CARTESIAN_POINT('',(-0.312221585816,0.56,1.092323823999E-02));
#3148 = CARTESIAN_POINT('',(-0.312221585816,0.55,1.092323823999E-02));
#3149 = CARTESIAN_POINT('',(-0.311588517122,0.56,-1.262897983555E-03));
#3150 = CARTESIAN_POINT('',(-0.311588517122,0.55,-1.262897983555E-03));
#3151 = CARTESIAN_POINT('',(-0.311510042015,0.56,-9.54239710308E-03));
#3152 = CARTESIAN_POINT('',(-0.311510042015,0.55,-9.54239710308E-03));
#3153 = CARTESIAN_POINT('',(-0.311470162896,0.56,-1.374983487908E-02));
#3154 = CARTESIAN_POINT('',(-0.311470162896,0.55,-1.374983487908E-02));
#3155 = ADVANCED_FACE('',(#3156),#3187,.T.);
#3156 = FACE_BOUND('',#3157,.T.);
#3157 = EDGE_LOOP('',(#3158,#3184,#3185,#3186));
#3158 = ORIENTED_EDGE('',*,*,#3159,.F.);
#3159 = EDGE_CURVE('',#3110,#2869,#3160,.T.);
#3160 = B_SPLINE_CURVE_WITH_KNOTS('',3,(#3161,#3162,#3163,#3164,#3165,
    #3166,#3167,#3168,#3169,#3170,#3171,#3172,#3173,#3174,#3175,#3176,
    #3177,#3178,#3179,#3180,#3181,#3182,#3183),.UNSPECIFIED.,.F.,.F.,(4,
    1,1,1,1,1,1,1,1,1,1,1,1,1,1,1,1,1,1,1,4),(0.,6.568119799064E-02,
    0.128486464174,0.188175130328,0.24510613067,0.299448424529,
    0.350822936009,0.399941680534,0.446671743632,0.491254533373,
    0.53337634427,0.573852754968,0.612526311719,0.649597136445,
    0.685532041554,0.720105786068,0.753837662974,0.818925416047,
    0.88049346165,0.940311333846,1.),.UNSPECIFIED.);
#3161 = CARTESIAN_POINT('',(-0.311470162896,0.55,-1.374983487908E-02));
#3162 = CARTESIAN_POINT('',(-0.311525181819,0.55,-1.795659213089E-02));
#3163 = CARTESIAN_POINT('',(-0.311632810595,0.55,-2.618590860894E-02));
#3164 = CARTESIAN_POINT('',(-0.312044209365,0.55,-3.823772667516E-02));
#3165 = CARTESIAN_POINT('',(-0.313106566814,0.55,-4.968450276607E-02));
#3166 = CARTESIAN_POINT('',(-0.3142864787,0.55,-6.05755500325E-02));
#3167 = CARTESIAN_POINT('',(-0.31602620081,0.55,-7.085058030295E-02));
#3168 = CARTESIAN_POINT('',(-0.317901981498,0.55,-8.059561082858E-02));
#3169 = CARTESIAN_POINT('',(-0.320422102727,0.55,-8.968991331052E-02));
#3170 = CARTESIAN_POINT('',(-0.323114080224,0.55,-9.827587148168E-02));
#3171 = CARTESIAN_POINT('',(-0.326195119777,0.55,-0.106255936932));
#3172 = CARTESIAN_POINT('',(-0.329586693203,0.55,-0.113667315568));
#3173 = CARTESIAN_POINT('',(-0.33320886908,0.55,-0.120545788044));
#3174 = CARTESIAN_POINT('',(-0.337143093126,0.55,-0.126872482201));
#3175 = CARTESIAN_POINT('',(-0.341342661432,0.55,-0.132675736492));
#3176 = CARTESIAN_POINT('',(-0.345918416352,0.55,-0.137839195948));
#3177 = CARTESIAN_POINT('',(-0.350688853633,0.55,-0.142522892759));
#3178 = CARTESIAN_POINT('',(-0.357370572215,0.55,-0.147869149671));
#3179 = CARTESIAN_POINT('',(-0.366118001195,0.55,-0.153320319219));
#3180 = CARTESIAN_POINT('',(-0.37700256593,0.55,-0.158336895205));
#3181 = CARTESIAN_POINT('',(-0.388329630355,0.55,-0.161217724468));
#3182 = CARTESIAN_POINT('',(-0.395986975764,0.55,-0.161623893171));
#3183 = CARTESIAN_POINT('',(-0.39981150905,0.55,-0.161826757956));
#3184 = ORIENTED_EDGE('',*,*,#3127,.F.);
#3185 = ORIENTED_EDGE('',*,*,#2530,.T.);
#3186 = ORIENTED_EDGE('',*,*,#2898,.T.);
#3187 = B_SPLINE_SURFACE_WITH_KNOTS('',3,1,(
    (#3188,#3189)
    ,(#3190,#3191)
    ,(#3192,#3193)
    ,(#3194,#3195)
    ,(#3196,#3197)
    ,(#3198,#3199)
    ,(#3200,#3201)
    ,(#3202,#3203)
    ,(#3204,#3205)
    ,(#3206,#3207)
    ,(#3208,#3209)
    ,(#3210,#3211)
    ,(#3212,#3213)
    ,(#3214,#3215)
    ,(#3216,#3217)
    ,(#3218,#3219)
    ,(#3220,#3221)
    ,(#3222,#3223)
    ,(#3224,#3225)
    ,(#3226,#3227)
    ,(#3228,#3229)
    ,(#3230,#3231)
    ,(#3232,#3233
    )),.UNSPECIFIED.,.F.,.F.,.F.,(4,1,1,1,1,1,1,1,1,1,1,1,1,1,1,1,1,1,1,
    1,4),(2,2),(0.,6.568119799064E-02,0.128486464174,0.188175130328,
    0.24510613067,0.299448424529,0.350822936009,0.399941680534,
    0.446671743632,0.491254533373,0.53337634427,0.573852754968,
    0.612526311719,0.649597136445,0.685532041554,0.720105786068,
    0.753837662974,0.818925416047,0.88049346165,0.940311333846,1.),(0.,
    1.),.UNSPECIFIED.);
#3188 = CARTESIAN_POINT('',(-0.311470162896,0.56,-1.374983487908E-02));
#3189 = CARTESIAN_POINT('',(-0.311470162896,0.55,-1.374983487908E-02));
#3190 = CARTESIAN_POINT('',(-0.311525181819,0.56,-1.795659213089E-02));
#3191 = CARTESIAN_POINT('',(-0.311525181819,0.55,-1.795659213089E-02));
#3192 = CARTESIAN_POINT('',(-0.311632810595,0.56,-2.618590860894E-02));
#3193 = CARTESIAN_POINT('',(-0.311632810595,0.55,-2.618590860894E-02));
#3194 = CARTESIAN_POINT('',(-0.312044209365,0.56,-3.823772667516E-02));
#3195 = CARTESIAN_POINT('',(-0.312044209365,0.55,-3.823772667516E-02));
#3196 = CARTESIAN_POINT('',(-0.313106566814,0.56,-4.968450276607E-02));
#3197 = CARTESIAN_POINT('',(-0.313106566814,0.55,-4.968450276607E-02));
#3198 = CARTESIAN_POINT('',(-0.3142864787,0.56,-6.05755500325E-02));
#3199 = CARTESIAN_POINT('',(-0.3142864787,0.55,-6.05755500325E-02));
#3200 = CARTESIAN_POINT('',(-0.31602620081,0.56,-7.085058030295E-02));
#3201 = CARTESIAN_POINT('',(-0.31602620081,0.55,-7.085058030295E-02));
#3202 = CARTESIAN_POINT('',(-0.317901981498,0.56,-8.059561082858E-02));
#3203 = CARTESIAN_POINT('',(-0.317901981498,0.55,-8.059561082858E-02));
#3204 = CARTESIAN_POINT('',(-0.320422102727,0.56,-8.968991331052E-02));
#3205 = CARTESIAN_POINT('',(-0.320422102727,0.55,-8.968991331052E-02));
#3206 = CARTESIAN_POINT('',(-0.323114080224,0.56,-9.827587148168E-02));
#3207 = CARTESIAN_POINT('',(-0.323114080224,0.55,-9.827587148168E-02));
#3208 = CARTESIAN_POINT('',(-0.326195119777,0.56,-0.106255936932));
#3209 = CARTESIAN_POINT('',(-0.326195119777,0.55,-0.106255936932));
#3210 = CARTESIAN_POINT('',(-0.329586693203,0.56,-0.113667315568));
#3211 = CARTESIAN_POINT('',(-0.329586693203,0.55,-0.113667315568));
#3212 = CARTESIAN_POINT('',(-0.33320886908,0.56,-0.120545788044));
#3213 = CARTESIAN_POINT('',(-0.33320886908,0.55,-0.120545788044));
#3214 = CARTESIAN_POINT('',(-0.337143093126,0.56,-0.126872482201));
#3215 = CARTESIAN_POINT('',(-0.337143093126,0.55,-0.126872482201));
#3216 = CARTESIAN_POINT('',(-0.341342661432,0.56,-0.132675736492));
#3217 = CARTESIAN_POINT('',(-0.341342661432,0.55,-0.132675736492));
#3218 = CARTESIAN_POINT('',(-0.345918416352,0.56,-0.137839195948));
#3219 = CARTESIAN_POINT('',(-0.345918416352,0.55,-0.137839195948));
#3220 = CARTESIAN_POINT('',(-0.350688853633,0.56,-0.142522892759));
#3221 = CARTESIAN_POINT('',(-0.350688853633,0.55,-0.142522892759));
#3222 = CARTESIAN_POINT('',(-0.357370572215,0.56,-0.147869149671));
#3223 = CARTESIAN_POINT('',(-0.357370572215,0.55,-0.147869149671));
#3224 = CARTESIAN_POINT('',(-0.366118001195,0.56,-0.153320319219));
#3225 = CARTESIAN_POINT('',(-0.366118001195,0.55,-0.153320319219));
#3226 = CARTESIAN_POINT('',(-0.37700256593,0.56,-0.158336895205));
#3227 = CARTESIAN_POINT('',(-0.37700256593,0.55,-0.158336895205));
#3228 = CARTESIAN_POINT('',(-0.388329630355,0.56,-0.161217724468));
#3229 = CARTESIAN_POINT('',(-0.388329630355,0.55,-0.161217724468));
#3230 = CARTESIAN_POINT('',(-0.395986975764,0.56,-0.161623893171));
#3231 = CARTESIAN_POINT('',(-0.395986975764,0.55,-0.161623893171));
#3232 = CARTESIAN_POINT('',(-0.39981150905,0.56,-0.161826757956));
#3233 = CARTESIAN_POINT('',(-0.39981150905,0.55,-0.161826757956));
#3234 = ADVANCED_FACE('',(#3235),#3242,.F.);
#3235 = FACE_BOUND('',#3236,.T.);
#3236 = EDGE_LOOP('',(#3237,#3238,#3239,#3240,#3241));
#3237 = ORIENTED_EDGE('',*,*,#3159,.T.);
#3238 = ORIENTED_EDGE('',*,*,#2868,.T.);
#3239 = ORIENTED_EDGE('',*,*,#2961,.T.);
#3240 = ORIENTED_EDGE('',*,*,#3047,.T.);
#3241 = ORIENTED_EDGE('',*,*,#3109,.T.);
#3242 = PLANE('',#3243);
#3243 = AXIS2_PLACEMENT_3D('',#3244,#3245,#3246);
#3244 = CARTESIAN_POINT('',(1.351560977094,0.55,0.4));
#3245 = DIRECTION('',(-3.761581922631E-31,-1.,-1.019578823125E-46));
#3246 = DIRECTION('',(1.,-3.761581922631E-31,0.));
#3247 = ADVANCED_FACE('',(#3248,#3368),#3466,.T.);
#3248 = FACE_BOUND('',#3249,.T.);
#3249 = EDGE_LOOP('',(#3250,#3260,#3280,#3300,#3320,#3344,#3354,#3362));
#3250 = ORIENTED_EDGE('',*,*,#3251,.F.);
#3251 = EDGE_CURVE('',#3252,#3254,#3256,.T.);
#3252 = VERTEX_POINT('',#3253);
#3253 = CARTESIAN_POINT('',(-0.191578335973,0.56,-3.800864898165E-02));
#3254 = VERTEX_POINT('',#3255);
#3255 = CARTESIAN_POINT('',(-8.711118853673E-02,0.56,-0.197724193853));
#3256 = LINE('',#3257,#3258);
#3257 = CARTESIAN_POINT('',(-0.191578335973,0.56,-3.800864898165E-02));
#3258 = VECTOR('',#3259,1.);
#3259 = DIRECTION('',(0.547387929886,0.,-0.836878996161));
#3260 = ORIENTED_EDGE('',*,*,#3261,.F.);
#3261 = EDGE_CURVE('',#3262,#3252,#3264,.T.);
#3262 = VERTEX_POINT('',#3263);
#3263 = CARTESIAN_POINT('',(-0.230700932126,0.56,6.365401127476E-02));
#3264 = B_SPLINE_CURVE_WITH_KNOTS('',3,(#3265,#3266,#3267,#3268,#3269,
    #3270,#3271,#3272,#3273,#3274,#3275,#3276,#3277,#3278,#3279),
  .UNSPECIFIED.,.F.,.F.,(4,1,1,1,1,1,1,1,1,1,1,1,4),(0.,
    9.781818961471E-02,0.199726053402,0.305276357478,0.415811490538,
    0.474472231144,0.537273879776,0.60365742056,0.67429886309,
    0.749834485316,0.828598476757,0.912377778158,1.),.UNSPECIFIED.);
#3265 = CARTESIAN_POINT('',(-0.230700932126,0.56,6.365401127476E-02));
#3266 = CARTESIAN_POINT('',(-0.230582787626,0.56,6.004955295378E-02));
#3267 = CARTESIAN_POINT('',(-0.230341559129,0.56,5.268993775401E-02));
#3268 = CARTESIAN_POINT('',(-0.228657220095,0.56,4.154353495966E-02));
#3269 = CARTESIAN_POINT('',(-0.225950740617,0.56,3.0138426787E-02));
#3270 = CARTESIAN_POINT('',(-0.222919715982,0.56,2.046300742738E-02));
#3271 = CARTESIAN_POINT('',(-0.219717154977,0.56,1.253685523142E-02));
#3272 = CARTESIAN_POINT('',(-0.217051901018,0.56,6.146506168995E-03));
#3273 = CARTESIAN_POINT('',(-0.213734501414,0.56,-4.296011544768E-04));
#3274 = CARTESIAN_POINT('',(-0.210197163295,0.56,-7.416964752513E-03));
#3275 = CARTESIAN_POINT('',(-0.206121476403,0.56,-1.463550802137E-02));
#3276 = CARTESIAN_POINT('',(-0.201689911464,0.56,-2.22058749675E-02));
#3277 = CARTESIAN_POINT('',(-0.196779946374,0.56,-3.00076677337E-02));
#3278 = CARTESIAN_POINT('',(-0.193337930099,0.56,-3.530208725838E-02));
#3279 = CARTESIAN_POINT('',(-0.191578335973,0.56,-3.800864898165E-02));
#3280 = ORIENTED_EDGE('',*,*,#3281,.F.);
#3281 = EDGE_CURVE('',#3282,#3262,#3284,.T.);
#3282 = VERTEX_POINT('',#3283);
#3283 = CARTESIAN_POINT('',(-0.124691316742,0.56,0.170224524095));
#3284 = B_SPLINE_CURVE_WITH_KNOTS('',3,(#3285,#3286,#3287,#3288,#3289,
    #3290,#3291,#3292,#3293,#3294,#3295,#3296,#3297,#3298,#3299),
  .UNSPECIFIED.,.F.,.F.,(4,1,1,1,1,1,1,1,1,1,1,1,4),(0.,
    8.433472199263E-02,0.167052318416,0.249566077241,0.332740481802,
    0.415914886363,0.49782800954,0.580372588608,0.664600121057,
    0.749466693113,0.83251023394,0.915639281668,1.),.UNSPECIFIED.);
#3285 = CARTESIAN_POINT('',(-0.124691316742,0.56,0.170224524095));
#3286 = CARTESIAN_POINT('',(-0.129400986807,0.56,0.170071703521));
#3287 = CARTESIAN_POINT('',(-0.138730018608,0.56,0.16976899272));
#3288 = CARTESIAN_POINT('',(-0.152453298032,0.56,0.167072398932));
#3289 = CARTESIAN_POINT('',(-0.165639599766,0.56,0.162701688656));
#3290 = CARTESIAN_POINT('',(-0.178196537857,0.56,0.156680260801));
#3291 = CARTESIAN_POINT('',(-0.189828599149,0.56,0.149074472506));
#3292 = CARTESIAN_POINT('',(-0.200235162793,0.56,0.139918244593));
#3293 = CARTESIAN_POINT('',(-0.209364340248,0.56,0.129407298086));
#3294 = CARTESIAN_POINT('',(-0.216961802342,0.56,0.117543263358));
#3295 = CARTESIAN_POINT('',(-0.222987675536,0.56,0.104794267608));
#3296 = CARTESIAN_POINT('',(-0.227506668048,0.56,9.150055196899E-02));
#3297 = CARTESIAN_POINT('',(-0.230146292371,0.56,7.771055379641E-02));
#3298 = CARTESIAN_POINT('',(-0.230515148056,0.56,6.836243987776E-02));
#3299 = CARTESIAN_POINT('',(-0.230700932126,0.56,6.365401127476E-02));
#3300 = ORIENTED_EDGE('',*,*,#3301,.F.);
#3301 = EDGE_CURVE('',#3302,#3282,#3304,.T.);
#3302 = VERTEX_POINT('',#3303);
#3303 = CARTESIAN_POINT('',(-1.531631674185E-02,0.56,6.302300165938E-02)
  );
#3304 = B_SPLINE_CURVE_WITH_KNOTS('',3,(#3305,#3306,#3307,#3308,#3309,
    #3310,#3311,#3312,#3313,#3314,#3315,#3316,#3317,#3318,#3319),
  .UNSPECIFIED.,.F.,.F.,(4,1,1,1,1,1,1,1,1,1,1,1,4),(0.,
    8.594794314413E-02,0.169125211881,0.250399107186,0.332289736139,
    0.413364287916,0.494172283371,0.576021735387,0.660756969254,
    0.745783125914,0.830043592975,0.914027545821,1.),.UNSPECIFIED.);
#3305 = CARTESIAN_POINT('',(-1.531631674185E-02,0.56,6.302300165938E-02)
  );
#3306 = CARTESIAN_POINT('',(-1.545862723027E-02,0.56,6.792097205406E-02)
  );
#3307 = CARTESIAN_POINT('',(-1.573866059264E-02,0.56,7.755901864928E-02)
  );
#3308 = CARTESIAN_POINT('',(-1.852904019471E-02,0.56,9.159668928973E-02)
  );
#3309 = CARTESIAN_POINT('',(-2.286500467024E-02,0.56,0.104969940843));
#3310 = CARTESIAN_POINT('',(-2.906275751055E-02,0.56,0.11746525798));
#3311 = CARTESIAN_POINT('',(-3.676099580893E-02,0.56,0.129065514938));
#3312 = CARTESIAN_POINT('',(-4.614875507571E-02,0.56,0.13934406148));
#3313 = CARTESIAN_POINT('',(-5.689310390911E-02,0.56,0.148511065212));
#3314 = CARTESIAN_POINT('',(-6.904178372711E-02,0.56,0.156176727132));
#3315 = CARTESIAN_POINT('',(-8.211608013875E-02,0.56,0.162437032234));
#3316 = CARTESIAN_POINT('',(-9.585127988018E-02,0.56,0.166933556442));
#3317 = CARTESIAN_POINT('',(-0.110113994514,0.56,0.169701903381));
#3318 = CARTESIAN_POINT('',(-0.11979445532,0.56,0.170048963648));
#3319 = CARTESIAN_POINT('',(-0.124691316742,0.56,0.170224524095));
#3320 = ORIENTED_EDGE('',*,*,#3321,.F.);
#3321 = EDGE_CURVE('',#3322,#3302,#3324,.T.);
#3322 = VERTEX_POINT('',#3323);
#3323 = CARTESIAN_POINT('',(-0.119152454562,0.56,-4.067291180216E-02));
#3324 = B_SPLINE_CURVE_WITH_KNOTS('',3,(#3325,#3326,#3327,#3328,#3329,
    #3330,#3331,#3332,#3333,#3334,#3335,#3336,#3337,#3338,#3339,#3340,
    #3341,#3342,#3343),.UNSPECIFIED.,.F.,.F.,(4,1,1,1,1,1,1,1,1,1,1,1,1,
    1,1,1,4),(0.,6.523080374203E-02,0.128404896003,0.190067071596,
    0.250943365768,0.311545832852,0.372862802157,0.435023673856,
    0.499071724707,0.56309107505,0.62551010633,0.68668003593,
    0.747282503014,0.808563495216,0.870742103516,0.934340951506,1.),
  .UNSPECIFIED.);
#3325 = CARTESIAN_POINT('',(-0.119152454562,0.56,-4.067291180216E-02));
#3326 = CARTESIAN_POINT('',(-0.115595204929,0.56,-4.057730063258E-02));
#3327 = CARTESIAN_POINT('',(-0.108592864883,0.56,-4.03890928905E-02));
#3328 = CARTESIAN_POINT('',(-9.831218466586E-02,0.56,-3.894070782132E-02
    ));
#3329 = CARTESIAN_POINT('',(-8.843329106854E-02,0.56,-3.665819662896E-02
    ));
#3330 = CARTESIAN_POINT('',(-7.8997129843E-02,0.56,-3.333097103413E-02)
  );
#3331 = CARTESIAN_POINT('',(-6.996983165704E-02,0.56,-2.908073559791E-02
    ));
#3332 = CARTESIAN_POINT('',(-6.129959204619E-02,0.56,-2.398684856986E-02
    ));
#3333 = CARTESIAN_POINT('',(-5.314939103557E-02,0.56,-1.778628053418E-02
    ));
#3334 = CARTESIAN_POINT('',(-4.541427311438E-02,0.56,-1.085978495579E-02
    ));
#3335 = CARTESIAN_POINT('',(-3.839156337508E-02,0.56,-3.18808650628E-03)
  );
#3336 = CARTESIAN_POINT('',(-3.217395781933E-02,0.56,4.952047164325E-03)
  );
#3337 = CARTESIAN_POINT('',(-2.695127864592E-02,0.56,1.355213526414E-02)
  );
#3338 = CARTESIAN_POINT('',(-2.271388648446E-02,0.56,2.260782185748E-02)
  );
#3339 = CARTESIAN_POINT('',(-1.942339862467E-02,0.56,3.210514781353E-02)
  );
#3340 = CARTESIAN_POINT('',(-1.702463412031E-02,0.56,4.203196176237E-02)
  );
#3341 = CARTESIAN_POINT('',(-1.560667483833E-02,0.56,5.239510890838E-02)
  );
#3342 = CARTESIAN_POINT('',(-1.541412576682E-02,0.56,5.9442926435E-02));
#3343 = CARTESIAN_POINT('',(-1.531631674185E-02,0.56,6.302300165938E-02)
  );
#3344 = ORIENTED_EDGE('',*,*,#3345,.F.);
#3345 = EDGE_CURVE('',#3346,#3322,#3348,.T.);
#3346 = VERTEX_POINT('',#3347);
#3347 = CARTESIAN_POINT('',(-0.155400451357,0.56,-3.730752718677E-02));
#3348 = B_SPLINE_CURVE_WITH_KNOTS('',3,(#3349,#3350,#3351,#3352,#3353),
  .UNSPECIFIED.,.F.,.F.,(4,1,4),(0.,0.512659336342,1.),.UNSPECIFIED.);
#3349 = CARTESIAN_POINT('',(-0.155400451357,0.56,-3.730752718677E-02));
#3350 = CARTESIAN_POINT('',(-0.149243423659,0.56,-3.828891325213E-02));
#3351 = CARTESIAN_POINT('',(-0.137233444981,0.56,-4.020321773425E-02));
#3352 = CARTESIAN_POINT('',(-0.125076855129,0.56,-4.05190122791E-02));
#3353 = CARTESIAN_POINT('',(-0.119152454562,0.56,-4.067291180216E-02));
#3354 = ORIENTED_EDGE('',*,*,#3355,.F.);
#3355 = EDGE_CURVE('',#3356,#3346,#3358,.T.);
#3356 = VERTEX_POINT('',#3357);
#3357 = CARTESIAN_POINT('',(-6.292248661365E-02,0.56,-0.178723793212));
#3358 = LINE('',#3359,#3360);
#3359 = CARTESIAN_POINT('',(-6.292248661365E-02,0.56,-0.178723793212));
#3360 = VECTOR('',#3361,1.);
#3361 = DIRECTION('',(-0.547305260354,0.,0.836933063028));
#3362 = ORIENTED_EDGE('',*,*,#3363,.F.);
#3363 = EDGE_CURVE('',#3254,#3356,#3364,.T.);
#3364 = LINE('',#3365,#3366);
#3365 = CARTESIAN_POINT('',(-8.711118853673E-02,0.56,-0.197724193853));
#3366 = VECTOR('',#3367,1.);
#3367 = DIRECTION('',(0.786397428723,0.,0.617720878794));
#3368 = FACE_BOUND('',#3369,.T.);
#3369 = EDGE_LOOP('',(#3370,#3396,#3420,#3444));
#3370 = ORIENTED_EDGE('',*,*,#3371,.F.);
#3371 = EDGE_CURVE('',#3372,#3374,#3376,.T.);
#3372 = VERTEX_POINT('',#3373);
#3373 = CARTESIAN_POINT('',(-0.125742999434,0.56,-4.775475904722E-03));
#3374 = VERTEX_POINT('',#3375);
#3375 = CARTESIAN_POINT('',(-0.199290675716,0.56,6.491603050553E-02));
#3376 = B_SPLINE_CURVE_WITH_KNOTS('',3,(#3377,#3378,#3379,#3380,#3381,
    #3382,#3383,#3384,#3385,#3386,#3387,#3388,#3389,#3390,#3391,#3392,
    #3393,#3394,#3395),.UNSPECIFIED.,.F.,.F.,(4,1,1,1,1,1,1,1,1,1,1,1,1,
    1,1,1,4),(0.,7.059928943359E-02,0.137900921004,0.20319619781,
    0.26678972465,0.329106387221,0.390653545235,0.452653056934,
    0.5157480403,0.5779263408,0.638930011618,0.698350717642,
    0.757296037444,0.81639376735,0.876266909614,0.936817108906,1.),
  .UNSPECIFIED.);
#3377 = CARTESIAN_POINT('',(-0.125742999434,0.56,-4.775475904722E-03));
#3378 = CARTESIAN_POINT('',(-0.128409223917,0.56,-4.697671536463E-03));
#3379 = CARTESIAN_POINT('',(-0.133617134858,0.56,-4.545697003474E-03));
#3380 = CARTESIAN_POINT('',(-0.14125787633,0.56,-3.663171810976E-03));
#3381 = CARTESIAN_POINT('',(-0.148489201475,0.56,-2.001265252898E-03));
#3382 = CARTESIAN_POINT('',(-0.15540691484,0.56,1.153679433595E-04));
#3383 = CARTESIAN_POINT('',(-0.16188168513,0.56,3.025673914924E-03));
#3384 = CARTESIAN_POINT('',(-0.167960569115,0.56,6.560853810438E-03));
#3385 = CARTESIAN_POINT('',(-0.173667074304,0.56,1.072297162511E-02));
#3386 = CARTESIAN_POINT('',(-0.178941429477,0.56,1.545306273547E-02));
#3387 = CARTESIAN_POINT('',(-0.183723395812,0.56,2.063186603418E-02));
#3388 = CARTESIAN_POINT('',(-0.187841508889,0.56,2.617881825178E-02));
#3389 = CARTESIAN_POINT('',(-0.191393748898,0.56,3.196023856236E-02));
#3390 = CARTESIAN_POINT('',(-0.194281930786,0.56,3.802443278205E-02));
#3391 = CARTESIAN_POINT('',(-0.196530938363,0.56,4.4369082741E-02));
#3392 = CARTESIAN_POINT('',(-0.19815776345,0.56,5.096500767918E-02));
#3393 = CARTESIAN_POINT('',(-0.199063138572,0.56,5.78564382918E-02));
#3394 = CARTESIAN_POINT('',(-0.199213761723,0.56,6.252968856475E-02));
#3395 = CARTESIAN_POINT('',(-0.199290675716,0.56,6.491603050553E-02));
#3396 = ORIENTED_EDGE('',*,*,#3397,.F.);
#3397 = EDGE_CURVE('',#3398,#3372,#3400,.T.);
#3398 = VERTEX_POINT('',#3399);
#3399 = CARTESIAN_POINT('',(-4.672657315211E-02,0.56,6.491603050553E-02)
  );
#3400 = B_SPLINE_CURVE_WITH_KNOTS('',3,(#3401,#3402,#3403,#3404,#3405,
    #3406,#3407,#3408,#3409,#3410,#3411,#3412,#3413,#3414,#3415,#3416,
    #3417,#3418,#3419),.UNSPECIFIED.,.F.,.F.,(4,1,1,1,1,1,1,1,1,1,1,1,1,
    1,1,1,4),(0.,6.113791491562E-02,0.119993843851,0.178225321508,
    0.236256420262,0.294929376955,0.35471574881,0.416729663924,
    0.480664408471,0.545831770211,0.609758105426,0.672971228474,
    0.736016869168,0.799839398192,0.864775356666,0.931087623273,1.),
  .UNSPECIFIED.);
#3401 = CARTESIAN_POINT('',(-4.672657315211E-02,0.56,6.491603050553E-02)
  );
#3402 = CARTESIAN_POINT('',(-4.678160245161E-02,0.56,6.252657541381E-02)
  );
#3403 = CARTESIAN_POINT('',(-4.688960707003E-02,0.56,5.783685216169E-02)
  );
#3404 = CARTESIAN_POINT('',(-4.811120192819E-02,0.56,5.096809033808E-02)
  );
#3405 = CARTESIAN_POINT('',(-4.980543931421E-02,0.56,4.433556971592E-02)
  );
#3406 = CARTESIAN_POINT('',(-5.236374238518E-02,0.56,3.798097481259E-02)
  );
#3407 = CARTESIAN_POINT('',(-5.568739685922E-02,0.56,3.192938208853E-02)
  );
#3408 = CARTESIAN_POINT('',(-5.97357375623E-02,0.56,2.615022199688E-02)
  );
#3409 = CARTESIAN_POINT('',(-6.441899459334E-02,0.56,2.059918726654E-02)
  );
#3410 = CARTESIAN_POINT('',(-6.982874855266E-02,0.56,1.544290642903E-02)
  );
#3411 = CARTESIAN_POINT('',(-7.571777194776E-02,0.56,1.072819863532E-02)
  );
#3412 = CARTESIAN_POINT('',(-8.197933048506E-02,0.56,6.566242995512E-03)
  );
#3413 = CARTESIAN_POINT('',(-8.85301278549E-02,0.56,3.05374532848E-03));
#3414 = CARTESIAN_POINT('',(-9.536352209922E-02,0.56,1.230351018118E-04)
  );
#3415 = CARTESIAN_POINT('',(-0.102557810364,0.56,-1.991912311346E-03));
#3416 = CARTESIAN_POINT('',(-0.109996844283,0.56,-3.657236618179E-03));
#3417 = CARTESIAN_POINT('',(-0.117775768547,0.56,-4.543438390761E-03));
#3418 = CARTESIAN_POINT('',(-0.123053429379,0.56,-4.697144906395E-03));
#3419 = CARTESIAN_POINT('',(-0.125742999434,0.56,-4.775475904722E-03));
#3420 = ORIENTED_EDGE('',*,*,#3421,.F.);
#3421 = EDGE_CURVE('',#3422,#3398,#3424,.T.);
#3422 = VERTEX_POINT('',#3423);
#3423 = CARTESIAN_POINT('',(-0.123008624434,0.56,0.134327088198));
#3424 = B_SPLINE_CURVE_WITH_KNOTS('',3,(#3425,#3426,#3427,#3428,#3429,
    #3430,#3431,#3432,#3433,#3434,#3435,#3436,#3437,#3438,#3439,#3440,
    #3441,#3442,#3443),.UNSPECIFIED.,.F.,.F.,(4,1,1,1,1,1,1,1,1,1,1,1,1,
    1,1,1,4),(0.,6.796237149446E-02,0.133283402868,0.197835297757,
    0.260891986531,0.323376504483,0.386350075469,0.449637731052,
    0.514795326978,0.579239913241,0.641814177758,0.701358564786,
    0.760726765986,0.819222067924,0.878716169385,0.938147354053,1.),
  .UNSPECIFIED.);
#3425 = CARTESIAN_POINT('',(-0.123008624434,0.56,0.134327088198));
#3426 = CARTESIAN_POINT('',(-0.120412074583,0.56,0.134250178058));
#3427 = CARTESIAN_POINT('',(-0.115319889123,0.56,0.134099346873));
#3428 = CARTESIAN_POINT('',(-0.1078025431,0.56,0.133191379989));
#3429 = CARTESIAN_POINT('',(-0.100594711236,0.56,0.131584915195));
#3430 = CARTESIAN_POINT('',(-9.369006037673E-02,0.56,0.129303638169));
#3431 = CARTESIAN_POINT('',(-8.703591727014E-02,0.56,0.12651827721));
#3432 = CARTESIAN_POINT('',(-8.072544511912E-02,0.56,0.122995085236));
#3433 = CARTESIAN_POINT('',(-7.472263576459E-02,0.56,0.118799473461));
#3434 = CARTESIAN_POINT('',(-6.904657580986E-02,0.56,0.114087430638));
#3435 = CARTESIAN_POINT('',(-6.378318197595E-02,0.56,0.108950145443));
#3436 = CARTESIAN_POINT('',(-5.925545408874E-02,0.56,0.1034271732));
#3437 = CARTESIAN_POINT('',(-5.538713076463E-02,0.56,9.765778366771E-02)
  );
#3438 = CARTESIAN_POINT('',(-5.224371205784E-02,0.56,9.163799467958E-02)
  );
#3439 = CARTESIAN_POINT('',(-4.973758292609E-02,0.56,8.532504591604E-02)
  );
#3440 = CARTESIAN_POINT('',(-4.802543620699E-02,0.56,7.875337352415E-02)
  );
#3441 = CARTESIAN_POINT('',(-4.691250731458E-02,0.56,7.191817092766E-02)
  );
#3442 = CARTESIAN_POINT('',(-4.678937069052E-02,0.56,6.728093847215E-02)
  );
#3443 = CARTESIAN_POINT('',(-4.672657315211E-02,0.56,6.491603050553E-02)
  );
#3444 = ORIENTED_EDGE('',*,*,#3445,.F.);
#3445 = EDGE_CURVE('',#3374,#3422,#3446,.T.);
#3446 = B_SPLINE_CURVE_WITH_KNOTS('',3,(#3447,#3448,#3449,#3450,#3451,
    #3452,#3453,#3454,#3455,#3456,#3457,#3458,#3459,#3460,#3461,#3462,
    #3463,#3464,#3465),.UNSPECIFIED.,.F.,.F.,(4,1,1,1,1,1,1,1,1,1,1,1,1,
    1,1,1,4),(0.,6.184170298391E-02,0.121262373094,0.180745948865,
    0.239230901822,0.298307558788,0.358182797616,0.42035923078,
    0.484792415514,0.549938483767,0.61371827754,0.67668070725,
    0.739154170448,0.80219970324,0.866740177616,0.9320496524,1.),
  .UNSPECIFIED.);
#3447 = CARTESIAN_POINT('',(-0.199290675716,0.56,6.491603050553E-02));
#3448 = CARTESIAN_POINT('',(-0.199228039568,0.56,6.728102849383E-02));
#3449 = CARTESIAN_POINT('',(-0.199105219407,0.56,7.191843746848E-02));
#3450 = CARTESIAN_POINT('',(-0.19798998742,0.56,7.875235542542E-02));
#3451 = CARTESIAN_POINT('',(-0.196286479187,0.56,8.532884626567E-02));
#3452 = CARTESIAN_POINT('',(-0.193752439601,0.56,9.161400614408E-02));
#3453 = CARTESIAN_POINT('',(-0.190729750785,0.56,9.770363794731E-02));
#3454 = CARTESIAN_POINT('',(-0.186739218366,0.56,0.103377166494));
#3455 = CARTESIAN_POINT('',(-0.182317539783,0.56,0.108979173504));
#3456 = CARTESIAN_POINT('',(-0.177032146438,0.56,0.114079320646));
#3457 = CARTESIAN_POINT('',(-0.17135981014,0.56,0.118824983064));
#3458 = CARTESIAN_POINT('',(-0.165299689889,0.56,0.122973008416));
#3459 = CARTESIAN_POINT('',(-0.158983693904,0.56,0.126521625756));
#3460 = CARTESIAN_POINT('',(-0.152326551696,0.56,0.129302735517));
#3461 = CARTESIAN_POINT('',(-0.145422713299,0.56,0.131585164202));
#3462 = CARTESIAN_POINT('',(-0.138214657895,0.56,0.133191312128));
#3463 = CARTESIAN_POINT('',(-0.130697372342,0.56,0.134099364728));
#3464 = CARTESIAN_POINT('',(-0.12560517854,0.56,0.134250184088));
#3465 = CARTESIAN_POINT('',(-0.123008624434,0.56,0.134327088198));
#3466 = PLANE('',#3467);
#3467 = AXIS2_PLACEMENT_3D('',#3468,#3469,#3470);
#3468 = CARTESIAN_POINT('',(-0.137349735632,0.56,-3.978922461368E-02));
#3469 = DIRECTION('',(1.065517730216E-14,1.,6.68485360611E-14));
#3470 = DIRECTION('',(0.,-6.68485360611E-14,1.));
#3471 = ADVANCED_FACE('',(#3472),#3488,.T.);
#3472 = FACE_BOUND('',#3473,.T.);
#3473 = EDGE_LOOP('',(#3474,#3475,#3481,#3482));
#3474 = ORIENTED_EDGE('',*,*,#2130,.F.);
#3475 = ORIENTED_EDGE('',*,*,#3476,.F.);
#3476 = EDGE_CURVE('',#3252,#2111,#3477,.T.);
#3477 = LINE('',#3478,#3479);
#3478 = CARTESIAN_POINT('',(-0.191578335973,0.56,-3.800864898165E-02));
#3479 = VECTOR('',#3480,1.);
#3480 = DIRECTION('',(-3.761581922631E-31,-1.,-9.429630734102E-47));
#3481 = ORIENTED_EDGE('',*,*,#3251,.T.);
#3482 = ORIENTED_EDGE('',*,*,#3483,.T.);
#3483 = EDGE_CURVE('',#3254,#2131,#3484,.T.);
#3484 = LINE('',#3485,#3486);
#3485 = CARTESIAN_POINT('',(-8.711118853673E-02,0.56,-0.197724193853));
#3486 = VECTOR('',#3487,1.);
#3487 = DIRECTION('',(-3.761581922631E-31,-1.,-9.429630734102E-47));
#3488 = PLANE('',#3489);
#3489 = AXIS2_PLACEMENT_3D('',#3490,#3491,#3492);
#3490 = CARTESIAN_POINT('',(-0.191578335973,0.56,-3.800864898165E-02));
#3491 = DIRECTION('',(-0.836878996161,3.147988903389E-31,-0.547387929886
    ));
#3492 = DIRECTION('',(-0.547387929886,0.,0.836878996161));
#3493 = ADVANCED_FACE('',(#3494),#3505,.T.);
#3494 = FACE_BOUND('',#3495,.T.);
#3495 = EDGE_LOOP('',(#3496,#3497,#3503,#3504));
#3496 = ORIENTED_EDGE('',*,*,#2108,.F.);
#3497 = ORIENTED_EDGE('',*,*,#3498,.F.);
#3498 = EDGE_CURVE('',#3262,#2109,#3499,.T.);
#3499 = LINE('',#3500,#3501);
#3500 = CARTESIAN_POINT('',(-0.230700932126,0.56,6.365401127476E-02));
#3501 = VECTOR('',#3502,1.);
#3502 = DIRECTION('',(-3.761581922631E-31,-1.,-9.429630734102E-47));
#3503 = ORIENTED_EDGE('',*,*,#3261,.T.);
#3504 = ORIENTED_EDGE('',*,*,#3476,.T.);
#3505 = B_SPLINE_SURFACE_WITH_KNOTS('',3,1,(
    (#3506,#3507)
    ,(#3508,#3509)
    ,(#3510,#3511)
    ,(#3512,#3513)
    ,(#3514,#3515)
    ,(#3516,#3517)
    ,(#3518,#3519)
    ,(#3520,#3521)
    ,(#3522,#3523)
    ,(#3524,#3525)
    ,(#3526,#3527)
    ,(#3528,#3529)
    ,(#3530,#3531)
    ,(#3532,#3533)
    ,(#3534,#3535
    )),.UNSPECIFIED.,.F.,.F.,.F.,(4,1,1,1,1,1,1,1,1,1,1,1,4),(2,2),(0.,
    9.781818961471E-02,0.199726053402,0.305276357478,0.415811490538,
    0.474472231144,0.537273879776,0.60365742056,0.67429886309,
    0.749834485316,0.828598476757,0.912377778158,1.),(0.,1.),
  .UNSPECIFIED.);
#3506 = CARTESIAN_POINT('',(-0.230700932126,0.56,6.365401127476E-02));
#3507 = CARTESIAN_POINT('',(-0.230700932126,0.55,6.365401127476E-02));
#3508 = CARTESIAN_POINT('',(-0.230582787626,0.56,6.004955295378E-02));
#3509 = CARTESIAN_POINT('',(-0.230582787626,0.55,6.004955295378E-02));
#3510 = CARTESIAN_POINT('',(-0.230341559129,0.56,5.268993775401E-02));
#3511 = CARTESIAN_POINT('',(-0.230341559129,0.55,5.268993775401E-02));
#3512 = CARTESIAN_POINT('',(-0.228657220095,0.56,4.154353495966E-02));
#3513 = CARTESIAN_POINT('',(-0.228657220095,0.55,4.154353495966E-02));
#3514 = CARTESIAN_POINT('',(-0.225950740617,0.56,3.0138426787E-02));
#3515 = CARTESIAN_POINT('',(-0.225950740617,0.55,3.0138426787E-02));
#3516 = CARTESIAN_POINT('',(-0.222919715982,0.56,2.046300742738E-02));
#3517 = CARTESIAN_POINT('',(-0.222919715982,0.55,2.046300742738E-02));
#3518 = CARTESIAN_POINT('',(-0.219717154977,0.56,1.253685523142E-02));
#3519 = CARTESIAN_POINT('',(-0.219717154977,0.55,1.253685523142E-02));
#3520 = CARTESIAN_POINT('',(-0.217051901018,0.56,6.146506168995E-03));
#3521 = CARTESIAN_POINT('',(-0.217051901018,0.55,6.146506168995E-03));
#3522 = CARTESIAN_POINT('',(-0.213734501414,0.56,-4.296011544768E-04));
#3523 = CARTESIAN_POINT('',(-0.213734501414,0.55,-4.296011544768E-04));
#3524 = CARTESIAN_POINT('',(-0.210197163295,0.56,-7.416964752513E-03));
#3525 = CARTESIAN_POINT('',(-0.210197163295,0.55,-7.416964752513E-03));
#3526 = CARTESIAN_POINT('',(-0.206121476403,0.56,-1.463550802137E-02));
#3527 = CARTESIAN_POINT('',(-0.206121476403,0.55,-1.463550802137E-02));
#3528 = CARTESIAN_POINT('',(-0.201689911464,0.56,-2.22058749675E-02));
#3529 = CARTESIAN_POINT('',(-0.201689911464,0.55,-2.22058749675E-02));
#3530 = CARTESIAN_POINT('',(-0.196779946374,0.56,-3.00076677337E-02));
#3531 = CARTESIAN_POINT('',(-0.196779946374,0.55,-3.00076677337E-02));
#3532 = CARTESIAN_POINT('',(-0.193337930099,0.56,-3.530208725838E-02));
#3533 = CARTESIAN_POINT('',(-0.193337930099,0.55,-3.530208725838E-02));
#3534 = CARTESIAN_POINT('',(-0.191578335973,0.56,-3.800864898165E-02));
#3535 = CARTESIAN_POINT('',(-0.191578335973,0.55,-3.800864898165E-02));
#3536 = ADVANCED_FACE('',(#3537),#3548,.T.);
#3537 = FACE_BOUND('',#3538,.T.);
#3538 = EDGE_LOOP('',(#3539,#3540,#3546,#3547));
#3539 = ORIENTED_EDGE('',*,*,#2208,.F.);
#3540 = ORIENTED_EDGE('',*,*,#3541,.F.);
#3541 = EDGE_CURVE('',#3282,#2189,#3542,.T.);
#3542 = LINE('',#3543,#3544);
#3543 = CARTESIAN_POINT('',(-0.124691316742,0.56,0.170224524095));
#3544 = VECTOR('',#3545,1.);
#3545 = DIRECTION('',(-3.761581922631E-31,-1.,-9.429630734102E-47));
#3546 = ORIENTED_EDGE('',*,*,#3281,.T.);
#3547 = ORIENTED_EDGE('',*,*,#3498,.T.);
#3548 = B_SPLINE_SURFACE_WITH_KNOTS('',3,1,(
    (#3549,#3550)
    ,(#3551,#3552)
    ,(#3553,#3554)
    ,(#3555,#3556)
    ,(#3557,#3558)
    ,(#3559,#3560)
    ,(#3561,#3562)
    ,(#3563,#3564)
    ,(#3565,#3566)
    ,(#3567,#3568)
    ,(#3569,#3570)
    ,(#3571,#3572)
    ,(#3573,#3574)
    ,(#3575,#3576)
    ,(#3577,#3578
    )),.UNSPECIFIED.,.F.,.F.,.F.,(4,1,1,1,1,1,1,1,1,1,1,1,4),(2,2),(0.,
    8.433472199263E-02,0.167052318416,0.249566077241,0.332740481802,
    0.415914886363,0.49782800954,0.580372588608,0.664600121057,
    0.749466693113,0.83251023394,0.915639281668,1.),(0.,1.),
  .UNSPECIFIED.);
#3549 = CARTESIAN_POINT('',(-0.124691316742,0.56,0.170224524095));
#3550 = CARTESIAN_POINT('',(-0.124691316742,0.55,0.170224524095));
#3551 = CARTESIAN_POINT('',(-0.129400986807,0.56,0.170071703521));
#3552 = CARTESIAN_POINT('',(-0.129400986807,0.55,0.170071703521));
#3553 = CARTESIAN_POINT('',(-0.138730018608,0.56,0.16976899272));
#3554 = CARTESIAN_POINT('',(-0.138730018608,0.55,0.16976899272));
#3555 = CARTESIAN_POINT('',(-0.152453298032,0.56,0.167072398932));
#3556 = CARTESIAN_POINT('',(-0.152453298032,0.55,0.167072398932));
#3557 = CARTESIAN_POINT('',(-0.165639599766,0.56,0.162701688656));
#3558 = CARTESIAN_POINT('',(-0.165639599766,0.55,0.162701688656));
#3559 = CARTESIAN_POINT('',(-0.178196537857,0.56,0.156680260801));
#3560 = CARTESIAN_POINT('',(-0.178196537857,0.55,0.156680260801));
#3561 = CARTESIAN_POINT('',(-0.189828599149,0.56,0.149074472506));
#3562 = CARTESIAN_POINT('',(-0.189828599149,0.55,0.149074472506));
#3563 = CARTESIAN_POINT('',(-0.200235162793,0.56,0.139918244593));
#3564 = CARTESIAN_POINT('',(-0.200235162793,0.55,0.139918244593));
#3565 = CARTESIAN_POINT('',(-0.209364340248,0.56,0.129407298086));
#3566 = CARTESIAN_POINT('',(-0.209364340248,0.55,0.129407298086));
#3567 = CARTESIAN_POINT('',(-0.216961802342,0.56,0.117543263358));
#3568 = CARTESIAN_POINT('',(-0.216961802342,0.55,0.117543263358));
#3569 = CARTESIAN_POINT('',(-0.222987675536,0.56,0.104794267608));
#3570 = CARTESIAN_POINT('',(-0.222987675536,0.55,0.104794267608));
#3571 = CARTESIAN_POINT('',(-0.227506668048,0.56,9.150055196899E-02));
#3572 = CARTESIAN_POINT('',(-0.227506668048,0.55,9.150055196899E-02));
#3573 = CARTESIAN_POINT('',(-0.230146292371,0.56,7.771055379641E-02));
#3574 = CARTESIAN_POINT('',(-0.230146292371,0.55,7.771055379641E-02));
#3575 = CARTESIAN_POINT('',(-0.230515148056,0.56,6.836243987776E-02));
#3576 = CARTESIAN_POINT('',(-0.230515148056,0.55,6.836243987776E-02));
#3577 = CARTESIAN_POINT('',(-0.230700932126,0.56,6.365401127476E-02));
#3578 = CARTESIAN_POINT('',(-0.230700932126,0.55,6.365401127476E-02));
#3579 = ADVANCED_FACE('',(#3580),#3591,.T.);
#3580 = FACE_BOUND('',#3581,.T.);
#3581 = EDGE_LOOP('',(#3582,#3583,#3589,#3590));
#3582 = ORIENTED_EDGE('',*,*,#2188,.F.);
#3583 = ORIENTED_EDGE('',*,*,#3584,.F.);
#3584 = EDGE_CURVE('',#3302,#2165,#3585,.T.);
#3585 = LINE('',#3586,#3587);
#3586 = CARTESIAN_POINT('',(-1.531631674185E-02,0.56,6.302300165938E-02)
  );
#3587 = VECTOR('',#3588,1.);
#3588 = DIRECTION('',(-3.761581922631E-31,-1.,-9.429630734102E-47));
#3589 = ORIENTED_EDGE('',*,*,#3301,.T.);
#3590 = ORIENTED_EDGE('',*,*,#3541,.T.);
#3591 = B_SPLINE_SURFACE_WITH_KNOTS('',3,1,(
    (#3592,#3593)
    ,(#3594,#3595)
    ,(#3596,#3597)
    ,(#3598,#3599)
    ,(#3600,#3601)
    ,(#3602,#3603)
    ,(#3604,#3605)
    ,(#3606,#3607)
    ,(#3608,#3609)
    ,(#3610,#3611)
    ,(#3612,#3613)
    ,(#3614,#3615)
    ,(#3616,#3617)
    ,(#3618,#3619)
    ,(#3620,#3621
    )),.UNSPECIFIED.,.F.,.F.,.F.,(4,1,1,1,1,1,1,1,1,1,1,1,4),(2,2),(0.,
    8.594794314413E-02,0.169125211881,0.250399107186,0.332289736139,
    0.413364287916,0.494172283371,0.576021735387,0.660756969254,
    0.745783125914,0.830043592975,0.914027545821,1.),(0.,1.),
  .UNSPECIFIED.);
#3592 = CARTESIAN_POINT('',(-1.531631674185E-02,0.56,6.302300165938E-02)
  );
#3593 = CARTESIAN_POINT('',(-1.531631674185E-02,0.55,6.302300165938E-02)
  );
#3594 = CARTESIAN_POINT('',(-1.545862723027E-02,0.56,6.792097205406E-02)
  );
#3595 = CARTESIAN_POINT('',(-1.545862723027E-02,0.55,6.792097205406E-02)
  );
#3596 = CARTESIAN_POINT('',(-1.573866059264E-02,0.56,7.755901864928E-02)
  );
#3597 = CARTESIAN_POINT('',(-1.573866059264E-02,0.55,7.755901864928E-02)
  );
#3598 = CARTESIAN_POINT('',(-1.852904019471E-02,0.56,9.159668928973E-02)
  );
#3599 = CARTESIAN_POINT('',(-1.852904019471E-02,0.55,9.159668928973E-02)
  );
#3600 = CARTESIAN_POINT('',(-2.286500467024E-02,0.56,0.104969940843));
#3601 = CARTESIAN_POINT('',(-2.286500467024E-02,0.55,0.104969940843));
#3602 = CARTESIAN_POINT('',(-2.906275751055E-02,0.56,0.11746525798));
#3603 = CARTESIAN_POINT('',(-2.906275751055E-02,0.55,0.11746525798));
#3604 = CARTESIAN_POINT('',(-3.676099580893E-02,0.56,0.129065514938));
#3605 = CARTESIAN_POINT('',(-3.676099580893E-02,0.55,0.129065514938));
#3606 = CARTESIAN_POINT('',(-4.614875507571E-02,0.56,0.13934406148));
#3607 = CARTESIAN_POINT('',(-4.614875507571E-02,0.55,0.13934406148));
#3608 = CARTESIAN_POINT('',(-5.689310390911E-02,0.56,0.148511065212));
#3609 = CARTESIAN_POINT('',(-5.689310390911E-02,0.55,0.148511065212));
#3610 = CARTESIAN_POINT('',(-6.904178372711E-02,0.56,0.156176727132));
#3611 = CARTESIAN_POINT('',(-6.904178372711E-02,0.55,0.156176727132));
#3612 = CARTESIAN_POINT('',(-8.211608013875E-02,0.56,0.162437032234));
#3613 = CARTESIAN_POINT('',(-8.211608013875E-02,0.55,0.162437032234));
#3614 = CARTESIAN_POINT('',(-9.585127988018E-02,0.56,0.166933556442));
#3615 = CARTESIAN_POINT('',(-9.585127988018E-02,0.55,0.166933556442));
#3616 = CARTESIAN_POINT('',(-0.110113994514,0.56,0.169701903381));
#3617 = CARTESIAN_POINT('',(-0.110113994514,0.55,0.169701903381));
#3618 = CARTESIAN_POINT('',(-0.11979445532,0.56,0.170048963648));
#3619 = CARTESIAN_POINT('',(-0.11979445532,0.55,0.170048963648));
#3620 = CARTESIAN_POINT('',(-0.124691316742,0.56,0.170224524095));
#3621 = CARTESIAN_POINT('',(-0.124691316742,0.55,0.170224524095));
#3622 = ADVANCED_FACE('',(#3623),#3634,.T.);
#3623 = FACE_BOUND('',#3624,.T.);
#3624 = EDGE_LOOP('',(#3625,#3626,#3632,#3633));
#3625 = ORIENTED_EDGE('',*,*,#2164,.F.);
#3626 = ORIENTED_EDGE('',*,*,#3627,.F.);
#3627 = EDGE_CURVE('',#3322,#2155,#3628,.T.);
#3628 = LINE('',#3629,#3630);
#3629 = CARTESIAN_POINT('',(-0.119152454562,0.56,-4.067291180216E-02));
#3630 = VECTOR('',#3631,1.);
#3631 = DIRECTION('',(-3.761581922631E-31,-1.,-9.429630734102E-47));
#3632 = ORIENTED_EDGE('',*,*,#3321,.T.);
#3633 = ORIENTED_EDGE('',*,*,#3584,.T.);
#3634 = B_SPLINE_SURFACE_WITH_KNOTS('',3,1,(
    (#3635,#3636)
    ,(#3637,#3638)
    ,(#3639,#3640)
    ,(#3641,#3642)
    ,(#3643,#3644)
    ,(#3645,#3646)
    ,(#3647,#3648)
    ,(#3649,#3650)
    ,(#3651,#3652)
    ,(#3653,#3654)
    ,(#3655,#3656)
    ,(#3657,#3658)
    ,(#3659,#3660)
    ,(#3661,#3662)
    ,(#3663,#3664)
    ,(#3665,#3666)
    ,(#3667,#3668)
    ,(#3669,#3670)
    ,(#3671,#3672
    )),.UNSPECIFIED.,.F.,.F.,.F.,(4,1,1,1,1,1,1,1,1,1,1,1,1,1,1,1,4),(2,
    2),(0.,6.523080374203E-02,0.128404896003,0.190067071596,
    0.250943365768,0.311545832852,0.372862802157,0.435023673856,
    0.499071724707,0.56309107505,0.62551010633,0.68668003593,
    0.747282503014,0.808563495216,0.870742103516,0.934340951506,1.),(0.,
    1.),.UNSPECIFIED.);
#3635 = CARTESIAN_POINT('',(-0.119152454562,0.56,-4.067291180216E-02));
#3636 = CARTESIAN_POINT('',(-0.119152454562,0.55,-4.067291180216E-02));
#3637 = CARTESIAN_POINT('',(-0.115595204929,0.56,-4.057730063258E-02));
#3638 = CARTESIAN_POINT('',(-0.115595204929,0.55,-4.057730063258E-02));
#3639 = CARTESIAN_POINT('',(-0.108592864883,0.56,-4.03890928905E-02));
#3640 = CARTESIAN_POINT('',(-0.108592864883,0.55,-4.03890928905E-02));
#3641 = CARTESIAN_POINT('',(-9.831218466586E-02,0.56,-3.894070782132E-02
    ));
#3642 = CARTESIAN_POINT('',(-9.831218466586E-02,0.55,-3.894070782132E-02
    ));
#3643 = CARTESIAN_POINT('',(-8.843329106854E-02,0.56,-3.665819662896E-02
    ));
#3644 = CARTESIAN_POINT('',(-8.843329106854E-02,0.55,-3.665819662896E-02
    ));
#3645 = CARTESIAN_POINT('',(-7.8997129843E-02,0.56,-3.333097103413E-02)
  );
#3646 = CARTESIAN_POINT('',(-7.8997129843E-02,0.55,-3.333097103413E-02)
  );
#3647 = CARTESIAN_POINT('',(-6.996983165704E-02,0.56,-2.908073559791E-02
    ));
#3648 = CARTESIAN_POINT('',(-6.996983165704E-02,0.55,-2.908073559791E-02
    ));
#3649 = CARTESIAN_POINT('',(-6.129959204619E-02,0.56,-2.398684856986E-02
    ));
#3650 = CARTESIAN_POINT('',(-6.129959204619E-02,0.55,-2.398684856986E-02
    ));
#3651 = CARTESIAN_POINT('',(-5.314939103557E-02,0.56,-1.778628053418E-02
    ));
#3652 = CARTESIAN_POINT('',(-5.314939103557E-02,0.55,-1.778628053418E-02
    ));
#3653 = CARTESIAN_POINT('',(-4.541427311438E-02,0.56,-1.085978495579E-02
    ));
#3654 = CARTESIAN_POINT('',(-4.541427311438E-02,0.55,-1.085978495579E-02
    ));
#3655 = CARTESIAN_POINT('',(-3.839156337508E-02,0.56,-3.18808650628E-03)
  );
#3656 = CARTESIAN_POINT('',(-3.839156337508E-02,0.55,-3.18808650628E-03)
  );
#3657 = CARTESIAN_POINT('',(-3.217395781933E-02,0.56,4.952047164325E-03)
  );
#3658 = CARTESIAN_POINT('',(-3.217395781933E-02,0.55,4.952047164325E-03)
  );
#3659 = CARTESIAN_POINT('',(-2.695127864592E-02,0.56,1.355213526414E-02)
  );
#3660 = CARTESIAN_POINT('',(-2.695127864592E-02,0.55,1.355213526414E-02)
  );
#3661 = CARTESIAN_POINT('',(-2.271388648446E-02,0.56,2.260782185748E-02)
  );
#3662 = CARTESIAN_POINT('',(-2.271388648446E-02,0.55,2.260782185748E-02)
  );
#3663 = CARTESIAN_POINT('',(-1.942339862467E-02,0.56,3.210514781353E-02)
  );
#3664 = CARTESIAN_POINT('',(-1.942339862467E-02,0.55,3.210514781353E-02)
  );
#3665 = CARTESIAN_POINT('',(-1.702463412031E-02,0.56,4.203196176237E-02)
  );
#3666 = CARTESIAN_POINT('',(-1.702463412031E-02,0.55,4.203196176237E-02)
  );
#3667 = CARTESIAN_POINT('',(-1.560667483833E-02,0.56,5.239510890838E-02)
  );
#3668 = CARTESIAN_POINT('',(-1.560667483833E-02,0.55,5.239510890838E-02)
  );
#3669 = CARTESIAN_POINT('',(-1.541412576682E-02,0.56,5.9442926435E-02));
#3670 = CARTESIAN_POINT('',(-1.541412576682E-02,0.55,5.9442926435E-02));
#3671 = CARTESIAN_POINT('',(-1.531631674185E-02,0.56,6.302300165938E-02)
  );
#3672 = CARTESIAN_POINT('',(-1.531631674185E-02,0.55,6.302300165938E-02)
  );
#3673 = ADVANCED_FACE('',(#3674),#3685,.T.);
#3674 = FACE_BOUND('',#3675,.T.);
#3675 = EDGE_LOOP('',(#3676,#3677,#3683,#3684));
#3676 = ORIENTED_EDGE('',*,*,#2154,.F.);
#3677 = ORIENTED_EDGE('',*,*,#3678,.F.);
#3678 = EDGE_CURVE('',#3346,#2147,#3679,.T.);
#3679 = LINE('',#3680,#3681);
#3680 = CARTESIAN_POINT('',(-0.155400451357,0.56,-3.730752718677E-02));
#3681 = VECTOR('',#3682,1.);
#3682 = DIRECTION('',(-3.761581922631E-31,-1.,-9.429630734102E-47));
#3683 = ORIENTED_EDGE('',*,*,#3345,.T.);
#3684 = ORIENTED_EDGE('',*,*,#3627,.T.);
#3685 = B_SPLINE_SURFACE_WITH_KNOTS('',3,1,(
    (#3686,#3687)
    ,(#3688,#3689)
    ,(#3690,#3691)
    ,(#3692,#3693)
    ,(#3694,#3695
    )),.UNSPECIFIED.,.F.,.F.,.F.,(4,1,4),(2,2),(0.,0.512659336342,1.),(
    0.,1.),.UNSPECIFIED.);
#3686 = CARTESIAN_POINT('',(-0.155400451357,0.56,-3.730752718677E-02));
#3687 = CARTESIAN_POINT('',(-0.155400451357,0.55,-3.730752718677E-02));
#3688 = CARTESIAN_POINT('',(-0.149243423659,0.56,-3.828891325213E-02));
#3689 = CARTESIAN_POINT('',(-0.149243423659,0.55,-3.828891325213E-02));
#3690 = CARTESIAN_POINT('',(-0.137233444981,0.56,-4.020321773425E-02));
#3691 = CARTESIAN_POINT('',(-0.137233444981,0.55,-4.020321773425E-02));
#3692 = CARTESIAN_POINT('',(-0.125076855129,0.56,-4.05190122791E-02));
#3693 = CARTESIAN_POINT('',(-0.125076855129,0.55,-4.05190122791E-02));
#3694 = CARTESIAN_POINT('',(-0.119152454562,0.56,-4.067291180216E-02));
#3695 = CARTESIAN_POINT('',(-0.119152454562,0.55,-4.067291180216E-02));
#3696 = ADVANCED_FACE('',(#3697),#3708,.T.);
#3697 = FACE_BOUND('',#3698,.T.);
#3698 = EDGE_LOOP('',(#3699,#3700,#3706,#3707));
#3699 = ORIENTED_EDGE('',*,*,#2146,.F.);
#3700 = ORIENTED_EDGE('',*,*,#3701,.F.);
#3701 = EDGE_CURVE('',#3356,#2139,#3702,.T.);
#3702 = LINE('',#3703,#3704);
#3703 = CARTESIAN_POINT('',(-6.292248661365E-02,0.56,-0.178723793212));
#3704 = VECTOR('',#3705,1.);
#3705 = DIRECTION('',(-3.761581922631E-31,-1.,-9.429630734102E-47));
#3706 = ORIENTED_EDGE('',*,*,#3355,.T.);
#3707 = ORIENTED_EDGE('',*,*,#3678,.T.);
#3708 = PLANE('',#3709);
#3709 = AXIS2_PLACEMENT_3D('',#3710,#3711,#3712);
#3710 = CARTESIAN_POINT('',(-6.292248661365E-02,0.56,-0.178723793212));
#3711 = DIRECTION('',(0.836933063028,-3.148192280338E-31,0.547305260354)
  );
#3712 = DIRECTION('',(0.547305260354,2.189528850508E-47,-0.836933063028)
  );
#3713 = ADVANCED_FACE('',(#3714),#3720,.T.);
#3714 = FACE_BOUND('',#3715,.T.);
#3715 = EDGE_LOOP('',(#3716,#3717,#3718,#3719));
#3716 = ORIENTED_EDGE('',*,*,#2138,.F.);
#3717 = ORIENTED_EDGE('',*,*,#3483,.F.);
#3718 = ORIENTED_EDGE('',*,*,#3363,.T.);
#3719 = ORIENTED_EDGE('',*,*,#3701,.T.);
#3720 = PLANE('',#3721);
#3721 = AXIS2_PLACEMENT_3D('',#3722,#3723,#3724);
#3722 = CARTESIAN_POINT('',(-8.711118853673E-02,0.56,-0.197724193853));
#3723 = DIRECTION('',(0.617720878794,-2.323607690903E-31,-0.786397428723
    ));
#3724 = DIRECTION('',(-0.786397428723,0.,-0.617720878794));
#3725 = ADVANCED_FACE('',(#3726),#3767,.T.);
#3726 = FACE_BOUND('',#3727,.T.);
#3727 = EDGE_LOOP('',(#3728,#3754,#3760,#3761));
#3728 = ORIENTED_EDGE('',*,*,#3729,.F.);
#3729 = EDGE_CURVE('',#3730,#3732,#3734,.T.);
#3730 = VERTEX_POINT('',#3731);
#3731 = CARTESIAN_POINT('',(-4.672657315211E-02,0.55,6.491603050553E-02)
  );
#3732 = VERTEX_POINT('',#3733);
#3733 = CARTESIAN_POINT('',(-0.125742999434,0.55,-4.775475904722E-03));
#3734 = B_SPLINE_CURVE_WITH_KNOTS('',3,(#3735,#3736,#3737,#3738,#3739,
    #3740,#3741,#3742,#3743,#3744,#3745,#3746,#3747,#3748,#3749,#3750,
    #3751,#3752,#3753),.UNSPECIFIED.,.F.,.F.,(4,1,1,1,1,1,1,1,1,1,1,1,1,
    1,1,1,4),(0.,6.113791491562E-02,0.119993843851,0.178225321508,
    0.236256420262,0.294929376955,0.35471574881,0.416729663924,
    0.480664408471,0.545831770211,0.609758105426,0.672971228474,
    0.736016869168,0.799839398192,0.864775356666,0.931087623273,1.),
  .UNSPECIFIED.);
#3735 = CARTESIAN_POINT('',(-4.672657315211E-02,0.55,6.491603050553E-02)
  );
#3736 = CARTESIAN_POINT('',(-4.678160245161E-02,0.55,6.252657541381E-02)
  );
#3737 = CARTESIAN_POINT('',(-4.688960707003E-02,0.55,5.783685216169E-02)
  );
#3738 = CARTESIAN_POINT('',(-4.811120192819E-02,0.55,5.096809033808E-02)
  );
#3739 = CARTESIAN_POINT('',(-4.980543931421E-02,0.55,4.433556971592E-02)
  );
#3740 = CARTESIAN_POINT('',(-5.236374238518E-02,0.55,3.798097481259E-02)
  );
#3741 = CARTESIAN_POINT('',(-5.568739685922E-02,0.55,3.192938208853E-02)
  );
#3742 = CARTESIAN_POINT('',(-5.97357375623E-02,0.55,2.615022199688E-02)
  );
#3743 = CARTESIAN_POINT('',(-6.441899459334E-02,0.55,2.059918726654E-02)
  );
#3744 = CARTESIAN_POINT('',(-6.982874855266E-02,0.55,1.544290642903E-02)
  );
#3745 = CARTESIAN_POINT('',(-7.571777194776E-02,0.55,1.072819863532E-02)
  );
#3746 = CARTESIAN_POINT('',(-8.197933048506E-02,0.55,6.566242995512E-03)
  );
#3747 = CARTESIAN_POINT('',(-8.85301278549E-02,0.55,3.05374532848E-03));
#3748 = CARTESIAN_POINT('',(-9.536352209922E-02,0.55,1.230351018118E-04)
  );
#3749 = CARTESIAN_POINT('',(-0.102557810364,0.55,-1.991912311346E-03));
#3750 = CARTESIAN_POINT('',(-0.109996844283,0.55,-3.657236618179E-03));
#3751 = CARTESIAN_POINT('',(-0.117775768547,0.55,-4.543438390761E-03));
#3752 = CARTESIAN_POINT('',(-0.123053429379,0.55,-4.697144906395E-03));
#3753 = CARTESIAN_POINT('',(-0.125742999434,0.55,-4.775475904722E-03));
#3754 = ORIENTED_EDGE('',*,*,#3755,.F.);
#3755 = EDGE_CURVE('',#3398,#3730,#3756,.T.);
#3756 = LINE('',#3757,#3758);
#3757 = CARTESIAN_POINT('',(-4.672657315211E-02,0.56,6.491603050553E-02)
  );
#3758 = VECTOR('',#3759,1.);
#3759 = DIRECTION('',(-3.761581922631E-31,-1.,-9.429630734102E-47));
#3760 = ORIENTED_EDGE('',*,*,#3397,.T.);
#3761 = ORIENTED_EDGE('',*,*,#3762,.T.);
#3762 = EDGE_CURVE('',#3372,#3732,#3763,.T.);
#3763 = LINE('',#3764,#3765);
#3764 = CARTESIAN_POINT('',(-0.125742999434,0.56,-4.775475904722E-03));
#3765 = VECTOR('',#3766,1.);
#3766 = DIRECTION('',(-3.761581922631E-31,-1.,-9.429630734102E-47));
#3767 = B_SPLINE_SURFACE_WITH_KNOTS('',3,1,(
    (#3768,#3769)
    ,(#3770,#3771)
    ,(#3772,#3773)
    ,(#3774,#3775)
    ,(#3776,#3777)
    ,(#3778,#3779)
    ,(#3780,#3781)
    ,(#3782,#3783)
    ,(#3784,#3785)
    ,(#3786,#3787)
    ,(#3788,#3789)
    ,(#3790,#3791)
    ,(#3792,#3793)
    ,(#3794,#3795)
    ,(#3796,#3797)
    ,(#3798,#3799)
    ,(#3800,#3801)
    ,(#3802,#3803)
    ,(#3804,#3805
    )),.UNSPECIFIED.,.F.,.F.,.F.,(4,1,1,1,1,1,1,1,1,1,1,1,1,1,1,1,4),(2,
    2),(0.,6.113791491562E-02,0.119993843851,0.178225321508,
    0.236256420262,0.294929376955,0.35471574881,0.416729663924,
    0.480664408471,0.545831770211,0.609758105426,0.672971228474,
    0.736016869168,0.799839398192,0.864775356666,0.931087623273,1.),(0.,
    1.),.UNSPECIFIED.);
#3768 = CARTESIAN_POINT('',(-4.672657315211E-02,0.56,6.491603050553E-02)
  );
#3769 = CARTESIAN_POINT('',(-4.672657315211E-02,0.55,6.491603050553E-02)
  );
#3770 = CARTESIAN_POINT('',(-4.678160245161E-02,0.56,6.252657541381E-02)
  );
#3771 = CARTESIAN_POINT('',(-4.678160245161E-02,0.55,6.252657541381E-02)
  );
#3772 = CARTESIAN_POINT('',(-4.688960707003E-02,0.56,5.783685216169E-02)
  );
#3773 = CARTESIAN_POINT('',(-4.688960707003E-02,0.55,5.783685216169E-02)
  );
#3774 = CARTESIAN_POINT('',(-4.811120192819E-02,0.56,5.096809033808E-02)
  );
#3775 = CARTESIAN_POINT('',(-4.811120192819E-02,0.55,5.096809033808E-02)
  );
#3776 = CARTESIAN_POINT('',(-4.980543931421E-02,0.56,4.433556971592E-02)
  );
#3777 = CARTESIAN_POINT('',(-4.980543931421E-02,0.55,4.433556971592E-02)
  );
#3778 = CARTESIAN_POINT('',(-5.236374238518E-02,0.56,3.798097481259E-02)
  );
#3779 = CARTESIAN_POINT('',(-5.236374238518E-02,0.55,3.798097481259E-02)
  );
#3780 = CARTESIAN_POINT('',(-5.568739685922E-02,0.56,3.192938208853E-02)
  );
#3781 = CARTESIAN_POINT('',(-5.568739685922E-02,0.55,3.192938208853E-02)
  );
#3782 = CARTESIAN_POINT('',(-5.97357375623E-02,0.56,2.615022199688E-02)
  );
#3783 = CARTESIAN_POINT('',(-5.97357375623E-02,0.55,2.615022199688E-02)
  );
#3784 = CARTESIAN_POINT('',(-6.441899459334E-02,0.56,2.059918726654E-02)
  );
#3785 = CARTESIAN_POINT('',(-6.441899459334E-02,0.55,2.059918726654E-02)
  );
#3786 = CARTESIAN_POINT('',(-6.982874855266E-02,0.56,1.544290642903E-02)
  );
#3787 = CARTESIAN_POINT('',(-6.982874855266E-02,0.55,1.544290642903E-02)
  );
#3788 = CARTESIAN_POINT('',(-7.571777194776E-02,0.56,1.072819863532E-02)
  );
#3789 = CARTESIAN_POINT('',(-7.571777194776E-02,0.55,1.072819863532E-02)
  );
#3790 = CARTESIAN_POINT('',(-8.197933048506E-02,0.56,6.566242995512E-03)
  );
#3791 = CARTESIAN_POINT('',(-8.197933048506E-02,0.55,6.566242995512E-03)
  );
#3792 = CARTESIAN_POINT('',(-8.85301278549E-02,0.56,3.05374532848E-03));
#3793 = CARTESIAN_POINT('',(-8.85301278549E-02,0.55,3.05374532848E-03));
#3794 = CARTESIAN_POINT('',(-9.536352209922E-02,0.56,1.230351018118E-04)
  );
#3795 = CARTESIAN_POINT('',(-9.536352209922E-02,0.55,1.230351018118E-04)
  );
#3796 = CARTESIAN_POINT('',(-0.102557810364,0.56,-1.991912311346E-03));
#3797 = CARTESIAN_POINT('',(-0.102557810364,0.55,-1.991912311346E-03));
#3798 = CARTESIAN_POINT('',(-0.109996844283,0.56,-3.657236618179E-03));
#3799 = CARTESIAN_POINT('',(-0.109996844283,0.55,-3.657236618179E-03));
#3800 = CARTESIAN_POINT('',(-0.117775768547,0.56,-4.543438390761E-03));
#3801 = CARTESIAN_POINT('',(-0.117775768547,0.55,-4.543438390761E-03));
#3802 = CARTESIAN_POINT('',(-0.123053429379,0.56,-4.697144906395E-03));
#3803 = CARTESIAN_POINT('',(-0.123053429379,0.55,-4.697144906395E-03));
#3804 = CARTESIAN_POINT('',(-0.125742999434,0.56,-4.775475904722E-03));
#3805 = CARTESIAN_POINT('',(-0.125742999434,0.55,-4.775475904722E-03));
#3806 = ADVANCED_FACE('',(#3807),#3841,.T.);
#3807 = FACE_BOUND('',#3808,.T.);
#3808 = EDGE_LOOP('',(#3809,#3833,#3834,#3835));
#3809 = ORIENTED_EDGE('',*,*,#3810,.F.);
#3810 = EDGE_CURVE('',#3732,#3811,#3813,.T.);
#3811 = VERTEX_POINT('',#3812);
#3812 = CARTESIAN_POINT('',(-0.199290675716,0.55,6.491603050553E-02));
#3813 = B_SPLINE_CURVE_WITH_KNOTS('',3,(#3814,#3815,#3816,#3817,#3818,
    #3819,#3820,#3821,#3822,#3823,#3824,#3825,#3826,#3827,#3828,#3829,
    #3830,#3831,#3832),.UNSPECIFIED.,.F.,.F.,(4,1,1,1,1,1,1,1,1,1,1,1,1,
    1,1,1,4),(0.,7.059928943359E-02,0.137900921004,0.20319619781,
    0.26678972465,0.329106387221,0.390653545235,0.452653056934,
    0.5157480403,0.5779263408,0.638930011618,0.698350717642,
    0.757296037444,0.81639376735,0.876266909614,0.936817108906,1.),
  .UNSPECIFIED.);
#3814 = CARTESIAN_POINT('',(-0.125742999434,0.55,-4.775475904722E-03));
#3815 = CARTESIAN_POINT('',(-0.128409223917,0.55,-4.697671536463E-03));
#3816 = CARTESIAN_POINT('',(-0.133617134858,0.55,-4.545697003474E-03));
#3817 = CARTESIAN_POINT('',(-0.14125787633,0.55,-3.663171810976E-03));
#3818 = CARTESIAN_POINT('',(-0.148489201475,0.55,-2.001265252898E-03));
#3819 = CARTESIAN_POINT('',(-0.15540691484,0.55,1.153679433595E-04));
#3820 = CARTESIAN_POINT('',(-0.16188168513,0.55,3.025673914924E-03));
#3821 = CARTESIAN_POINT('',(-0.167960569115,0.55,6.560853810438E-03));
#3822 = CARTESIAN_POINT('',(-0.173667074304,0.55,1.072297162511E-02));
#3823 = CARTESIAN_POINT('',(-0.178941429477,0.55,1.545306273547E-02));
#3824 = CARTESIAN_POINT('',(-0.183723395812,0.55,2.063186603418E-02));
#3825 = CARTESIAN_POINT('',(-0.187841508889,0.55,2.617881825178E-02));
#3826 = CARTESIAN_POINT('',(-0.191393748898,0.55,3.196023856236E-02));
#3827 = CARTESIAN_POINT('',(-0.194281930786,0.55,3.802443278205E-02));
#3828 = CARTESIAN_POINT('',(-0.196530938363,0.55,4.4369082741E-02));
#3829 = CARTESIAN_POINT('',(-0.19815776345,0.55,5.096500767918E-02));
#3830 = CARTESIAN_POINT('',(-0.199063138572,0.55,5.78564382918E-02));
#3831 = CARTESIAN_POINT('',(-0.199213761723,0.55,6.252968856475E-02));
#3832 = CARTESIAN_POINT('',(-0.199290675716,0.55,6.491603050553E-02));
#3833 = ORIENTED_EDGE('',*,*,#3762,.F.);
#3834 = ORIENTED_EDGE('',*,*,#3371,.T.);
#3835 = ORIENTED_EDGE('',*,*,#3836,.T.);
#3836 = EDGE_CURVE('',#3374,#3811,#3837,.T.);
#3837 = LINE('',#3838,#3839);
#3838 = CARTESIAN_POINT('',(-0.199290675716,0.56,6.491603050553E-02));
#3839 = VECTOR('',#3840,1.);
#3840 = DIRECTION('',(-3.761581922631E-31,-1.,-9.429630734102E-47));
#3841 = B_SPLINE_SURFACE_WITH_KNOTS('',3,1,(
    (#3842,#3843)
    ,(#3844,#3845)
    ,(#3846,#3847)
    ,(#3848,#3849)
    ,(#3850,#3851)
    ,(#3852,#3853)
    ,(#3854,#3855)
    ,(#3856,#3857)
    ,(#3858,#3859)
    ,(#3860,#3861)
    ,(#3862,#3863)
    ,(#3864,#3865)
    ,(#3866,#3867)
    ,(#3868,#3869)
    ,(#3870,#3871)
    ,(#3872,#3873)
    ,(#3874,#3875)
    ,(#3876,#3877)
    ,(#3878,#3879
    )),.UNSPECIFIED.,.F.,.F.,.F.,(4,1,1,1,1,1,1,1,1,1,1,1,1,1,1,1,4),(2,
    2),(0.,7.059928943359E-02,0.137900921004,0.20319619781,0.26678972465
    ,0.329106387221,0.390653545235,0.452653056934,0.5157480403,
    0.5779263408,0.638930011618,0.698350717642,0.757296037444,
    0.81639376735,0.876266909614,0.936817108906,1.),(0.,1.),
  .UNSPECIFIED.);
#3842 = CARTESIAN_POINT('',(-0.125742999434,0.56,-4.775475904722E-03));
#3843 = CARTESIAN_POINT('',(-0.125742999434,0.55,-4.775475904722E-03));
#3844 = CARTESIAN_POINT('',(-0.128409223917,0.56,-4.697671536463E-03));
#3845 = CARTESIAN_POINT('',(-0.128409223917,0.55,-4.697671536463E-03));
#3846 = CARTESIAN_POINT('',(-0.133617134858,0.56,-4.545697003474E-03));
#3847 = CARTESIAN_POINT('',(-0.133617134858,0.55,-4.545697003474E-03));
#3848 = CARTESIAN_POINT('',(-0.14125787633,0.56,-3.663171810976E-03));
#3849 = CARTESIAN_POINT('',(-0.14125787633,0.55,-3.663171810976E-03));
#3850 = CARTESIAN_POINT('',(-0.148489201475,0.56,-2.001265252898E-03));
#3851 = CARTESIAN_POINT('',(-0.148489201475,0.55,-2.001265252898E-03));
#3852 = CARTESIAN_POINT('',(-0.15540691484,0.56,1.153679433595E-04));
#3853 = CARTESIAN_POINT('',(-0.15540691484,0.55,1.153679433595E-04));
#3854 = CARTESIAN_POINT('',(-0.16188168513,0.56,3.025673914924E-03));
#3855 = CARTESIAN_POINT('',(-0.16188168513,0.55,3.025673914924E-03));
#3856 = CARTESIAN_POINT('',(-0.167960569115,0.56,6.560853810438E-03));
#3857 = CARTESIAN_POINT('',(-0.167960569115,0.55,6.560853810438E-03));
#3858 = CARTESIAN_POINT('',(-0.173667074304,0.56,1.072297162511E-02));
#3859 = CARTESIAN_POINT('',(-0.173667074304,0.55,1.072297162511E-02));
#3860 = CARTESIAN_POINT('',(-0.178941429477,0.56,1.545306273547E-02));
#3861 = CARTESIAN_POINT('',(-0.178941429477,0.55,1.545306273547E-02));
#3862 = CARTESIAN_POINT('',(-0.183723395812,0.56,2.063186603418E-02));
#3863 = CARTESIAN_POINT('',(-0.183723395812,0.55,2.063186603418E-02));
#3864 = CARTESIAN_POINT('',(-0.187841508889,0.56,2.617881825178E-02));
#3865 = CARTESIAN_POINT('',(-0.187841508889,0.55,2.617881825178E-02));
#3866 = CARTESIAN_POINT('',(-0.191393748898,0.56,3.196023856236E-02));
#3867 = CARTESIAN_POINT('',(-0.191393748898,0.55,3.196023856236E-02));
#3868 = CARTESIAN_POINT('',(-0.194281930786,0.56,3.802443278205E-02));
#3869 = CARTESIAN_POINT('',(-0.194281930786,0.55,3.802443278205E-02));
#3870 = CARTESIAN_POINT('',(-0.196530938363,0.56,4.4369082741E-02));
#3871 = CARTESIAN_POINT('',(-0.196530938363,0.55,4.4369082741E-02));
#3872 = CARTESIAN_POINT('',(-0.19815776345,0.56,5.096500767918E-02));
#3873 = CARTESIAN_POINT('',(-0.19815776345,0.55,5.096500767918E-02));
#3874 = CARTESIAN_POINT('',(-0.199063138572,0.56,5.78564382918E-02));
#3875 = CARTESIAN_POINT('',(-0.199063138572,0.55,5.78564382918E-02));
#3876 = CARTESIAN_POINT('',(-0.199213761723,0.56,6.252968856475E-02));
#3877 = CARTESIAN_POINT('',(-0.199213761723,0.55,6.252968856475E-02));
#3878 = CARTESIAN_POINT('',(-0.199290675716,0.56,6.491603050553E-02));
#3879 = CARTESIAN_POINT('',(-0.199290675716,0.55,6.491603050553E-02));
#3880 = ADVANCED_FACE('',(#3881),#3915,.T.);
#3881 = FACE_BOUND('',#3882,.T.);
#3882 = EDGE_LOOP('',(#3883,#3907,#3908,#3909));
#3883 = ORIENTED_EDGE('',*,*,#3884,.F.);
#3884 = EDGE_CURVE('',#3811,#3885,#3887,.T.);
#3885 = VERTEX_POINT('',#3886);
#3886 = CARTESIAN_POINT('',(-0.123008624434,0.55,0.134327088198));
#3887 = B_SPLINE_CURVE_WITH_KNOTS('',3,(#3888,#3889,#3890,#3891,#3892,
    #3893,#3894,#3895,#3896,#3897,#3898,#3899,#3900,#3901,#3902,#3903,
    #3904,#3905,#3906),.UNSPECIFIED.,.F.,.F.,(4,1,1,1,1,1,1,1,1,1,1,1,1,
    1,1,1,4),(0.,6.184170298391E-02,0.121262373094,0.180745948865,
    0.239230901822,0.298307558788,0.358182797616,0.42035923078,
    0.484792415514,0.549938483767,0.61371827754,0.67668070725,
    0.739154170448,0.80219970324,0.866740177616,0.9320496524,1.),
  .UNSPECIFIED.);
#3888 = CARTESIAN_POINT('',(-0.199290675716,0.55,6.491603050553E-02));
#3889 = CARTESIAN_POINT('',(-0.199228039568,0.55,6.728102849383E-02));
#3890 = CARTESIAN_POINT('',(-0.199105219407,0.55,7.191843746848E-02));
#3891 = CARTESIAN_POINT('',(-0.19798998742,0.55,7.875235542542E-02));
#3892 = CARTESIAN_POINT('',(-0.196286479187,0.55,8.532884626567E-02));
#3893 = CARTESIAN_POINT('',(-0.193752439601,0.55,9.161400614408E-02));
#3894 = CARTESIAN_POINT('',(-0.190729750785,0.55,9.770363794731E-02));
#3895 = CARTESIAN_POINT('',(-0.186739218366,0.55,0.103377166494));
#3896 = CARTESIAN_POINT('',(-0.182317539783,0.55,0.108979173504));
#3897 = CARTESIAN_POINT('',(-0.177032146438,0.55,0.114079320646));
#3898 = CARTESIAN_POINT('',(-0.17135981014,0.55,0.118824983064));
#3899 = CARTESIAN_POINT('',(-0.165299689889,0.55,0.122973008416));
#3900 = CARTESIAN_POINT('',(-0.158983693904,0.55,0.126521625756));
#3901 = CARTESIAN_POINT('',(-0.152326551696,0.55,0.129302735517));
#3902 = CARTESIAN_POINT('',(-0.145422713299,0.55,0.131585164202));
#3903 = CARTESIAN_POINT('',(-0.138214657895,0.55,0.133191312128));
#3904 = CARTESIAN_POINT('',(-0.130697372342,0.55,0.134099364728));
#3905 = CARTESIAN_POINT('',(-0.12560517854,0.55,0.134250184088));
#3906 = CARTESIAN_POINT('',(-0.123008624434,0.55,0.134327088198));
#3907 = ORIENTED_EDGE('',*,*,#3836,.F.);
#3908 = ORIENTED_EDGE('',*,*,#3445,.T.);
#3909 = ORIENTED_EDGE('',*,*,#3910,.T.);
#3910 = EDGE_CURVE('',#3422,#3885,#3911,.T.);
#3911 = LINE('',#3912,#3913);
#3912 = CARTESIAN_POINT('',(-0.123008624434,0.56,0.134327088198));
#3913 = VECTOR('',#3914,1.);
#3914 = DIRECTION('',(-3.761581922631E-31,-1.,-9.429630734102E-47));
#3915 = B_SPLINE_SURFACE_WITH_KNOTS('',3,1,(
    (#3916,#3917)
    ,(#3918,#3919)
    ,(#3920,#3921)
    ,(#3922,#3923)
    ,(#3924,#3925)
    ,(#3926,#3927)
    ,(#3928,#3929)
    ,(#3930,#3931)
    ,(#3932,#3933)
    ,(#3934,#3935)
    ,(#3936,#3937)
    ,(#3938,#3939)
    ,(#3940,#3941)
    ,(#3942,#3943)
    ,(#3944,#3945)
    ,(#3946,#3947)
    ,(#3948,#3949)
    ,(#3950,#3951)
    ,(#3952,#3953
    )),.UNSPECIFIED.,.F.,.F.,.F.,(4,1,1,1,1,1,1,1,1,1,1,1,1,1,1,1,4),(2,
    2),(0.,6.184170298391E-02,0.121262373094,0.180745948865,
    0.239230901822,0.298307558788,0.358182797616,0.42035923078,
    0.484792415514,0.549938483767,0.61371827754,0.67668070725,
    0.739154170448,0.80219970324,0.866740177616,0.9320496524,1.),(0.,1.)
  ,.UNSPECIFIED.);
#3916 = CARTESIAN_POINT('',(-0.199290675716,0.56,6.491603050553E-02));
#3917 = CARTESIAN_POINT('',(-0.199290675716,0.55,6.491603050553E-02));
#3918 = CARTESIAN_POINT('',(-0.199228039568,0.56,6.728102849383E-02));
#3919 = CARTESIAN_POINT('',(-0.199228039568,0.55,6.728102849383E-02));
#3920 = CARTESIAN_POINT('',(-0.199105219407,0.56,7.191843746848E-02));
#3921 = CARTESIAN_POINT('',(-0.199105219407,0.55,7.191843746848E-02));
#3922 = CARTESIAN_POINT('',(-0.19798998742,0.56,7.875235542542E-02));
#3923 = CARTESIAN_POINT('',(-0.19798998742,0.55,7.875235542542E-02));
#3924 = CARTESIAN_POINT('',(-0.196286479187,0.56,8.532884626567E-02));
#3925 = CARTESIAN_POINT('',(-0.196286479187,0.55,8.532884626567E-02));
#3926 = CARTESIAN_POINT('',(-0.193752439601,0.56,9.161400614408E-02));
#3927 = CARTESIAN_POINT('',(-0.193752439601,0.55,9.161400614408E-02));
#3928 = CARTESIAN_POINT('',(-0.190729750785,0.56,9.770363794731E-02));
#3929 = CARTESIAN_POINT('',(-0.190729750785,0.55,9.770363794731E-02));
#3930 = CARTESIAN_POINT('',(-0.186739218366,0.56,0.103377166494));
#3931 = CARTESIAN_POINT('',(-0.186739218366,0.55,0.103377166494));
#3932 = CARTESIAN_POINT('',(-0.182317539783,0.56,0.108979173504));
#3933 = CARTESIAN_POINT('',(-0.182317539783,0.55,0.108979173504));
#3934 = CARTESIAN_POINT('',(-0.177032146438,0.56,0.114079320646));
#3935 = CARTESIAN_POINT('',(-0.177032146438,0.55,0.114079320646));
#3936 = CARTESIAN_POINT('',(-0.17135981014,0.56,0.118824983064));
#3937 = CARTESIAN_POINT('',(-0.17135981014,0.55,0.118824983064));
#3938 = CARTESIAN_POINT('',(-0.165299689889,0.56,0.122973008416));
#3939 = CARTESIAN_POINT('',(-0.165299689889,0.55,0.122973008416));
#3940 = CARTESIAN_POINT('',(-0.158983693904,0.56,0.126521625756));
#3941 = CARTESIAN_POINT('',(-0.158983693904,0.55,0.126521625756));
#3942 = CARTESIAN_POINT('',(-0.152326551696,0.56,0.129302735517));
#3943 = CARTESIAN_POINT('',(-0.152326551696,0.55,0.129302735517));
#3944 = CARTESIAN_POINT('',(-0.145422713299,0.56,0.131585164202));
#3945 = CARTESIAN_POINT('',(-0.145422713299,0.55,0.131585164202));
#3946 = CARTESIAN_POINT('',(-0.138214657895,0.56,0.133191312128));
#3947 = CARTESIAN_POINT('',(-0.138214657895,0.55,0.133191312128));
#3948 = CARTESIAN_POINT('',(-0.130697372342,0.56,0.134099364728));
#3949 = CARTESIAN_POINT('',(-0.130697372342,0.55,0.134099364728));
#3950 = CARTESIAN_POINT('',(-0.12560517854,0.56,0.134250184088));
#3951 = CARTESIAN_POINT('',(-0.12560517854,0.55,0.134250184088));
#3952 = CARTESIAN_POINT('',(-0.123008624434,0.56,0.134327088198));
#3953 = CARTESIAN_POINT('',(-0.123008624434,0.55,0.134327088198));
#3954 = ADVANCED_FACE('',(#3955),#3982,.T.);
#3955 = FACE_BOUND('',#3956,.T.);
#3956 = EDGE_LOOP('',(#3957,#3979,#3980,#3981));
#3957 = ORIENTED_EDGE('',*,*,#3958,.F.);
#3958 = EDGE_CURVE('',#3885,#3730,#3959,.T.);
#3959 = B_SPLINE_CURVE_WITH_KNOTS('',3,(#3960,#3961,#3962,#3963,#3964,
    #3965,#3966,#3967,#3968,#3969,#3970,#3971,#3972,#3973,#3974,#3975,
    #3976,#3977,#3978),.UNSPECIFIED.,.F.,.F.,(4,1,1,1,1,1,1,1,1,1,1,1,1,
    1,1,1,4),(0.,6.796237149446E-02,0.133283402868,0.197835297757,
    0.260891986531,0.323376504483,0.386350075469,0.449637731052,
    0.514795326978,0.579239913241,0.641814177758,0.701358564786,
    0.760726765986,0.819222067924,0.878716169385,0.938147354053,1.),
  .UNSPECIFIED.);
#3960 = CARTESIAN_POINT('',(-0.123008624434,0.55,0.134327088198));
#3961 = CARTESIAN_POINT('',(-0.120412074583,0.55,0.134250178058));
#3962 = CARTESIAN_POINT('',(-0.115319889123,0.55,0.134099346873));
#3963 = CARTESIAN_POINT('',(-0.1078025431,0.55,0.133191379989));
#3964 = CARTESIAN_POINT('',(-0.100594711236,0.55,0.131584915195));
#3965 = CARTESIAN_POINT('',(-9.369006037673E-02,0.55,0.129303638169));
#3966 = CARTESIAN_POINT('',(-8.703591727014E-02,0.55,0.12651827721));
#3967 = CARTESIAN_POINT('',(-8.072544511912E-02,0.55,0.122995085236));
#3968 = CARTESIAN_POINT('',(-7.472263576459E-02,0.55,0.118799473461));
#3969 = CARTESIAN_POINT('',(-6.904657580986E-02,0.55,0.114087430638));
#3970 = CARTESIAN_POINT('',(-6.378318197595E-02,0.55,0.108950145443));
#3971 = CARTESIAN_POINT('',(-5.925545408874E-02,0.55,0.1034271732));
#3972 = CARTESIAN_POINT('',(-5.538713076463E-02,0.55,9.765778366771E-02)
  );
#3973 = CARTESIAN_POINT('',(-5.224371205784E-02,0.55,9.163799467958E-02)
  );
#3974 = CARTESIAN_POINT('',(-4.973758292609E-02,0.55,8.532504591604E-02)
  );
#3975 = CARTESIAN_POINT('',(-4.802543620699E-02,0.55,7.875337352415E-02)
  );
#3976 = CARTESIAN_POINT('',(-4.691250731458E-02,0.55,7.191817092766E-02)
  );
#3977 = CARTESIAN_POINT('',(-4.678937069052E-02,0.55,6.728093847215E-02)
  );
#3978 = CARTESIAN_POINT('',(-4.672657315211E-02,0.55,6.491603050553E-02)
  );
#3979 = ORIENTED_EDGE('',*,*,#3910,.F.);
#3980 = ORIENTED_EDGE('',*,*,#3421,.T.);
#3981 = ORIENTED_EDGE('',*,*,#3755,.T.);
#3982 = B_SPLINE_SURFACE_WITH_KNOTS('',3,1,(
    (#3983,#3984)
    ,(#3985,#3986)
    ,(#3987,#3988)
    ,(#3989,#3990)
    ,(#3991,#3992)
    ,(#3993,#3994)
    ,(#3995,#3996)
    ,(#3997,#3998)
    ,(#3999,#4000)
    ,(#4001,#4002)
    ,(#4003,#4004)
    ,(#4005,#4006)
    ,(#4007,#4008)
    ,(#4009,#4010)
    ,(#4011,#4012)
    ,(#4013,#4014)
    ,(#4015,#4016)
    ,(#4017,#4018)
    ,(#4019,#4020
    )),.UNSPECIFIED.,.F.,.F.,.F.,(4,1,1,1,1,1,1,1,1,1,1,1,1,1,1,1,4),(2,
    2),(0.,6.796237149446E-02,0.133283402868,0.197835297757,
    0.260891986531,0.323376504483,0.386350075469,0.449637731052,
    0.514795326978,0.579239913241,0.641814177758,0.701358564786,
    0.760726765986,0.819222067924,0.878716169385,0.938147354053,1.),(0.,
    1.),.UNSPECIFIED.);
#3983 = CARTESIAN_POINT('',(-0.123008624434,0.56,0.134327088198));
#3984 = CARTESIAN_POINT('',(-0.123008624434,0.55,0.134327088198));
#3985 = CARTESIAN_POINT('',(-0.120412074583,0.56,0.134250178058));
#3986 = CARTESIAN_POINT('',(-0.120412074583,0.55,0.134250178058));
#3987 = CARTESIAN_POINT('',(-0.115319889123,0.56,0.134099346873));
#3988 = CARTESIAN_POINT('',(-0.115319889123,0.55,0.134099346873));
#3989 = CARTESIAN_POINT('',(-0.1078025431,0.56,0.133191379989));
#3990 = CARTESIAN_POINT('',(-0.1078025431,0.55,0.133191379989));
#3991 = CARTESIAN_POINT('',(-0.100594711236,0.56,0.131584915195));
#3992 = CARTESIAN_POINT('',(-0.100594711236,0.55,0.131584915195));
#3993 = CARTESIAN_POINT('',(-9.369006037673E-02,0.56,0.129303638169));
#3994 = CARTESIAN_POINT('',(-9.369006037673E-02,0.55,0.129303638169));
#3995 = CARTESIAN_POINT('',(-8.703591727014E-02,0.56,0.12651827721));
#3996 = CARTESIAN_POINT('',(-8.703591727014E-02,0.55,0.12651827721));
#3997 = CARTESIAN_POINT('',(-8.072544511912E-02,0.56,0.122995085236));
#3998 = CARTESIAN_POINT('',(-8.072544511912E-02,0.55,0.122995085236));
#3999 = CARTESIAN_POINT('',(-7.472263576459E-02,0.56,0.118799473461));
#4000 = CARTESIAN_POINT('',(-7.472263576459E-02,0.55,0.118799473461));
#4001 = CARTESIAN_POINT('',(-6.904657580986E-02,0.56,0.114087430638));
#4002 = CARTESIAN_POINT('',(-6.904657580986E-02,0.55,0.114087430638));
#4003 = CARTESIAN_POINT('',(-6.378318197595E-02,0.56,0.108950145443));
#4004 = CARTESIAN_POINT('',(-6.378318197595E-02,0.55,0.108950145443));
#4005 = CARTESIAN_POINT('',(-5.925545408874E-02,0.56,0.1034271732));
#4006 = CARTESIAN_POINT('',(-5.925545408874E-02,0.55,0.1034271732));
#4007 = CARTESIAN_POINT('',(-5.538713076463E-02,0.56,9.765778366771E-02)
  );
#4008 = CARTESIAN_POINT('',(-5.538713076463E-02,0.55,9.765778366771E-02)
  );
#4009 = CARTESIAN_POINT('',(-5.224371205784E-02,0.56,9.163799467958E-02)
  );
#4010 = CARTESIAN_POINT('',(-5.224371205784E-02,0.55,9.163799467958E-02)
  );
#4011 = CARTESIAN_POINT('',(-4.973758292609E-02,0.56,8.532504591604E-02)
  );
#4012 = CARTESIAN_POINT('',(-4.973758292609E-02,0.55,8.532504591604E-02)
  );
#4013 = CARTESIAN_POINT('',(-4.802543620699E-02,0.56,7.875337352415E-02)
  );
#4014 = CARTESIAN_POINT('',(-4.802543620699E-02,0.55,7.875337352415E-02)
  );
#4015 = CARTESIAN_POINT('',(-4.691250731458E-02,0.56,7.191817092766E-02)
  );
#4016 = CARTESIAN_POINT('',(-4.691250731458E-02,0.55,7.191817092766E-02)
  );
#4017 = CARTESIAN_POINT('',(-4.678937069052E-02,0.56,6.728093847215E-02)
  );
#4018 = CARTESIAN_POINT('',(-4.678937069052E-02,0.55,6.728093847215E-02)
  );
#4019 = CARTESIAN_POINT('',(-4.672657315211E-02,0.56,6.491603050553E-02)
  );
#4020 = CARTESIAN_POINT('',(-4.672657315211E-02,0.55,6.491603050553E-02)
  );
#4021 = ADVANCED_FACE('',(#4022),#4028,.F.);
#4022 = FACE_BOUND('',#4023,.T.);
#4023 = EDGE_LOOP('',(#4024,#4025,#4026,#4027));
#4024 = ORIENTED_EDGE('',*,*,#3958,.T.);
#4025 = ORIENTED_EDGE('',*,*,#3729,.T.);
#4026 = ORIENTED_EDGE('',*,*,#3810,.T.);
#4027 = ORIENTED_EDGE('',*,*,#3884,.T.);
#4028 = PLANE('',#4029);
#4029 = AXIS2_PLACEMENT_3D('',#4030,#4031,#4032);
#4030 = CARTESIAN_POINT('',(1.351560977094,0.55,0.4));
#4031 = DIRECTION('',(-3.761581922631E-31,-1.,-1.019578823125E-46));
#4032 = DIRECTION('',(1.,-3.761581922631E-31,0.));
#4033 = ADVANCED_FACE('',(#4034,#4164),#4286,.T.);
#4034 = FACE_BOUND('',#4035,.T.);
#4035 = EDGE_LOOP('',(#4036,#4070,#4102,#4134));
#4036 = ORIENTED_EDGE('',*,*,#4037,.F.);
#4037 = EDGE_CURVE('',#4038,#4040,#4042,.T.);
#4038 = VERTEX_POINT('',#4039);
#4039 = CARTESIAN_POINT('',(0.13759834672,0.56,0.170224524095));
#4040 = VERTEX_POINT('',#4041);
#4041 = CARTESIAN_POINT('',(2.058111915558E-02,0.56,-1.360961052011E-02)
  );
#4042 = B_SPLINE_CURVE_WITH_KNOTS('',3,(#4043,#4044,#4045,#4046,#4047,
    #4048,#4049,#4050,#4051,#4052,#4053,#4054,#4055,#4056,#4057,#4058,
    #4059,#4060,#4061,#4062,#4063,#4064,#4065,#4066,#4067,#4068,#4069),
  .UNSPECIFIED.,.F.,.F.,(4,1,1,1,1,1,1,1,1,1,1,1,1,1,1,1,1,1,1,1,1,1,1,1
    ,4),(0.,3.378714634699E-02,6.662165772429E-02,9.928487809597E-02,
    0.131361165043,0.163585187595,0.196103926987,0.228902254324,
    0.262158055905,0.295991222258,0.330217845725,0.365059825892,
    0.40095073734,0.437620382077,0.475707529437,0.515380691625,
    0.556413541493,0.599764829873,0.646424155584,0.696431444518,
    0.749781517802,0.806573306976,0.867435531565,0.931886753251,1.),
  .UNSPECIFIED.);
#4043 = CARTESIAN_POINT('',(0.13759834672,0.56,0.170224524095));
#4044 = CARTESIAN_POINT('',(0.134837935321,0.56,0.170177888549));
#4045 = CARTESIAN_POINT('',(0.129394942845,0.56,0.170085932356));
#4046 = CARTESIAN_POINT('',(0.121329700301,0.56,0.169134559207));
#4047 = CARTESIAN_POINT('',(0.113501455957,0.56,0.167605008886));
#4048 = CARTESIAN_POINT('',(0.105871580553,0.56,0.165463348476));
#4049 = CARTESIAN_POINT('',(9.840092904454E-02,0.56,0.162841864845));
#4050 = CARTESIAN_POINT('',(9.119130037896E-02,0.56,0.159426496485));
#4051 = CARTESIAN_POINT('',(8.416253200989E-02,0.56,0.155493089589));
#4052 = CARTESIAN_POINT('',(7.733337640808E-02,0.56,0.151013547445));
#4053 = CARTESIAN_POINT('',(7.08321603041E-02,0.56,0.145881379132));
#4054 = CARTESIAN_POINT('',(6.462229977272E-02,0.56,0.140204950264));
#4055 = CARTESIAN_POINT('',(5.885979786302E-02,0.56,0.133842609134));
#4056 = CARTESIAN_POINT('',(5.349638830129E-02,0.56,0.126894816823));
#4057 = CARTESIAN_POINT('',(4.839897948171E-02,0.56,0.11942549259));
#4058 = CARTESIAN_POINT('',(4.371004214979E-02,0.56,0.111332655285));
#4059 = CARTESIAN_POINT('',(3.937295674298E-02,0.56,0.102648394236));
#4060 = CARTESIAN_POINT('',(3.540860767613E-02,0.56,9.331660316894E-02)
  );
#4061 = CARTESIAN_POINT('',(3.189374132464E-02,0.56,8.320111038296E-02)
  );
#4062 = CARTESIAN_POINT('',(2.87889705133E-02,0.56,7.218619253271E-02));
#4063 = CARTESIAN_POINT('',(2.633755476629E-02,0.56,6.01746289213E-02));
#4064 = CARTESIAN_POINT('',(2.4239259233E-02,0.56,4.726289221077E-02));
#4065 = CARTESIAN_POINT('',(2.254682092865E-02,0.56,3.339549917218E-02)
  );
#4066 = CARTESIAN_POINT('',(2.139138839682E-02,0.56,1.856492135349E-02)
  );
#4067 = CARTESIAN_POINT('',(2.067725689324E-02,0.56,2.780400460877E-03)
  );
#4068 = CARTESIAN_POINT('',(2.061374985123E-02,0.56,-8.046576970783E-03)
  );
#4069 = CARTESIAN_POINT('',(2.058111915558E-02,0.56,-1.360961052011E-02)
  );
#4070 = ORIENTED_EDGE('',*,*,#4071,.F.);
#4071 = EDGE_CURVE('',#4072,#4038,#4074,.T.);
#4072 = VERTEX_POINT('',#4073);
#4073 = CARTESIAN_POINT('',(0.258401631976,0.56,-1.360961052011E-02));
#4074 = B_SPLINE_CURVE_WITH_KNOTS('',3,(#4075,#4076,#4077,#4078,#4079,
    #4080,#4081,#4082,#4083,#4084,#4085,#4086,#4087,#4088,#4089,#4090,
    #4091,#4092,#4093,#4094,#4095,#4096,#4097,#4098,#4099,#4100,#4101),
  .UNSPECIFIED.,.F.,.F.,(4,1,1,1,1,1,1,1,1,1,1,1,1,1,1,1,1,1,1,1,1,1,1,1
    ,4),(0.,6.506328961728E-02,0.126773166467,0.185515763226,
    0.240764679168,0.292979796024,0.34225037278,0.388919286186,
    0.432775664058,0.474628432631,0.514774690638,0.553605893498,
    0.591426406431,0.628028119946,0.66380363411,0.698984336132,
    0.733591489307,0.767628469151,0.801208347787,0.834263839727,
    0.866980694729,0.899719741518,0.932701912499,0.966175883433,1.),
  .UNSPECIFIED.);
#4075 = CARTESIAN_POINT('',(0.258401631976,0.56,-1.360961052011E-02));
#4076 = CARTESIAN_POINT('',(0.258336473522,0.56,-8.257219726017E-03));
#4077 = CARTESIAN_POINT('',(0.258209514931,0.56,2.171695459866E-03));
#4078 = CARTESIAN_POINT('',(0.257551644254,0.56,1.742479299185E-02));
#4079 = CARTESIAN_POINT('',(0.256255781136,0.56,3.18245973217E-02));
#4080 = CARTESIAN_POINT('',(0.254634782305,0.56,4.540564356757E-02));
#4081 = CARTESIAN_POINT('',(0.252389686008,0.56,5.811140545087E-02));
#4082 = CARTESIAN_POINT('',(0.249629169383,0.56,6.998585029766E-02));
#4083 = CARTESIAN_POINT('',(0.2465641371,0.56,8.10802574642E-02));
#4084 = CARTESIAN_POINT('',(0.242780657689,0.56,9.13037386252E-02));
#4085 = CARTESIAN_POINT('',(0.238639586655,0.56,0.100798910912));
#4086 = CARTESIAN_POINT('',(0.234134067037,0.56,0.109665625745));
#4087 = CARTESIAN_POINT('',(0.229307084429,0.56,0.117982255013));
#4088 = CARTESIAN_POINT('',(0.224048209928,0.56,0.125682229706));
#4089 = CARTESIAN_POINT('',(0.218442868609,0.56,0.132820095413));
#4090 = CARTESIAN_POINT('',(0.212371089729,0.56,0.139269857678));
#4091 = CARTESIAN_POINT('',(0.206004031219,0.56,0.145186924874));
#4092 = CARTESIAN_POINT('',(0.199262789636,0.56,0.150452087621));
#4093 = CARTESIAN_POINT('',(0.192221634513,0.56,0.155060568084));
#4094 = CARTESIAN_POINT('',(0.18502572682,0.56,0.159181953123));
#4095 = CARTESIAN_POINT('',(0.177547388485,0.56,0.162505222628));
#4096 = CARTESIAN_POINT('',(0.169956093212,0.56,0.165358726726));
#4097 = CARTESIAN_POINT('',(0.162143256601,0.56,0.167538771914));
#4098 = CARTESIAN_POINT('',(0.154118617532,0.56,0.169046157467));
#4099 = CARTESIAN_POINT('',(0.145922993939,0.56,0.170103342312));
#4100 = CARTESIAN_POINT('',(0.140382837431,0.56,0.1701839903));
#4101 = CARTESIAN_POINT('',(0.13759834672,0.56,0.170224524095));
#4102 = ORIENTED_EDGE('',*,*,#4103,.F.);
#4103 = EDGE_CURVE('',#4104,#4072,#4106,.T.);
#4104 = VERTEX_POINT('',#4105);
#4105 = CARTESIAN_POINT('',(0.13759834672,0.56,-0.197724193853));
#4106 = B_SPLINE_CURVE_WITH_KNOTS('',3,(#4107,#4108,#4109,#4110,#4111,
    #4112,#4113,#4114,#4115,#4116,#4117,#4118,#4119,#4120,#4121,#4122,
    #4123,#4124,#4125,#4126,#4127,#4128,#4129,#4130,#4131,#4132,#4133),
  .UNSPECIFIED.,.F.,.F.,(4,1,1,1,1,1,1,1,1,1,1,1,1,1,1,1,1,1,1,1,1,1,1,1
    ,4),(0.,3.378811616271E-02,6.719393237388E-02,9.986241085683E-02,
    0.132566612126,0.165151173255,0.197913187356,0.231319003567,
    0.265083278267,0.299255308758,0.334398566505,0.369942823509,
    0.4062835607,0.444063819699,0.482997706873,0.523354446613,
    0.565536589604,0.609612924066,0.656390811376,0.705885494936,
    0.758324500262,0.813831782941,0.872794559039,0.93472222954,1.),
  .UNSPECIFIED.);
#4107 = CARTESIAN_POINT('',(0.13759834672,0.56,-0.197724193853));
#4108 = CARTESIAN_POINT('',(0.140381894568,0.56,-0.197675412336));
#4109 = CARTESIAN_POINT('',(0.145917495458,0.56,-0.197578401245));
#4110 = CARTESIAN_POINT('',(0.154101532982,0.56,-0.196646006992));
#4111 = CARTESIAN_POINT('',(0.162096501154,0.56,-0.195098894682));
#4112 = CARTESIAN_POINT('',(0.169868315024,0.56,-0.192906797224));
#4113 = CARTESIAN_POINT('',(0.177480813671,0.56,-0.190187229558));
#4114 = CARTESIAN_POINT('',(0.184874454435,0.56,-0.186778517847));
#4115 = CARTESIAN_POINT('',(0.1920951626,0.56,-0.182810631113));
#4116 = CARTESIAN_POINT('',(0.199028191352,0.56,-0.178148243382));
#4117 = CARTESIAN_POINT('',(0.205749652886,0.56,-0.172950015762));
#4118 = CARTESIAN_POINT('',(0.212094449183,0.56,-0.167073748882));
#4119 = CARTESIAN_POINT('',(0.218063157773,0.56,-0.160578776955));
#4120 = CARTESIAN_POINT('',(0.223730688312,0.56,-0.153534590567));
#4121 = CARTESIAN_POINT('',(0.228936248032,0.56,-0.145806082083));
#4122 = CARTESIAN_POINT('',(0.233893591255,0.56,-0.137527671102));
#4123 = CARTESIAN_POINT('',(0.238330794845,0.56,-0.128554584622));
#4124 = CARTESIAN_POINT('',(0.242604262363,0.56,-0.119036537838));
#4125 = CARTESIAN_POINT('',(0.246292961037,0.56,-0.108710171958));
#4126 = CARTESIAN_POINT('',(0.249619585564,0.56,-9.763369590579E-02));
#4127 = CARTESIAN_POINT('',(0.252307482422,0.56,-8.567627722045E-02));
#4128 = CARTESIAN_POINT('',(0.254546409656,0.56,-7.290065269094E-02));
#4129 = CARTESIAN_POINT('',(0.25628089925,0.56,-5.925990436693E-02));
#4130 = CARTESIAN_POINT('',(0.257544163458,0.56,-4.478327281575E-02));
#4131 = CARTESIAN_POINT('',(0.258211471962,0.56,-2.946123375167E-02));
#4132 = CARTESIAN_POINT('',(0.258337142083,0.56,-1.898544883396E-02));
#4133 = CARTESIAN_POINT('',(0.258401631976,0.56,-1.360961052011E-02));
#4134 = ORIENTED_EDGE('',*,*,#4135,.F.);
#4135 = EDGE_CURVE('',#4040,#4104,#4136,.T.);
#4136 = B_SPLINE_CURVE_WITH_KNOTS('',3,(#4137,#4138,#4139,#4140,#4141,
    #4142,#4143,#4144,#4145,#4146,#4147,#4148,#4149,#4150,#4151,#4152,
    #4153,#4154,#4155,#4156,#4157,#4158,#4159,#4160,#4161,#4162,#4163),
  .UNSPECIFIED.,.F.,.F.,(4,1,1,1,1,1,1,1,1,1,1,1,1,1,1,1,1,1,1,1,1,1,1,1
    ,4),(0.,6.859462225874E-02,0.133246042443,0.194312586468,
    0.251279223117,0.304513439256,0.354234906653,0.400480588774,
    0.443410754938,0.484014868616,0.523252300773,0.561042372728,
    0.597900239364,0.633518488856,0.66831435117,0.702495671286,
    0.736685353513,0.770293169361,0.803437255019,0.835912951666,
    0.868460245789,0.900846538243,0.933466524631,0.966257575298,1.),
  .UNSPECIFIED.);
#4137 = CARTESIAN_POINT('',(2.058111915558E-02,0.56,-1.360961052011E-02)
  );
#4138 = CARTESIAN_POINT('',(2.061392097133E-02,0.56,-1.921934929353E-02)
  );
#4139 = CARTESIAN_POINT('',(2.067763897121E-02,0.56,-3.011634771828E-02)
  );
#4140 = CARTESIAN_POINT('',(2.138648106544E-02,0.56,-4.599481192496E-02)
  );
#4141 = CARTESIAN_POINT('',(2.256401529675E-02,0.56,-6.089084082448E-02)
  );
#4142 = CARTESIAN_POINT('',(2.417775258178E-02,0.56,-7.480514742832E-02)
  );
#4143 = CARTESIAN_POINT('',(2.614155060414E-02,0.56,-8.774132388009E-02)
  );
#4144 = CARTESIAN_POINT('',(2.876309926427E-02,0.56,-9.966479959372E-02)
  );
#4145 = CARTESIAN_POINT('',(3.174437952577E-02,0.56,-0.110630760255));
#4146 = CARTESIAN_POINT('',(3.519962410682E-02,0.56,-0.120674965103));
#4147 = CARTESIAN_POINT('',(3.909840300865E-02,0.56,-0.129932735405));
#4148 = CARTESIAN_POINT('',(4.334182908086E-02,0.56,-0.138575255534));
#4149 = CARTESIAN_POINT('',(4.809830852322E-02,0.56,-0.146589448768));
#4150 = CARTESIAN_POINT('',(5.309599981593E-02,0.56,-0.15410322781));
#4151 = CARTESIAN_POINT('',(5.853720697871E-02,0.56,-0.160993597289));
#4152 = CARTESIAN_POINT('',(6.426708602543E-02,0.56,-0.167357863541));
#4153 = CARTESIAN_POINT('',(7.050927365215E-02,0.56,-0.173048938588));
#4154 = CARTESIAN_POINT('',(7.705157447949E-02,0.56,-0.178233568826));
#4155 = CARTESIAN_POINT('',(8.395322091866E-02,0.56,-0.182778515993));
#4156 = CARTESIAN_POINT('',(9.101748753298E-02,0.56,-0.186781789855));
#4157 = CARTESIAN_POINT('',(9.829299811858E-02,0.56,-0.190201776581));
#4158 = CARTESIAN_POINT('',(0.105799616408,0.56,-0.192890820167));
#4159 = CARTESIAN_POINT('',(0.113469872197,0.56,-0.195111904844));
#4160 = CARTESIAN_POINT('',(0.121330578866,0.56,-0.196630799609));
#4161 = CARTESIAN_POINT('',(0.12939471526,0.56,-0.197586490458));
#4162 = CARTESIAN_POINT('',(0.13483785874,0.56,-0.197677857232));
#4163 = CARTESIAN_POINT('',(0.13759834672,0.56,-0.197724193853));
#4164 = FACE_BOUND('',#4165,.T.);
#4165 = EDGE_LOOP('',(#4166,#4196,#4224,#4252,#4268));
#4166 = ORIENTED_EDGE('',*,*,#4167,.F.);
#4167 = EDGE_CURVE('',#4168,#4170,#4172,.T.);
#4168 = VERTEX_POINT('',#4169);
#4169 = CARTESIAN_POINT('',(5.199137556584E-02,0.56,-1.374983487908E-02)
  );
#4170 = VERTEX_POINT('',#4171);
#4171 = CARTESIAN_POINT('',(0.138650029412,0.56,0.134327088198));
#4172 = B_SPLINE_CURVE_WITH_KNOTS('',3,(#4173,#4174,#4175,#4176,#4177,
    #4178,#4179,#4180,#4181,#4182,#4183,#4184,#4185,#4186,#4187,#4188,
    #4189,#4190,#4191,#4192,#4193,#4194,#4195),.UNSPECIFIED.,.F.,.F.,(4,
    1,1,1,1,1,1,1,1,1,1,1,1,1,1,1,1,1,1,1,4),(0.,7.295106587587E-02,
    0.141583694187,0.205926460171,0.265301357185,0.320597232714,
    0.371816503099,0.418789769709,0.461698728616,0.502133582104,
    0.540804315293,0.578180525328,0.614296865208,0.649678243265,
    0.68429946009,0.718358952772,0.752080864648,0.817652438602,
    0.879722076405,0.939965559731,1.),.UNSPECIFIED.);
#4173 = CARTESIAN_POINT('',(5.199137556584E-02,0.56,-1.374983487908E-02)
  );
#4174 = CARTESIAN_POINT('',(5.200332027259E-02,0.56,-9.074964998696E-03)
  );
#4175 = CARTESIAN_POINT('',(5.202650260293E-02,0.56,-1.960518780212E-06)
  );
#4176 = CARTESIAN_POINT('',(5.263212266065E-02,0.56,1.318236557881E-02)
  );
#4177 = CARTESIAN_POINT('',(5.34571458606E-02,0.56,2.547939846053E-02));
#4178 = CARTESIAN_POINT('',(5.452127557912E-02,0.56,3.690475210704E-02)
  );
#4179 = CARTESIAN_POINT('',(5.610157043172E-02,0.56,4.741975335802E-02)
  );
#4180 = CARTESIAN_POINT('',(5.787224921349E-02,0.56,5.709672166454E-02)
  );
#4181 = CARTESIAN_POINT('',(6.002705817541E-02,0.56,6.588444537592E-02)
  );
#4182 = CARTESIAN_POINT('',(6.257655996211E-02,0.56,7.384322644637E-02)
  );
#4183 = CARTESIAN_POINT('',(6.548046965145E-02,0.56,8.110813329591E-02)
  );
#4184 = CARTESIAN_POINT('',(6.865105601846E-02,0.56,8.786825480864E-02)
  );
#4185 = CARTESIAN_POINT('',(7.205712830895E-02,0.56,9.420344845222E-02)
  );
#4186 = CARTESIAN_POINT('',(7.586904336425E-02,0.56,0.10005680929));
#4187 = CARTESIAN_POINT('',(8.002054968715E-02,0.56,0.105447425697));
#4188 = CARTESIAN_POINT('',(8.44178756009E-02,0.56,0.110470708929));
#4189 = CARTESIAN_POINT('',(8.922513402511E-02,0.56,0.114950407063));
#4190 = CARTESIAN_POINT('',(9.587550827943E-02,0.56,0.120323092566));
#4191 = CARTESIAN_POINT('',(0.104655155722,0.56,0.125875005939));
#4192 = CARTESIAN_POINT('',(0.115717201245,0.56,0.130709614922));
#4193 = CARTESIAN_POINT('',(0.127084046343,0.56,0.133747860565));
#4194 = CARTESIAN_POINT('',(0.134799171352,0.56,0.134134236161));
#4195 = CARTESIAN_POINT('',(0.138650029412,0.56,0.134327088198));
#4196 = ORIENTED_EDGE('',*,*,#4197,.F.);
#4197 = EDGE_CURVE('',#4198,#4168,#4200,.T.);
#4198 = VERTEX_POINT('',#4199);
#4199 = CARTESIAN_POINT('',(0.138650029412,0.56,-0.161826757956));
#4200 = B_SPLINE_CURVE_WITH_KNOTS('',3,(#4201,#4202,#4203,#4204,#4205,
    #4206,#4207,#4208,#4209,#4210,#4211,#4212,#4213,#4214,#4215,#4216,
    #4217,#4218,#4219,#4220,#4221,#4222,#4223),.UNSPECIFIED.,.F.,.F.,(4,
    1,1,1,1,1,1,1,1,1,1,1,1,1,1,1,1,1,1,1,4),(0.,6.038661931106E-02,
    0.120883248586,0.182754618625,0.247811029758,0.281299100043,
    0.315087624151,0.34970239555,0.384856581119,0.420966197226,
    0.458511188261,0.497174722127,0.537602047866,0.58050301842,
    0.627467540027,0.678388209559,0.733983220593,0.793746704551,
    0.857713672161,0.926697864361,1.),.UNSPECIFIED.);
#4201 = CARTESIAN_POINT('',(0.138650029412,0.56,-0.161826757956));
#4202 = CARTESIAN_POINT('',(0.134778970203,0.56,-0.161623613291));
#4203 = CARTESIAN_POINT('',(0.127029799643,0.56,-0.161216953881));
#4204 = CARTESIAN_POINT('',(0.11558500417,0.56,-0.158347628522));
#4205 = CARTESIAN_POINT('',(0.104614569006,0.56,-0.153346331928));
#4206 = CARTESIAN_POINT('',(9.589027153801E-02,0.56,-0.147851094681));
#4207 = CARTESIAN_POINT('',(8.920389288725E-02,0.56,-0.142617263537));
#4208 = CARTESIAN_POINT('',(8.449562354957E-02,0.56,-0.138078618131));
#4209 = CARTESIAN_POINT('',(8.008100632781E-02,0.56,-0.133113992695));
#4210 = CARTESIAN_POINT('',(7.601423631404E-02,0.56,-0.12767380121));
#4211 = CARTESIAN_POINT('',(7.220530799481E-02,0.56,-0.121827264478));
#4212 = CARTESIAN_POINT('',(6.870720673724E-02,0.56,-0.115528388005));
#4213 = CARTESIAN_POINT('',(6.555547376964E-02,0.56,-0.108745251583));
#4214 = CARTESIAN_POINT('',(6.264702015162E-02,0.56,-0.101483608041));
#4215 = CARTESIAN_POINT('',(6.0089741349E-02,0.56,-9.352551359747E-02));
#4216 = CARTESIAN_POINT('',(5.7980345026E-02,0.56,-8.474861423812E-02));
#4217 = CARTESIAN_POINT('',(5.603163971401E-02,0.56,-7.51024250592E-02)
  );
#4218 = CARTESIAN_POINT('',(5.465211282396E-02,0.56,-6.453047426469E-02)
  );
#4219 = CARTESIAN_POINT('',(5.342573724778E-02,0.56,-5.310225892776E-02)
  );
#4220 = CARTESIAN_POINT('',(5.263760245256E-02,0.56,-4.077452710483E-02)
  );
#4221 = CARTESIAN_POINT('',(5.202447670564E-02,0.56,-2.756808906459E-02)
  );
#4222 = CARTESIAN_POINT('',(5.200263026936E-02,0.56,-1.844817321433E-02)
  );
#4223 = CARTESIAN_POINT('',(5.199137556584E-02,0.56,-1.374983487908E-02)
  );
#4224 = ORIENTED_EDGE('',*,*,#4225,.F.);
#4225 = EDGE_CURVE('',#4226,#4198,#4228,.T.);
#4226 = VERTEX_POINT('',#4227);
#4227 = CARTESIAN_POINT('',(0.226991375566,0.56,-1.374983487908E-02));
#4228 = B_SPLINE_CURVE_WITH_KNOTS('',3,(#4229,#4230,#4231,#4232,#4233,
    #4234,#4235,#4236,#4237,#4238,#4239,#4240,#4241,#4242,#4243,#4244,
    #4245,#4246,#4247,#4248,#4249,#4250,#4251),.UNSPECIFIED.,.F.,.F.,(4,
    1,1,1,1,1,1,1,1,1,1,1,1,1,1,1,1,1,1,1,4),(0.,6.568119799064E-02,
    0.128486464174,0.188175130328,0.24510613067,0.299448424529,
    0.350822936009,0.399941680534,0.446671743632,0.491254533373,
    0.53337634427,0.573852754968,0.612526311719,0.649597136445,
    0.685532041554,0.720105786068,0.753837662974,0.818925416047,
    0.88049346165,0.940311333846,1.),.UNSPECIFIED.);
#4229 = CARTESIAN_POINT('',(0.226991375566,0.56,-1.374983487908E-02));
#4230 = CARTESIAN_POINT('',(0.226936356643,0.56,-1.795659213089E-02));
#4231 = CARTESIAN_POINT('',(0.226828727867,0.56,-2.618590860894E-02));
#4232 = CARTESIAN_POINT('',(0.226417329097,0.56,-3.823772667516E-02));
#4233 = CARTESIAN_POINT('',(0.225354971648,0.56,-4.968450276607E-02));
#4234 = CARTESIAN_POINT('',(0.224175059761,0.56,-6.05755500325E-02));
#4235 = CARTESIAN_POINT('',(0.222435337652,0.56,-7.085058030295E-02));
#4236 = CARTESIAN_POINT('',(0.220559556964,0.56,-8.059561082858E-02));
#4237 = CARTESIAN_POINT('',(0.218039435735,0.56,-8.968991331052E-02));
#4238 = CARTESIAN_POINT('',(0.215347458238,0.56,-9.827587148168E-02));
#4239 = CARTESIAN_POINT('',(0.212266418684,0.56,-0.106255936932));
#4240 = CARTESIAN_POINT('',(0.208874845259,0.56,-0.113667315568));
#4241 = CARTESIAN_POINT('',(0.205252669382,0.56,-0.120545788044));
#4242 = CARTESIAN_POINT('',(0.201318445336,0.56,-0.126872482201));
#4243 = CARTESIAN_POINT('',(0.197118877029,0.56,-0.132675736492));
#4244 = CARTESIAN_POINT('',(0.19254312211,0.56,-0.137839195948));
#4245 = CARTESIAN_POINT('',(0.187772684828,0.56,-0.142522892759));
#4246 = CARTESIAN_POINT('',(0.181090966246,0.56,-0.147869149671));
#4247 = CARTESIAN_POINT('',(0.172343537266,0.56,-0.153320319219));
#4248 = CARTESIAN_POINT('',(0.161458972532,0.56,-0.158336895205));
#4249 = CARTESIAN_POINT('',(0.150131908107,0.56,-0.161217724468));
#4250 = CARTESIAN_POINT('',(0.142474562698,0.56,-0.161623893171));
#4251 = CARTESIAN_POINT('',(0.138650029412,0.56,-0.161826757956));
#4252 = ORIENTED_EDGE('',*,*,#4253,.F.);
#4253 = EDGE_CURVE('',#4254,#4226,#4256,.T.);
#4254 = VERTEX_POINT('',#4255);
#4255 = CARTESIAN_POINT('',(0.213740173643,0.56,7.424095037733E-02));
#4256 = B_SPLINE_CURVE_WITH_KNOTS('',3,(#4257,#4258,#4259,#4260,#4261,
    #4262,#4263,#4264,#4265,#4266,#4267),.UNSPECIFIED.,.F.,.F.,(4,1,1,1,
    1,1,1,1,4),(0.,0.110588338595,0.224541754054,0.34250349405,
    0.464324098417,0.590756032702,0.722227475356,0.858842836209,1.),
  .UNSPECIFIED.);
#4257 = CARTESIAN_POINT('',(0.213740173643,0.56,7.424095037733E-02));
#4258 = CARTESIAN_POINT('',(0.214795350422,0.56,7.11179764307E-02));
#4259 = CARTESIAN_POINT('',(0.216937811805,0.56,6.477700000635E-02));
#4260 = CARTESIAN_POINT('',(0.219698989232,0.56,5.49406347983E-02));
#4261 = CARTESIAN_POINT('',(0.221873529153,0.56,4.462035840451E-02));
#4262 = CARTESIAN_POINT('',(0.223829865728,0.56,3.387784673266E-02));
#4263 = CARTESIAN_POINT('',(0.225165171318,0.56,2.263387663156E-02));
#4264 = CARTESIAN_POINT('',(0.226239952646,0.56,1.092323823999E-02));
#4265 = CARTESIAN_POINT('',(0.22687302134,0.56,-1.262897983555E-03));
#4266 = CARTESIAN_POINT('',(0.226951496447,0.56,-9.54239710308E-03));
#4267 = CARTESIAN_POINT('',(0.226991375566,0.56,-1.374983487908E-02));
#4268 = ORIENTED_EDGE('',*,*,#4269,.F.);
#4269 = EDGE_CURVE('',#4170,#4254,#4270,.T.);
#4270 = B_SPLINE_CURVE_WITH_KNOTS('',3,(#4271,#4272,#4273,#4274,#4275,
    #4276,#4277,#4278,#4279,#4280,#4281,#4282,#4283,#4284,#4285),
  .UNSPECIFIED.,.F.,.F.,(4,1,1,1,1,1,1,1,1,1,1,1,4),(0.,0.112813400744,
    0.225393883921,0.339594814563,0.459675410225,0.521735190088,
    0.583925838739,0.648174144765,0.713881038113,0.781004454907,
    0.851450927557,0.924050692664,1.),.UNSPECIFIED.);
#4271 = CARTESIAN_POINT('',(0.138650029412,0.56,0.134327088198));
#4272 = CARTESIAN_POINT('',(0.142525796578,0.56,0.134167310117));
#4273 = CARTESIAN_POINT('',(0.150269328896,0.56,0.133848083836));
#4274 = CARTESIAN_POINT('',(0.16158270841,0.56,0.130768210099));
#4275 = CARTESIAN_POINT('',(0.172565735419,0.56,0.126121256153));
#4276 = CARTESIAN_POINT('',(0.181172929447,0.56,0.120626505611));
#4277 = CARTESIAN_POINT('',(0.187721183797,0.56,0.115393672666));
#4278 = CARTESIAN_POINT('',(0.192412882807,0.56,0.110932207834));
#4279 = CARTESIAN_POINT('',(0.196719087651,0.56,0.105936621104));
#4280 = CARTESIAN_POINT('',(0.200803295136,0.56,0.100546691512));
#4281 = CARTESIAN_POINT('',(0.204549202704,0.56,9.465944309484E-02));
#4282 = CARTESIAN_POINT('',(0.207955516473,0.56,8.830318556823E-02));
#4283 = CARTESIAN_POINT('',(0.211063851228,0.56,8.146026777701E-02));
#4284 = CARTESIAN_POINT('',(0.212834755823,0.56,7.668329386543E-02));
#4285 = CARTESIAN_POINT('',(0.213740173643,0.56,7.424095037733E-02));
#4286 = PLANE('',#4287);
#4287 = AXIS2_PLACEMENT_3D('',#4288,#4289,#4290);
#4288 = CARTESIAN_POINT('',(4.11328817936E-02,0.56,0.106108676337));
#4289 = DIRECTION('',(2.247161780009E-15,1.,-1.330120806929E-13));
#4290 = DIRECTION('',(0.,1.330120806929E-13,1.));
#4291 = ADVANCED_FACE('',(#4292),#4308,.T.);
#4292 = FACE_BOUND('',#4293,.T.);
#4293 = EDGE_LOOP('',(#4294,#4295,#4301,#4302));
#4294 = ORIENTED_EDGE('',*,*,#1848,.F.);
#4295 = ORIENTED_EDGE('',*,*,#4296,.F.);
#4296 = EDGE_CURVE('',#4038,#1817,#4297,.T.);
#4297 = LINE('',#4298,#4299);
#4298 = CARTESIAN_POINT('',(0.13759834672,0.56,0.170224524095));
#4299 = VECTOR('',#4300,1.);
#4300 = DIRECTION('',(-3.761581922631E-31,-1.,-9.429630734102E-47));
#4301 = ORIENTED_EDGE('',*,*,#4037,.T.);
#4302 = ORIENTED_EDGE('',*,*,#4303,.T.);
#4303 = EDGE_CURVE('',#4040,#1849,#4304,.T.);
#4304 = LINE('',#4305,#4306);
#4305 = CARTESIAN_POINT('',(2.058111915558E-02,0.56,-1.360961052011E-02)
  );
#4306 = VECTOR('',#4307,1.);
#4307 = DIRECTION('',(-3.761581922631E-31,-1.,-9.429630734102E-47));
#4308 = B_SPLINE_SURFACE_WITH_KNOTS('',3,1,(
    (#4309,#4310)
    ,(#4311,#4312)
    ,(#4313,#4314)
    ,(#4315,#4316)
    ,(#4317,#4318)
    ,(#4319,#4320)
    ,(#4321,#4322)
    ,(#4323,#4324)
    ,(#4325,#4326)
    ,(#4327,#4328)
    ,(#4329,#4330)
    ,(#4331,#4332)
    ,(#4333,#4334)
    ,(#4335,#4336)
    ,(#4337,#4338)
    ,(#4339,#4340)
    ,(#4341,#4342)
    ,(#4343,#4344)
    ,(#4345,#4346)
    ,(#4347,#4348)
    ,(#4349,#4350)
    ,(#4351,#4352)
    ,(#4353,#4354)
    ,(#4355,#4356)
    ,(#4357,#4358)
    ,(#4359,#4360)
    ,(#4361,#4362
    )),.UNSPECIFIED.,.F.,.F.,.F.,(4,1,1,1,1,1,1,1,1,1,1,1,1,1,1,1,1,1,1,
    1,1,1,1,1,4),(2,2),(0.,3.378714634699E-02,6.662165772429E-02,
    9.928487809597E-02,0.131361165043,0.163585187595,0.196103926987,
    0.228902254324,0.262158055905,0.295991222258,0.330217845725,
    0.365059825892,0.40095073734,0.437620382077,0.475707529437,
    0.515380691625,0.556413541493,0.599764829873,0.646424155584,
    0.696431444518,0.749781517802,0.806573306976,0.867435531565,
    0.931886753251,1.),(0.,1.),.UNSPECIFIED.);
#4309 = CARTESIAN_POINT('',(0.13759834672,0.56,0.170224524095));
#4310 = CARTESIAN_POINT('',(0.13759834672,0.55,0.170224524095));
#4311 = CARTESIAN_POINT('',(0.134837935321,0.56,0.170177888549));
#4312 = CARTESIAN_POINT('',(0.134837935321,0.55,0.170177888549));
#4313 = CARTESIAN_POINT('',(0.129394942845,0.56,0.170085932356));
#4314 = CARTESIAN_POINT('',(0.129394942845,0.55,0.170085932356));
#4315 = CARTESIAN_POINT('',(0.121329700301,0.56,0.169134559207));
#4316 = CARTESIAN_POINT('',(0.121329700301,0.55,0.169134559207));
#4317 = CARTESIAN_POINT('',(0.113501455957,0.56,0.167605008886));
#4318 = CARTESIAN_POINT('',(0.113501455957,0.55,0.167605008886));
#4319 = CARTESIAN_POINT('',(0.105871580553,0.56,0.165463348476));
#4320 = CARTESIAN_POINT('',(0.105871580553,0.55,0.165463348476));
#4321 = CARTESIAN_POINT('',(9.840092904454E-02,0.56,0.162841864845));
#4322 = CARTESIAN_POINT('',(9.840092904454E-02,0.55,0.162841864845));
#4323 = CARTESIAN_POINT('',(9.119130037896E-02,0.56,0.159426496485));
#4324 = CARTESIAN_POINT('',(9.119130037896E-02,0.55,0.159426496485));
#4325 = CARTESIAN_POINT('',(8.416253200989E-02,0.56,0.155493089589));
#4326 = CARTESIAN_POINT('',(8.416253200989E-02,0.55,0.155493089589));
#4327 = CARTESIAN_POINT('',(7.733337640808E-02,0.56,0.151013547445));
#4328 = CARTESIAN_POINT('',(7.733337640808E-02,0.55,0.151013547445));
#4329 = CARTESIAN_POINT('',(7.08321603041E-02,0.56,0.145881379132));
#4330 = CARTESIAN_POINT('',(7.08321603041E-02,0.55,0.145881379132));
#4331 = CARTESIAN_POINT('',(6.462229977272E-02,0.56,0.140204950264));
#4332 = CARTESIAN_POINT('',(6.462229977272E-02,0.55,0.140204950264));
#4333 = CARTESIAN_POINT('',(5.885979786302E-02,0.56,0.133842609134));
#4334 = CARTESIAN_POINT('',(5.885979786302E-02,0.55,0.133842609134));
#4335 = CARTESIAN_POINT('',(5.349638830129E-02,0.56,0.126894816823));
#4336 = CARTESIAN_POINT('',(5.349638830129E-02,0.55,0.126894816823));
#4337 = CARTESIAN_POINT('',(4.839897948171E-02,0.56,0.11942549259));
#4338 = CARTESIAN_POINT('',(4.839897948171E-02,0.55,0.11942549259));
#4339 = CARTESIAN_POINT('',(4.371004214979E-02,0.56,0.111332655285));
#4340 = CARTESIAN_POINT('',(4.371004214979E-02,0.55,0.111332655285));
#4341 = CARTESIAN_POINT('',(3.937295674298E-02,0.56,0.102648394236));
#4342 = CARTESIAN_POINT('',(3.937295674298E-02,0.55,0.102648394236));
#4343 = CARTESIAN_POINT('',(3.540860767613E-02,0.56,9.331660316894E-02)
  );
#4344 = CARTESIAN_POINT('',(3.540860767613E-02,0.55,9.331660316894E-02)
  );
#4345 = CARTESIAN_POINT('',(3.189374132464E-02,0.56,8.320111038296E-02)
  );
#4346 = CARTESIAN_POINT('',(3.189374132464E-02,0.55,8.320111038296E-02)
  );
#4347 = CARTESIAN_POINT('',(2.87889705133E-02,0.56,7.218619253271E-02));
#4348 = CARTESIAN_POINT('',(2.87889705133E-02,0.55,7.218619253271E-02));
#4349 = CARTESIAN_POINT('',(2.633755476629E-02,0.56,6.01746289213E-02));
#4350 = CARTESIAN_POINT('',(2.633755476629E-02,0.55,6.01746289213E-02));
#4351 = CARTESIAN_POINT('',(2.4239259233E-02,0.56,4.726289221077E-02));
#4352 = CARTESIAN_POINT('',(2.4239259233E-02,0.55,4.726289221077E-02));
#4353 = CARTESIAN_POINT('',(2.254682092865E-02,0.56,3.339549917218E-02)
  );
#4354 = CARTESIAN_POINT('',(2.254682092865E-02,0.55,3.339549917218E-02)
  );
#4355 = CARTESIAN_POINT('',(2.139138839682E-02,0.56,1.856492135349E-02)
  );
#4356 = CARTESIAN_POINT('',(2.139138839682E-02,0.55,1.856492135349E-02)
  );
#4357 = CARTESIAN_POINT('',(2.067725689324E-02,0.56,2.780400460877E-03)
  );
#4358 = CARTESIAN_POINT('',(2.067725689324E-02,0.55,2.780400460877E-03)
  );
#4359 = CARTESIAN_POINT('',(2.061374985123E-02,0.56,-8.046576970783E-03)
  );
#4360 = CARTESIAN_POINT('',(2.061374985123E-02,0.55,-8.046576970783E-03)
  );
#4361 = CARTESIAN_POINT('',(2.058111915558E-02,0.56,-1.360961052011E-02)
  );
#4362 = CARTESIAN_POINT('',(2.058111915558E-02,0.55,-1.360961052011E-02)
  );
#4363 = ADVANCED_FACE('',(#4364),#4375,.T.);
#4364 = FACE_BOUND('',#4365,.T.);
#4365 = EDGE_LOOP('',(#4366,#4367,#4373,#4374));
#4366 = ORIENTED_EDGE('',*,*,#1814,.F.);
#4367 = ORIENTED_EDGE('',*,*,#4368,.F.);
#4368 = EDGE_CURVE('',#4072,#1815,#4369,.T.);
#4369 = LINE('',#4370,#4371);
#4370 = CARTESIAN_POINT('',(0.258401631976,0.56,-1.360961052011E-02));
#4371 = VECTOR('',#4372,1.);
#4372 = DIRECTION('',(-3.761581922631E-31,-1.,-9.429630734102E-47));
#4373 = ORIENTED_EDGE('',*,*,#4071,.T.);
#4374 = ORIENTED_EDGE('',*,*,#4296,.T.);
#4375 = B_SPLINE_SURFACE_WITH_KNOTS('',3,1,(
    (#4376,#4377)
    ,(#4378,#4379)
    ,(#4380,#4381)
    ,(#4382,#4383)
    ,(#4384,#4385)
    ,(#4386,#4387)
    ,(#4388,#4389)
    ,(#4390,#4391)
    ,(#4392,#4393)
    ,(#4394,#4395)
    ,(#4396,#4397)
    ,(#4398,#4399)
    ,(#4400,#4401)
    ,(#4402,#4403)
    ,(#4404,#4405)
    ,(#4406,#4407)
    ,(#4408,#4409)
    ,(#4410,#4411)
    ,(#4412,#4413)
    ,(#4414,#4415)
    ,(#4416,#4417)
    ,(#4418,#4419)
    ,(#4420,#4421)
    ,(#4422,#4423)
    ,(#4424,#4425)
    ,(#4426,#4427)
    ,(#4428,#4429
    )),.UNSPECIFIED.,.F.,.F.,.F.,(4,1,1,1,1,1,1,1,1,1,1,1,1,1,1,1,1,1,1,
    1,1,1,1,1,4),(2,2),(0.,6.506328961728E-02,0.126773166467,
    0.185515763226,0.240764679168,0.292979796024,0.34225037278,
    0.388919286186,0.432775664058,0.474628432631,0.514774690638,
    0.553605893498,0.591426406431,0.628028119946,0.66380363411,
    0.698984336132,0.733591489307,0.767628469151,0.801208347787,
    0.834263839727,0.866980694729,0.899719741518,0.932701912499,
    0.966175883433,1.),(0.,1.),.UNSPECIFIED.);
#4376 = CARTESIAN_POINT('',(0.258401631976,0.56,-1.360961052011E-02));
#4377 = CARTESIAN_POINT('',(0.258401631976,0.55,-1.360961052011E-02));
#4378 = CARTESIAN_POINT('',(0.258336473522,0.56,-8.257219726017E-03));
#4379 = CARTESIAN_POINT('',(0.258336473522,0.55,-8.257219726017E-03));
#4380 = CARTESIAN_POINT('',(0.258209514931,0.56,2.171695459866E-03));
#4381 = CARTESIAN_POINT('',(0.258209514931,0.55,2.171695459866E-03));
#4382 = CARTESIAN_POINT('',(0.257551644254,0.56,1.742479299185E-02));
#4383 = CARTESIAN_POINT('',(0.257551644254,0.55,1.742479299185E-02));
#4384 = CARTESIAN_POINT('',(0.256255781136,0.56,3.18245973217E-02));
#4385 = CARTESIAN_POINT('',(0.256255781136,0.55,3.18245973217E-02));
#4386 = CARTESIAN_POINT('',(0.254634782305,0.56,4.540564356757E-02));
#4387 = CARTESIAN_POINT('',(0.254634782305,0.55,4.540564356757E-02));
#4388 = CARTESIAN_POINT('',(0.252389686008,0.56,5.811140545087E-02));
#4389 = CARTESIAN_POINT('',(0.252389686008,0.55,5.811140545087E-02));
#4390 = CARTESIAN_POINT('',(0.249629169383,0.56,6.998585029766E-02));
#4391 = CARTESIAN_POINT('',(0.249629169383,0.55,6.998585029766E-02));
#4392 = CARTESIAN_POINT('',(0.2465641371,0.56,8.10802574642E-02));
#4393 = CARTESIAN_POINT('',(0.2465641371,0.55,8.10802574642E-02));
#4394 = CARTESIAN_POINT('',(0.242780657689,0.56,9.13037386252E-02));
#4395 = CARTESIAN_POINT('',(0.242780657689,0.55,9.13037386252E-02));
#4396 = CARTESIAN_POINT('',(0.238639586655,0.56,0.100798910912));
#4397 = CARTESIAN_POINT('',(0.238639586655,0.55,0.100798910912));
#4398 = CARTESIAN_POINT('',(0.234134067037,0.56,0.109665625745));
#4399 = CARTESIAN_POINT('',(0.234134067037,0.55,0.109665625745));
#4400 = CARTESIAN_POINT('',(0.229307084429,0.56,0.117982255013));
#4401 = CARTESIAN_POINT('',(0.229307084429,0.55,0.117982255013));
#4402 = CARTESIAN_POINT('',(0.224048209928,0.56,0.125682229706));
#4403 = CARTESIAN_POINT('',(0.224048209928,0.55,0.125682229706));
#4404 = CARTESIAN_POINT('',(0.218442868609,0.56,0.132820095413));
#4405 = CARTESIAN_POINT('',(0.218442868609,0.55,0.132820095413));
#4406 = CARTESIAN_POINT('',(0.212371089729,0.56,0.139269857678));
#4407 = CARTESIAN_POINT('',(0.212371089729,0.55,0.139269857678));
#4408 = CARTESIAN_POINT('',(0.206004031219,0.56,0.145186924874));
#4409 = CARTESIAN_POINT('',(0.206004031219,0.55,0.145186924874));
#4410 = CARTESIAN_POINT('',(0.199262789636,0.56,0.150452087621));
#4411 = CARTESIAN_POINT('',(0.199262789636,0.55,0.150452087621));
#4412 = CARTESIAN_POINT('',(0.192221634513,0.56,0.155060568084));
#4413 = CARTESIAN_POINT('',(0.192221634513,0.55,0.155060568084));
#4414 = CARTESIAN_POINT('',(0.18502572682,0.56,0.159181953123));
#4415 = CARTESIAN_POINT('',(0.18502572682,0.55,0.159181953123));
#4416 = CARTESIAN_POINT('',(0.177547388485,0.56,0.162505222628));
#4417 = CARTESIAN_POINT('',(0.177547388485,0.55,0.162505222628));
#4418 = CARTESIAN_POINT('',(0.169956093212,0.56,0.165358726726));
#4419 = CARTESIAN_POINT('',(0.169956093212,0.55,0.165358726726));
#4420 = CARTESIAN_POINT('',(0.162143256601,0.56,0.167538771914));
#4421 = CARTESIAN_POINT('',(0.162143256601,0.55,0.167538771914));
#4422 = CARTESIAN_POINT('',(0.154118617532,0.56,0.169046157467));
#4423 = CARTESIAN_POINT('',(0.154118617532,0.55,0.169046157467));
#4424 = CARTESIAN_POINT('',(0.145922993939,0.56,0.170103342312));
#4425 = CARTESIAN_POINT('',(0.145922993939,0.55,0.170103342312));
#4426 = CARTESIAN_POINT('',(0.140382837431,0.56,0.1701839903));
#4427 = CARTESIAN_POINT('',(0.140382837431,0.55,0.1701839903));
#4428 = CARTESIAN_POINT('',(0.13759834672,0.56,0.170224524095));
#4429 = CARTESIAN_POINT('',(0.13759834672,0.55,0.170224524095));
#4430 = ADVANCED_FACE('',(#4431),#4442,.T.);
#4431 = FACE_BOUND('',#4432,.T.);
#4432 = EDGE_LOOP('',(#4433,#4434,#4440,#4441));
#4433 = ORIENTED_EDGE('',*,*,#1912,.F.);
#4434 = ORIENTED_EDGE('',*,*,#4435,.F.);
#4435 = EDGE_CURVE('',#4104,#1881,#4436,.T.);
#4436 = LINE('',#4437,#4438);
#4437 = CARTESIAN_POINT('',(0.13759834672,0.56,-0.197724193853));
#4438 = VECTOR('',#4439,1.);
#4439 = DIRECTION('',(-3.761581922631E-31,-1.,-9.429630734102E-47));
#4440 = ORIENTED_EDGE('',*,*,#4103,.T.);
#4441 = ORIENTED_EDGE('',*,*,#4368,.T.);
#4442 = B_SPLINE_SURFACE_WITH_KNOTS('',3,1,(
    (#4443,#4444)
    ,(#4445,#4446)
    ,(#4447,#4448)
    ,(#4449,#4450)
    ,(#4451,#4452)
    ,(#4453,#4454)
    ,(#4455,#4456)
    ,(#4457,#4458)
    ,(#4459,#4460)
    ,(#4461,#4462)
    ,(#4463,#4464)
    ,(#4465,#4466)
    ,(#4467,#4468)
    ,(#4469,#4470)
    ,(#4471,#4472)
    ,(#4473,#4474)
    ,(#4475,#4476)
    ,(#4477,#4478)
    ,(#4479,#4480)
    ,(#4481,#4482)
    ,(#4483,#4484)
    ,(#4485,#4486)
    ,(#4487,#4488)
    ,(#4489,#4490)
    ,(#4491,#4492)
    ,(#4493,#4494)
    ,(#4495,#4496
    )),.UNSPECIFIED.,.F.,.F.,.F.,(4,1,1,1,1,1,1,1,1,1,1,1,1,1,1,1,1,1,1,
    1,1,1,1,1,4),(2,2),(0.,3.378811616271E-02,6.719393237388E-02,
    9.986241085683E-02,0.132566612126,0.165151173255,0.197913187356,
    0.231319003567,0.265083278267,0.299255308758,0.334398566505,
    0.369942823509,0.4062835607,0.444063819699,0.482997706873,
    0.523354446613,0.565536589604,0.609612924066,0.656390811376,
    0.705885494936,0.758324500262,0.813831782941,0.872794559039,
    0.93472222954,1.),(0.,1.),.UNSPECIFIED.);
#4443 = CARTESIAN_POINT('',(0.13759834672,0.56,-0.197724193853));
#4444 = CARTESIAN_POINT('',(0.13759834672,0.55,-0.197724193853));
#4445 = CARTESIAN_POINT('',(0.140381894568,0.56,-0.197675412336));
#4446 = CARTESIAN_POINT('',(0.140381894568,0.55,-0.197675412336));
#4447 = CARTESIAN_POINT('',(0.145917495458,0.56,-0.197578401245));
#4448 = CARTESIAN_POINT('',(0.145917495458,0.55,-0.197578401245));
#4449 = CARTESIAN_POINT('',(0.154101532982,0.56,-0.196646006992));
#4450 = CARTESIAN_POINT('',(0.154101532982,0.55,-0.196646006992));
#4451 = CARTESIAN_POINT('',(0.162096501154,0.56,-0.195098894682));
#4452 = CARTESIAN_POINT('',(0.162096501154,0.55,-0.195098894682));
#4453 = CARTESIAN_POINT('',(0.169868315024,0.56,-0.192906797224));
#4454 = CARTESIAN_POINT('',(0.169868315024,0.55,-0.192906797224));
#4455 = CARTESIAN_POINT('',(0.177480813671,0.56,-0.190187229558));
#4456 = CARTESIAN_POINT('',(0.177480813671,0.55,-0.190187229558));
#4457 = CARTESIAN_POINT('',(0.184874454435,0.56,-0.186778517847));
#4458 = CARTESIAN_POINT('',(0.184874454435,0.55,-0.186778517847));
#4459 = CARTESIAN_POINT('',(0.1920951626,0.56,-0.182810631113));
#4460 = CARTESIAN_POINT('',(0.1920951626,0.55,-0.182810631113));
#4461 = CARTESIAN_POINT('',(0.199028191352,0.56,-0.178148243382));
#4462 = CARTESIAN_POINT('',(0.199028191352,0.55,-0.178148243382));
#4463 = CARTESIAN_POINT('',(0.205749652886,0.56,-0.172950015762));
#4464 = CARTESIAN_POINT('',(0.205749652886,0.55,-0.172950015762));
#4465 = CARTESIAN_POINT('',(0.212094449183,0.56,-0.167073748882));
#4466 = CARTESIAN_POINT('',(0.212094449183,0.55,-0.167073748882));
#4467 = CARTESIAN_POINT('',(0.218063157773,0.56,-0.160578776955));
#4468 = CARTESIAN_POINT('',(0.218063157773,0.55,-0.160578776955));
#4469 = CARTESIAN_POINT('',(0.223730688312,0.56,-0.153534590567));
#4470 = CARTESIAN_POINT('',(0.223730688312,0.55,-0.153534590567));
#4471 = CARTESIAN_POINT('',(0.228936248032,0.56,-0.145806082083));
#4472 = CARTESIAN_POINT('',(0.228936248032,0.55,-0.145806082083));
#4473 = CARTESIAN_POINT('',(0.233893591255,0.56,-0.137527671102));
#4474 = CARTESIAN_POINT('',(0.233893591255,0.55,-0.137527671102));
#4475 = CARTESIAN_POINT('',(0.238330794845,0.56,-0.128554584622));
#4476 = CARTESIAN_POINT('',(0.238330794845,0.55,-0.128554584622));
#4477 = CARTESIAN_POINT('',(0.242604262363,0.56,-0.119036537838));
#4478 = CARTESIAN_POINT('',(0.242604262363,0.55,-0.119036537838));
#4479 = CARTESIAN_POINT('',(0.246292961037,0.56,-0.108710171958));
#4480 = CARTESIAN_POINT('',(0.246292961037,0.55,-0.108710171958));
#4481 = CARTESIAN_POINT('',(0.249619585564,0.56,-9.763369590579E-02));
#4482 = CARTESIAN_POINT('',(0.249619585564,0.55,-9.763369590579E-02));
#4483 = CARTESIAN_POINT('',(0.252307482422,0.56,-8.567627722045E-02));
#4484 = CARTESIAN_POINT('',(0.252307482422,0.55,-8.567627722045E-02));
#4485 = CARTESIAN_POINT('',(0.254546409656,0.56,-7.290065269094E-02));
#4486 = CARTESIAN_POINT('',(0.254546409656,0.55,-7.290065269094E-02));
#4487 = CARTESIAN_POINT('',(0.25628089925,0.56,-5.925990436693E-02));
#4488 = CARTESIAN_POINT('',(0.25628089925,0.55,-5.925990436693E-02));
#4489 = CARTESIAN_POINT('',(0.257544163458,0.56,-4.478327281575E-02));
#4490 = CARTESIAN_POINT('',(0.257544163458,0.55,-4.478327281575E-02));
#4491 = CARTESIAN_POINT('',(0.258211471962,0.56,-2.946123375167E-02));
#4492 = CARTESIAN_POINT('',(0.258211471962,0.55,-2.946123375167E-02));
#4493 = CARTESIAN_POINT('',(0.258337142083,0.56,-1.898544883396E-02));
#4494 = CARTESIAN_POINT('',(0.258337142083,0.55,-1.898544883396E-02));
#4495 = CARTESIAN_POINT('',(0.258401631976,0.56,-1.360961052011E-02));
#4496 = CARTESIAN_POINT('',(0.258401631976,0.55,-1.360961052011E-02));
#4497 = ADVANCED_FACE('',(#4498),#4504,.T.);
#4498 = FACE_BOUND('',#4499,.T.);
#4499 = EDGE_LOOP('',(#4500,#4501,#4502,#4503));
#4500 = ORIENTED_EDGE('',*,*,#1880,.F.);
#4501 = ORIENTED_EDGE('',*,*,#4303,.F.);
#4502 = ORIENTED_EDGE('',*,*,#4135,.T.);
#4503 = ORIENTED_EDGE('',*,*,#4435,.T.);
#4504 = B_SPLINE_SURFACE_WITH_KNOTS('',3,1,(
    (#4505,#4506)
    ,(#4507,#4508)
    ,(#4509,#4510)
    ,(#4511,#4512)
    ,(#4513,#4514)
    ,(#4515,#4516)
    ,(#4517,#4518)
    ,(#4519,#4520)
    ,(#4521,#4522)
    ,(#4523,#4524)
    ,(#4525,#4526)
    ,(#4527,#4528)
    ,(#4529,#4530)
    ,(#4531,#4532)
    ,(#4533,#4534)
    ,(#4535,#4536)
    ,(#4537,#4538)
    ,(#4539,#4540)
    ,(#4541,#4542)
    ,(#4543,#4544)
    ,(#4545,#4546)
    ,(#4547,#4548)
    ,(#4549,#4550)
    ,(#4551,#4552)
    ,(#4553,#4554)
    ,(#4555,#4556)
    ,(#4557,#4558
    )),.UNSPECIFIED.,.F.,.F.,.F.,(4,1,1,1,1,1,1,1,1,1,1,1,1,1,1,1,1,1,1,
    1,1,1,1,1,4),(2,2),(0.,6.859462225874E-02,0.133246042443,
    0.194312586468,0.251279223117,0.304513439256,0.354234906653,
    0.400480588774,0.443410754938,0.484014868616,0.523252300773,
    0.561042372728,0.597900239364,0.633518488856,0.66831435117,
    0.702495671286,0.736685353513,0.770293169361,0.803437255019,
    0.835912951666,0.868460245789,0.900846538243,0.933466524631,
    0.966257575298,1.),(0.,1.),.UNSPECIFIED.);
#4505 = CARTESIAN_POINT('',(2.058111915558E-02,0.56,-1.360961052011E-02)
  );
#4506 = CARTESIAN_POINT('',(2.058111915558E-02,0.55,-1.360961052011E-02)
  );
#4507 = CARTESIAN_POINT('',(2.061392097133E-02,0.56,-1.921934929353E-02)
  );
#4508 = CARTESIAN_POINT('',(2.061392097133E-02,0.55,-1.921934929353E-02)
  );
#4509 = CARTESIAN_POINT('',(2.067763897121E-02,0.56,-3.011634771828E-02)
  );
#4510 = CARTESIAN_POINT('',(2.067763897121E-02,0.55,-3.011634771828E-02)
  );
#4511 = CARTESIAN_POINT('',(2.138648106544E-02,0.56,-4.599481192496E-02)
  );
#4512 = CARTESIAN_POINT('',(2.138648106544E-02,0.55,-4.599481192496E-02)
  );
#4513 = CARTESIAN_POINT('',(2.256401529675E-02,0.56,-6.089084082448E-02)
  );
#4514 = CARTESIAN_POINT('',(2.256401529675E-02,0.55,-6.089084082448E-02)
  );
#4515 = CARTESIAN_POINT('',(2.417775258178E-02,0.56,-7.480514742832E-02)
  );
#4516 = CARTESIAN_POINT('',(2.417775258178E-02,0.55,-7.480514742832E-02)
  );
#4517 = CARTESIAN_POINT('',(2.614155060414E-02,0.56,-8.774132388009E-02)
  );
#4518 = CARTESIAN_POINT('',(2.614155060414E-02,0.55,-8.774132388009E-02)
  );
#4519 = CARTESIAN_POINT('',(2.876309926427E-02,0.56,-9.966479959372E-02)
  );
#4520 = CARTESIAN_POINT('',(2.876309926427E-02,0.55,-9.966479959372E-02)
  );
#4521 = CARTESIAN_POINT('',(3.174437952577E-02,0.56,-0.110630760255));
#4522 = CARTESIAN_POINT('',(3.174437952577E-02,0.55,-0.110630760255));
#4523 = CARTESIAN_POINT('',(3.519962410682E-02,0.56,-0.120674965103));
#4524 = CARTESIAN_POINT('',(3.519962410682E-02,0.55,-0.120674965103));
#4525 = CARTESIAN_POINT('',(3.909840300865E-02,0.56,-0.129932735405));
#4526 = CARTESIAN_POINT('',(3.909840300865E-02,0.55,-0.129932735405));
#4527 = CARTESIAN_POINT('',(4.334182908086E-02,0.56,-0.138575255534));
#4528 = CARTESIAN_POINT('',(4.334182908086E-02,0.55,-0.138575255534));
#4529 = CARTESIAN_POINT('',(4.809830852322E-02,0.56,-0.146589448768));
#4530 = CARTESIAN_POINT('',(4.809830852322E-02,0.55,-0.146589448768));
#4531 = CARTESIAN_POINT('',(5.309599981593E-02,0.56,-0.15410322781));
#4532 = CARTESIAN_POINT('',(5.309599981593E-02,0.55,-0.15410322781));
#4533 = CARTESIAN_POINT('',(5.853720697871E-02,0.56,-0.160993597289));
#4534 = CARTESIAN_POINT('',(5.853720697871E-02,0.55,-0.160993597289));
#4535 = CARTESIAN_POINT('',(6.426708602543E-02,0.56,-0.167357863541));
#4536 = CARTESIAN_POINT('',(6.426708602543E-02,0.55,-0.167357863541));
#4537 = CARTESIAN_POINT('',(7.050927365215E-02,0.56,-0.173048938588));
#4538 = CARTESIAN_POINT('',(7.050927365215E-02,0.55,-0.173048938588));
#4539 = CARTESIAN_POINT('',(7.705157447949E-02,0.56,-0.178233568826));
#4540 = CARTESIAN_POINT('',(7.705157447949E-02,0.55,-0.178233568826));
#4541 = CARTESIAN_POINT('',(8.395322091866E-02,0.56,-0.182778515993));
#4542 = CARTESIAN_POINT('',(8.395322091866E-02,0.55,-0.182778515993));
#4543 = CARTESIAN_POINT('',(9.101748753298E-02,0.56,-0.186781789855));
#4544 = CARTESIAN_POINT('',(9.101748753298E-02,0.55,-0.186781789855));
#4545 = CARTESIAN_POINT('',(9.829299811858E-02,0.56,-0.190201776581));
#4546 = CARTESIAN_POINT('',(9.829299811858E-02,0.55,-0.190201776581));
#4547 = CARTESIAN_POINT('',(0.105799616408,0.56,-0.192890820167));
#4548 = CARTESIAN_POINT('',(0.105799616408,0.55,-0.192890820167));
#4549 = CARTESIAN_POINT('',(0.113469872197,0.56,-0.195111904844));
#4550 = CARTESIAN_POINT('',(0.113469872197,0.55,-0.195111904844));
#4551 = CARTESIAN_POINT('',(0.121330578866,0.56,-0.196630799609));
#4552 = CARTESIAN_POINT('',(0.121330578866,0.55,-0.196630799609));
#4553 = CARTESIAN_POINT('',(0.12939471526,0.56,-0.197586490458));
#4554 = CARTESIAN_POINT('',(0.12939471526,0.55,-0.197586490458));
#4555 = CARTESIAN_POINT('',(0.13483785874,0.56,-0.197677857232));
#4556 = CARTESIAN_POINT('',(0.13483785874,0.55,-0.197677857232));
#4557 = CARTESIAN_POINT('',(0.13759834672,0.56,-0.197724193853));
#4558 = CARTESIAN_POINT('',(0.13759834672,0.55,-0.197724193853));
#4559 = ADVANCED_FACE('',(#4560),#4605,.T.);
#4560 = FACE_BOUND('',#4561,.T.);
#4561 = EDGE_LOOP('',(#4562,#4592,#4598,#4599));
#4562 = ORIENTED_EDGE('',*,*,#4563,.F.);
#4563 = EDGE_CURVE('',#4564,#4566,#4568,.T.);
#4564 = VERTEX_POINT('',#4565);
#4565 = CARTESIAN_POINT('',(0.138650029412,0.55,-0.161826757956));
#4566 = VERTEX_POINT('',#4567);
#4567 = CARTESIAN_POINT('',(5.199137556584E-02,0.55,-1.374983487908E-02)
  );
#4568 = B_SPLINE_CURVE_WITH_KNOTS('',3,(#4569,#4570,#4571,#4572,#4573,
    #4574,#4575,#4576,#4577,#4578,#4579,#4580,#4581,#4582,#4583,#4584,
    #4585,#4586,#4587,#4588,#4589,#4590,#4591),.UNSPECIFIED.,.F.,.F.,(4,
    1,1,1,1,1,1,1,1,1,1,1,1,1,1,1,1,1,1,1,4),(0.,6.038661931106E-02,
    0.120883248586,0.182754618625,0.247811029758,0.281299100043,
    0.315087624151,0.34970239555,0.384856581119,0.420966197226,
    0.458511188261,0.497174722127,0.537602047866,0.58050301842,
    0.627467540027,0.678388209559,0.733983220593,0.793746704551,
    0.857713672161,0.926697864361,1.),.UNSPECIFIED.);
#4569 = CARTESIAN_POINT('',(0.138650029412,0.55,-0.161826757956));
#4570 = CARTESIAN_POINT('',(0.134778970203,0.55,-0.161623613291));
#4571 = CARTESIAN_POINT('',(0.127029799643,0.55,-0.161216953881));
#4572 = CARTESIAN_POINT('',(0.11558500417,0.55,-0.158347628522));
#4573 = CARTESIAN_POINT('',(0.104614569006,0.55,-0.153346331928));
#4574 = CARTESIAN_POINT('',(9.589027153801E-02,0.55,-0.147851094681));
#4575 = CARTESIAN_POINT('',(8.920389288725E-02,0.55,-0.142617263537));
#4576 = CARTESIAN_POINT('',(8.449562354957E-02,0.55,-0.138078618131));
#4577 = CARTESIAN_POINT('',(8.008100632781E-02,0.55,-0.133113992695));
#4578 = CARTESIAN_POINT('',(7.601423631404E-02,0.55,-0.12767380121));
#4579 = CARTESIAN_POINT('',(7.220530799481E-02,0.55,-0.121827264478));
#4580 = CARTESIAN_POINT('',(6.870720673724E-02,0.55,-0.115528388005));
#4581 = CARTESIAN_POINT('',(6.555547376964E-02,0.55,-0.108745251583));
#4582 = CARTESIAN_POINT('',(6.264702015162E-02,0.55,-0.101483608041));
#4583 = CARTESIAN_POINT('',(6.0089741349E-02,0.55,-9.352551359747E-02));
#4584 = CARTESIAN_POINT('',(5.7980345026E-02,0.55,-8.474861423812E-02));
#4585 = CARTESIAN_POINT('',(5.603163971401E-02,0.55,-7.51024250592E-02)
  );
#4586 = CARTESIAN_POINT('',(5.465211282396E-02,0.55,-6.453047426469E-02)
  );
#4587 = CARTESIAN_POINT('',(5.342573724778E-02,0.55,-5.310225892776E-02)
  );
#4588 = CARTESIAN_POINT('',(5.263760245256E-02,0.55,-4.077452710483E-02)
  );
#4589 = CARTESIAN_POINT('',(5.202447670564E-02,0.55,-2.756808906459E-02)
  );
#4590 = CARTESIAN_POINT('',(5.200263026936E-02,0.55,-1.844817321433E-02)
  );
#4591 = CARTESIAN_POINT('',(5.199137556584E-02,0.55,-1.374983487908E-02)
  );
#4592 = ORIENTED_EDGE('',*,*,#4593,.F.);
#4593 = EDGE_CURVE('',#4198,#4564,#4594,.T.);
#4594 = LINE('',#4595,#4596);
#4595 = CARTESIAN_POINT('',(0.138650029412,0.56,-0.161826757956));
#4596 = VECTOR('',#4597,1.);
#4597 = DIRECTION('',(-3.761581922631E-31,-1.,-9.429630734102E-47));
#4598 = ORIENTED_EDGE('',*,*,#4197,.T.);
#4599 = ORIENTED_EDGE('',*,*,#4600,.T.);
#4600 = EDGE_CURVE('',#4168,#4566,#4601,.T.);
#4601 = LINE('',#4602,#4603);
#4602 = CARTESIAN_POINT('',(5.199137556584E-02,0.56,-1.374983487908E-02)
  );
#4603 = VECTOR('',#4604,1.);
#4604 = DIRECTION('',(-3.761581922631E-31,-1.,-9.429630734102E-47));
#4605 = B_SPLINE_SURFACE_WITH_KNOTS('',3,1,(
    (#4606,#4607)
    ,(#4608,#4609)
    ,(#4610,#4611)
    ,(#4612,#4613)
    ,(#4614,#4615)
    ,(#4616,#4617)
    ,(#4618,#4619)
    ,(#4620,#4621)
    ,(#4622,#4623)
    ,(#4624,#4625)
    ,(#4626,#4627)
    ,(#4628,#4629)
    ,(#4630,#4631)
    ,(#4632,#4633)
    ,(#4634,#4635)
    ,(#4636,#4637)
    ,(#4638,#4639)
    ,(#4640,#4641)
    ,(#4642,#4643)
    ,(#4644,#4645)
    ,(#4646,#4647)
    ,(#4648,#4649)
    ,(#4650,#4651
    )),.UNSPECIFIED.,.F.,.F.,.F.,(4,1,1,1,1,1,1,1,1,1,1,1,1,1,1,1,1,1,1,
    1,4),(2,2),(0.,6.038661931106E-02,0.120883248586,0.182754618625,
    0.247811029758,0.281299100043,0.315087624151,0.34970239555,
    0.384856581119,0.420966197226,0.458511188261,0.497174722127,
    0.537602047866,0.58050301842,0.627467540027,0.678388209559,
    0.733983220593,0.793746704551,0.857713672161,0.926697864361,1.),(0.,
    1.),.UNSPECIFIED.);
#4606 = CARTESIAN_POINT('',(0.138650029412,0.56,-0.161826757956));
#4607 = CARTESIAN_POINT('',(0.138650029412,0.55,-0.161826757956));
#4608 = CARTESIAN_POINT('',(0.134778970203,0.56,-0.161623613291));
#4609 = CARTESIAN_POINT('',(0.134778970203,0.55,-0.161623613291));
#4610 = CARTESIAN_POINT('',(0.127029799643,0.56,-0.161216953881));
#4611 = CARTESIAN_POINT('',(0.127029799643,0.55,-0.161216953881));
#4612 = CARTESIAN_POINT('',(0.11558500417,0.56,-0.158347628522));
#4613 = CARTESIAN_POINT('',(0.11558500417,0.55,-0.158347628522));
#4614 = CARTESIAN_POINT('',(0.104614569006,0.56,-0.153346331928));
#4615 = CARTESIAN_POINT('',(0.104614569006,0.55,-0.153346331928));
#4616 = CARTESIAN_POINT('',(9.589027153801E-02,0.56,-0.147851094681));
#4617 = CARTESIAN_POINT('',(9.589027153801E-02,0.55,-0.147851094681));
#4618 = CARTESIAN_POINT('',(8.920389288725E-02,0.56,-0.142617263537));
#4619 = CARTESIAN_POINT('',(8.920389288725E-02,0.55,-0.142617263537));
#4620 = CARTESIAN_POINT('',(8.449562354957E-02,0.56,-0.138078618131));
#4621 = CARTESIAN_POINT('',(8.449562354957E-02,0.55,-0.138078618131));
#4622 = CARTESIAN_POINT('',(8.008100632781E-02,0.56,-0.133113992695));
#4623 = CARTESIAN_POINT('',(8.008100632781E-02,0.55,-0.133113992695));
#4624 = CARTESIAN_POINT('',(7.601423631404E-02,0.56,-0.12767380121));
#4625 = CARTESIAN_POINT('',(7.601423631404E-02,0.55,-0.12767380121));
#4626 = CARTESIAN_POINT('',(7.220530799481E-02,0.56,-0.121827264478));
#4627 = CARTESIAN_POINT('',(7.220530799481E-02,0.55,-0.121827264478));
#4628 = CARTESIAN_POINT('',(6.870720673724E-02,0.56,-0.115528388005));
#4629 = CARTESIAN_POINT('',(6.870720673724E-02,0.55,-0.115528388005));
#4630 = CARTESIAN_POINT('',(6.555547376964E-02,0.56,-0.108745251583));
#4631 = CARTESIAN_POINT('',(6.555547376964E-02,0.55,-0.108745251583));
#4632 = CARTESIAN_POINT('',(6.264702015162E-02,0.56,-0.101483608041));
#4633 = CARTESIAN_POINT('',(6.264702015162E-02,0.55,-0.101483608041));
#4634 = CARTESIAN_POINT('',(6.0089741349E-02,0.56,-9.352551359747E-02));
#4635 = CARTESIAN_POINT('',(6.0089741349E-02,0.55,-9.352551359747E-02));
#4636 = CARTESIAN_POINT('',(5.7980345026E-02,0.56,-8.474861423812E-02));
#4637 = CARTESIAN_POINT('',(5.7980345026E-02,0.55,-8.474861423812E-02));
#4638 = CARTESIAN_POINT('',(5.603163971401E-02,0.56,-7.51024250592E-02)
  );
#4639 = CARTESIAN_POINT('',(5.603163971401E-02,0.55,-7.51024250592E-02)
  );
#4640 = CARTESIAN_POINT('',(5.465211282396E-02,0.56,-6.453047426469E-02)
  );
#4641 = CARTESIAN_POINT('',(5.465211282396E-02,0.55,-6.453047426469E-02)
  );
#4642 = CARTESIAN_POINT('',(5.342573724778E-02,0.56,-5.310225892776E-02)
  );
#4643 = CARTESIAN_POINT('',(5.342573724778E-02,0.55,-5.310225892776E-02)
  );
#4644 = CARTESIAN_POINT('',(5.263760245256E-02,0.56,-4.077452710483E-02)
  );
#4645 = CARTESIAN_POINT('',(5.263760245256E-02,0.55,-4.077452710483E-02)
  );
#4646 = CARTESIAN_POINT('',(5.202447670564E-02,0.56,-2.756808906459E-02)
  );
#4647 = CARTESIAN_POINT('',(5.202447670564E-02,0.55,-2.756808906459E-02)
  );
#4648 = CARTESIAN_POINT('',(5.200263026936E-02,0.56,-1.844817321433E-02)
  );
#4649 = CARTESIAN_POINT('',(5.200263026936E-02,0.55,-1.844817321433E-02)
  );
#4650 = CARTESIAN_POINT('',(5.199137556584E-02,0.56,-1.374983487908E-02)
  );
#4651 = CARTESIAN_POINT('',(5.199137556584E-02,0.55,-1.374983487908E-02)
  );
#4652 = ADVANCED_FACE('',(#4653),#4691,.T.);
#4653 = FACE_BOUND('',#4654,.T.);
#4654 = EDGE_LOOP('',(#4655,#4683,#4684,#4685));
#4655 = ORIENTED_EDGE('',*,*,#4656,.F.);
#4656 = EDGE_CURVE('',#4566,#4657,#4659,.T.);
#4657 = VERTEX_POINT('',#4658);
#4658 = CARTESIAN_POINT('',(0.138650029412,0.55,0.134327088198));
#4659 = B_SPLINE_CURVE_WITH_KNOTS('',3,(#4660,#4661,#4662,#4663,#4664,
    #4665,#4666,#4667,#4668,#4669,#4670,#4671,#4672,#4673,#4674,#4675,
    #4676,#4677,#4678,#4679,#4680,#4681,#4682),.UNSPECIFIED.,.F.,.F.,(4,
    1,1,1,1,1,1,1,1,1,1,1,1,1,1,1,1,1,1,1,4),(0.,7.295106587587E-02,
    0.141583694187,0.205926460171,0.265301357185,0.320597232714,
    0.371816503099,0.418789769709,0.461698728616,0.502133582104,
    0.540804315293,0.578180525328,0.614296865208,0.649678243265,
    0.68429946009,0.718358952772,0.752080864648,0.817652438602,
    0.879722076405,0.939965559731,1.),.UNSPECIFIED.);
#4660 = CARTESIAN_POINT('',(5.199137556584E-02,0.55,-1.374983487908E-02)
  );
#4661 = CARTESIAN_POINT('',(5.200332027259E-02,0.55,-9.074964998696E-03)
  );
#4662 = CARTESIAN_POINT('',(5.202650260293E-02,0.55,-1.960518780212E-06)
  );
#4663 = CARTESIAN_POINT('',(5.263212266065E-02,0.55,1.318236557881E-02)
  );
#4664 = CARTESIAN_POINT('',(5.34571458606E-02,0.55,2.547939846053E-02));
#4665 = CARTESIAN_POINT('',(5.452127557912E-02,0.55,3.690475210704E-02)
  );
#4666 = CARTESIAN_POINT('',(5.610157043172E-02,0.55,4.741975335802E-02)
  );
#4667 = CARTESIAN_POINT('',(5.787224921349E-02,0.55,5.709672166454E-02)
  );
#4668 = CARTESIAN_POINT('',(6.002705817541E-02,0.55,6.588444537592E-02)
  );
#4669 = CARTESIAN_POINT('',(6.257655996211E-02,0.55,7.384322644637E-02)
  );
#4670 = CARTESIAN_POINT('',(6.548046965145E-02,0.55,8.110813329591E-02)
  );
#4671 = CARTESIAN_POINT('',(6.865105601846E-02,0.55,8.786825480864E-02)
  );
#4672 = CARTESIAN_POINT('',(7.205712830895E-02,0.55,9.420344845222E-02)
  );
#4673 = CARTESIAN_POINT('',(7.586904336425E-02,0.55,0.10005680929));
#4674 = CARTESIAN_POINT('',(8.002054968715E-02,0.55,0.105447425697));
#4675 = CARTESIAN_POINT('',(8.44178756009E-02,0.55,0.110470708929));
#4676 = CARTESIAN_POINT('',(8.922513402511E-02,0.55,0.114950407063));
#4677 = CARTESIAN_POINT('',(9.587550827943E-02,0.55,0.120323092566));
#4678 = CARTESIAN_POINT('',(0.104655155722,0.55,0.125875005939));
#4679 = CARTESIAN_POINT('',(0.115717201245,0.55,0.130709614922));
#4680 = CARTESIAN_POINT('',(0.127084046343,0.55,0.133747860565));
#4681 = CARTESIAN_POINT('',(0.134799171352,0.55,0.134134236161));
#4682 = CARTESIAN_POINT('',(0.138650029412,0.55,0.134327088198));
#4683 = ORIENTED_EDGE('',*,*,#4600,.F.);
#4684 = ORIENTED_EDGE('',*,*,#4167,.T.);
#4685 = ORIENTED_EDGE('',*,*,#4686,.T.);
#4686 = EDGE_CURVE('',#4170,#4657,#4687,.T.);
#4687 = LINE('',#4688,#4689);
#4688 = CARTESIAN_POINT('',(0.138650029412,0.56,0.134327088198));
#4689 = VECTOR('',#4690,1.);
#4690 = DIRECTION('',(-3.761581922631E-31,-1.,-9.429630734102E-47));
#4691 = B_SPLINE_SURFACE_WITH_KNOTS('',3,1,(
    (#4692,#4693)
    ,(#4694,#4695)
    ,(#4696,#4697)
    ,(#4698,#4699)
    ,(#4700,#4701)
    ,(#4702,#4703)
    ,(#4704,#4705)
    ,(#4706,#4707)
    ,(#4708,#4709)
    ,(#4710,#4711)
    ,(#4712,#4713)
    ,(#4714,#4715)
    ,(#4716,#4717)
    ,(#4718,#4719)
    ,(#4720,#4721)
    ,(#4722,#4723)
    ,(#4724,#4725)
    ,(#4726,#4727)
    ,(#4728,#4729)
    ,(#4730,#4731)
    ,(#4732,#4733)
    ,(#4734,#4735)
    ,(#4736,#4737
    )),.UNSPECIFIED.,.F.,.F.,.F.,(4,1,1,1,1,1,1,1,1,1,1,1,1,1,1,1,1,1,1,
    1,4),(2,2),(0.,7.295106587587E-02,0.141583694187,0.205926460171,
    0.265301357185,0.320597232714,0.371816503099,0.418789769709,
    0.461698728616,0.502133582104,0.540804315293,0.578180525328,
    0.614296865208,0.649678243265,0.68429946009,0.718358952772,
    0.752080864648,0.817652438602,0.879722076405,0.939965559731,1.),(0.,
    1.),.UNSPECIFIED.);
#4692 = CARTESIAN_POINT('',(5.199137556584E-02,0.56,-1.374983487908E-02)
  );
#4693 = CARTESIAN_POINT('',(5.199137556584E-02,0.55,-1.374983487908E-02)
  );
#4694 = CARTESIAN_POINT('',(5.200332027259E-02,0.56,-9.074964998696E-03)
  );
#4695 = CARTESIAN_POINT('',(5.200332027259E-02,0.55,-9.074964998696E-03)
  );
#4696 = CARTESIAN_POINT('',(5.202650260293E-02,0.56,-1.960518780212E-06)
  );
#4697 = CARTESIAN_POINT('',(5.202650260293E-02,0.55,-1.960518780212E-06)
  );
#4698 = CARTESIAN_POINT('',(5.263212266065E-02,0.56,1.318236557881E-02)
  );
#4699 = CARTESIAN_POINT('',(5.263212266065E-02,0.55,1.318236557881E-02)
  );
#4700 = CARTESIAN_POINT('',(5.34571458606E-02,0.56,2.547939846053E-02));
#4701 = CARTESIAN_POINT('',(5.34571458606E-02,0.55,2.547939846053E-02));
#4702 = CARTESIAN_POINT('',(5.452127557912E-02,0.56,3.690475210704E-02)
  );
#4703 = CARTESIAN_POINT('',(5.452127557912E-02,0.55,3.690475210704E-02)
  );
#4704 = CARTESIAN_POINT('',(5.610157043172E-02,0.56,4.741975335802E-02)
  );
#4705 = CARTESIAN_POINT('',(5.610157043172E-02,0.55,4.741975335802E-02)
  );
#4706 = CARTESIAN_POINT('',(5.787224921349E-02,0.56,5.709672166454E-02)
  );
#4707 = CARTESIAN_POINT('',(5.787224921349E-02,0.55,5.709672166454E-02)
  );
#4708 = CARTESIAN_POINT('',(6.002705817541E-02,0.56,6.588444537592E-02)
  );
#4709 = CARTESIAN_POINT('',(6.002705817541E-02,0.55,6.588444537592E-02)
  );
#4710 = CARTESIAN_POINT('',(6.257655996211E-02,0.56,7.384322644637E-02)
  );
#4711 = CARTESIAN_POINT('',(6.257655996211E-02,0.55,7.384322644637E-02)
  );
#4712 = CARTESIAN_POINT('',(6.548046965145E-02,0.56,8.110813329591E-02)
  );
#4713 = CARTESIAN_POINT('',(6.548046965145E-02,0.55,8.110813329591E-02)
  );
#4714 = CARTESIAN_POINT('',(6.865105601846E-02,0.56,8.786825480864E-02)
  );
#4715 = CARTESIAN_POINT('',(6.865105601846E-02,0.55,8.786825480864E-02)
  );
#4716 = CARTESIAN_POINT('',(7.205712830895E-02,0.56,9.420344845222E-02)
  );
#4717 = CARTESIAN_POINT('',(7.205712830895E-02,0.55,9.420344845222E-02)
  );
#4718 = CARTESIAN_POINT('',(7.586904336425E-02,0.56,0.10005680929));
#4719 = CARTESIAN_POINT('',(7.586904336425E-02,0.55,0.10005680929));
#4720 = CARTESIAN_POINT('',(8.002054968715E-02,0.56,0.105447425697));
#4721 = CARTESIAN_POINT('',(8.002054968715E-02,0.55,0.105447425697));
#4722 = CARTESIAN_POINT('',(8.44178756009E-02,0.56,0.110470708929));
#4723 = CARTESIAN_POINT('',(8.44178756009E-02,0.55,0.110470708929));
#4724 = CARTESIAN_POINT('',(8.922513402511E-02,0.56,0.114950407063));
#4725 = CARTESIAN_POINT('',(8.922513402511E-02,0.55,0.114950407063));
#4726 = CARTESIAN_POINT('',(9.587550827943E-02,0.56,0.120323092566));
#4727 = CARTESIAN_POINT('',(9.587550827943E-02,0.55,0.120323092566));
#4728 = CARTESIAN_POINT('',(0.104655155722,0.56,0.125875005939));
#4729 = CARTESIAN_POINT('',(0.104655155722,0.55,0.125875005939));
#4730 = CARTESIAN_POINT('',(0.115717201245,0.56,0.130709614922));
#4731 = CARTESIAN_POINT('',(0.115717201245,0.55,0.130709614922));
#4732 = CARTESIAN_POINT('',(0.127084046343,0.56,0.133747860565));
#4733 = CARTESIAN_POINT('',(0.127084046343,0.55,0.133747860565));
#4734 = CARTESIAN_POINT('',(0.134799171352,0.56,0.134134236161));
#4735 = CARTESIAN_POINT('',(0.134799171352,0.55,0.134134236161));
#4736 = CARTESIAN_POINT('',(0.138650029412,0.56,0.134327088198));
#4737 = CARTESIAN_POINT('',(0.138650029412,0.55,0.134327088198));
#4738 = ADVANCED_FACE('',(#4739),#4769,.T.);
#4739 = FACE_BOUND('',#4740,.T.);
#4740 = EDGE_LOOP('',(#4741,#4761,#4762,#4763));
#4741 = ORIENTED_EDGE('',*,*,#4742,.F.);
#4742 = EDGE_CURVE('',#4657,#4743,#4745,.T.);
#4743 = VERTEX_POINT('',#4744);
#4744 = CARTESIAN_POINT('',(0.213740173643,0.55,7.424095037733E-02));
#4745 = B_SPLINE_CURVE_WITH_KNOTS('',3,(#4746,#4747,#4748,#4749,#4750,
    #4751,#4752,#4753,#4754,#4755,#4756,#4757,#4758,#4759,#4760),
  .UNSPECIFIED.,.F.,.F.,(4,1,1,1,1,1,1,1,1,1,1,1,4),(0.,0.112813400744,
    0.225393883921,0.339594814563,0.459675410225,0.521735190088,
    0.583925838739,0.648174144765,0.713881038113,0.781004454907,
    0.851450927557,0.924050692664,1.),.UNSPECIFIED.);
#4746 = CARTESIAN_POINT('',(0.138650029412,0.55,0.134327088198));
#4747 = CARTESIAN_POINT('',(0.142525796578,0.55,0.134167310117));
#4748 = CARTESIAN_POINT('',(0.150269328896,0.55,0.133848083836));
#4749 = CARTESIAN_POINT('',(0.16158270841,0.55,0.130768210099));
#4750 = CARTESIAN_POINT('',(0.172565735419,0.55,0.126121256153));
#4751 = CARTESIAN_POINT('',(0.181172929447,0.55,0.120626505611));
#4752 = CARTESIAN_POINT('',(0.187721183797,0.55,0.115393672666));
#4753 = CARTESIAN_POINT('',(0.192412882807,0.55,0.110932207834));
#4754 = CARTESIAN_POINT('',(0.196719087651,0.55,0.105936621104));
#4755 = CARTESIAN_POINT('',(0.200803295136,0.55,0.100546691512));
#4756 = CARTESIAN_POINT('',(0.204549202704,0.55,9.465944309484E-02));
#4757 = CARTESIAN_POINT('',(0.207955516473,0.55,8.830318556823E-02));
#4758 = CARTESIAN_POINT('',(0.211063851228,0.55,8.146026777701E-02));
#4759 = CARTESIAN_POINT('',(0.212834755823,0.55,7.668329386543E-02));
#4760 = CARTESIAN_POINT('',(0.213740173643,0.55,7.424095037733E-02));
#4761 = ORIENTED_EDGE('',*,*,#4686,.F.);
#4762 = ORIENTED_EDGE('',*,*,#4269,.T.);
#4763 = ORIENTED_EDGE('',*,*,#4764,.T.);
#4764 = EDGE_CURVE('',#4254,#4743,#4765,.T.);
#4765 = LINE('',#4766,#4767);
#4766 = CARTESIAN_POINT('',(0.213740173643,0.56,7.424095037733E-02));
#4767 = VECTOR('',#4768,1.);
#4768 = DIRECTION('',(-3.761581922631E-31,-1.,-9.429630734102E-47));
#4769 = B_SPLINE_SURFACE_WITH_KNOTS('',3,1,(
    (#4770,#4771)
    ,(#4772,#4773)
    ,(#4774,#4775)
    ,(#4776,#4777)
    ,(#4778,#4779)
    ,(#4780,#4781)
    ,(#4782,#4783)
    ,(#4784,#4785)
    ,(#4786,#4787)
    ,(#4788,#4789)
    ,(#4790,#4791)
    ,(#4792,#4793)
    ,(#4794,#4795)
    ,(#4796,#4797)
    ,(#4798,#4799
    )),.UNSPECIFIED.,.F.,.F.,.F.,(4,1,1,1,1,1,1,1,1,1,1,1,4),(2,2),(0.,
    0.112813400744,0.225393883921,0.339594814563,0.459675410225,
    0.521735190088,0.583925838739,0.648174144765,0.713881038113,
    0.781004454907,0.851450927557,0.924050692664,1.),(0.,1.),
  .UNSPECIFIED.);
#4770 = CARTESIAN_POINT('',(0.138650029412,0.56,0.134327088198));
#4771 = CARTESIAN_POINT('',(0.138650029412,0.55,0.134327088198));
#4772 = CARTESIAN_POINT('',(0.142525796578,0.56,0.134167310117));
#4773 = CARTESIAN_POINT('',(0.142525796578,0.55,0.134167310117));
#4774 = CARTESIAN_POINT('',(0.150269328896,0.56,0.133848083836));
#4775 = CARTESIAN_POINT('',(0.150269328896,0.55,0.133848083836));
#4776 = CARTESIAN_POINT('',(0.16158270841,0.56,0.130768210099));
#4777 = CARTESIAN_POINT('',(0.16158270841,0.55,0.130768210099));
#4778 = CARTESIAN_POINT('',(0.172565735419,0.56,0.126121256153));
#4779 = CARTESIAN_POINT('',(0.172565735419,0.55,0.126121256153));
#4780 = CARTESIAN_POINT('',(0.181172929447,0.56,0.120626505611));
#4781 = CARTESIAN_POINT('',(0.181172929447,0.55,0.120626505611));
#4782 = CARTESIAN_POINT('',(0.187721183797,0.56,0.115393672666));
#4783 = CARTESIAN_POINT('',(0.187721183797,0.55,0.115393672666));
#4784 = CARTESIAN_POINT('',(0.192412882807,0.56,0.110932207834));
#4785 = CARTESIAN_POINT('',(0.192412882807,0.55,0.110932207834));
#4786 = CARTESIAN_POINT('',(0.196719087651,0.56,0.105936621104));
#4787 = CARTESIAN_POINT('',(0.196719087651,0.55,0.105936621104));
#4788 = CARTESIAN_POINT('',(0.200803295136,0.56,0.100546691512));
#4789 = CARTESIAN_POINT('',(0.200803295136,0.55,0.100546691512));
#4790 = CARTESIAN_POINT('',(0.204549202704,0.56,9.465944309484E-02));
#4791 = CARTESIAN_POINT('',(0.204549202704,0.55,9.465944309484E-02));
#4792 = CARTESIAN_POINT('',(0.207955516473,0.56,8.830318556823E-02));
#4793 = CARTESIAN_POINT('',(0.207955516473,0.55,8.830318556823E-02));
#4794 = CARTESIAN_POINT('',(0.211063851228,0.56,8.146026777701E-02));
#4795 = CARTESIAN_POINT('',(0.211063851228,0.55,8.146026777701E-02));
#4796 = CARTESIAN_POINT('',(0.212834755823,0.56,7.668329386543E-02));
#4797 = CARTESIAN_POINT('',(0.212834755823,0.55,7.668329386543E-02));
#4798 = CARTESIAN_POINT('',(0.213740173643,0.56,7.424095037733E-02));
#4799 = CARTESIAN_POINT('',(0.213740173643,0.55,7.424095037733E-02));
#4800 = ADVANCED_FACE('',(#4801),#4827,.T.);
#4801 = FACE_BOUND('',#4802,.T.);
#4802 = EDGE_LOOP('',(#4803,#4819,#4820,#4821));
#4803 = ORIENTED_EDGE('',*,*,#4804,.F.);
#4804 = EDGE_CURVE('',#4743,#4805,#4807,.T.);
#4805 = VERTEX_POINT('',#4806);
#4806 = CARTESIAN_POINT('',(0.226991375566,0.55,-1.374983487908E-02));
#4807 = B_SPLINE_CURVE_WITH_KNOTS('',3,(#4808,#4809,#4810,#4811,#4812,
    #4813,#4814,#4815,#4816,#4817,#4818),.UNSPECIFIED.,.F.,.F.,(4,1,1,1,
    1,1,1,1,4),(0.,0.110588338595,0.224541754054,0.34250349405,
    0.464324098417,0.590756032702,0.722227475356,0.858842836209,1.),
  .UNSPECIFIED.);
#4808 = CARTESIAN_POINT('',(0.213740173643,0.55,7.424095037733E-02));
#4809 = CARTESIAN_POINT('',(0.214795350422,0.55,7.11179764307E-02));
#4810 = CARTESIAN_POINT('',(0.216937811805,0.55,6.477700000635E-02));
#4811 = CARTESIAN_POINT('',(0.219698989232,0.55,5.49406347983E-02));
#4812 = CARTESIAN_POINT('',(0.221873529153,0.55,4.462035840451E-02));
#4813 = CARTESIAN_POINT('',(0.223829865728,0.55,3.387784673266E-02));
#4814 = CARTESIAN_POINT('',(0.225165171318,0.55,2.263387663156E-02));
#4815 = CARTESIAN_POINT('',(0.226239952646,0.55,1.092323823999E-02));
#4816 = CARTESIAN_POINT('',(0.22687302134,0.55,-1.262897983555E-03));
#4817 = CARTESIAN_POINT('',(0.226951496447,0.55,-9.54239710308E-03));
#4818 = CARTESIAN_POINT('',(0.226991375566,0.55,-1.374983487908E-02));
#4819 = ORIENTED_EDGE('',*,*,#4764,.F.);
#4820 = ORIENTED_EDGE('',*,*,#4253,.T.);
#4821 = ORIENTED_EDGE('',*,*,#4822,.T.);
#4822 = EDGE_CURVE('',#4226,#4805,#4823,.T.);
#4823 = LINE('',#4824,#4825);
#4824 = CARTESIAN_POINT('',(0.226991375566,0.56,-1.374983487908E-02));
#4825 = VECTOR('',#4826,1.);
#4826 = DIRECTION('',(-3.761581922631E-31,-1.,-9.429630734102E-47));
#4827 = B_SPLINE_SURFACE_WITH_KNOTS('',3,1,(
    (#4828,#4829)
    ,(#4830,#4831)
    ,(#4832,#4833)
    ,(#4834,#4835)
    ,(#4836,#4837)
    ,(#4838,#4839)
    ,(#4840,#4841)
    ,(#4842,#4843)
    ,(#4844,#4845)
    ,(#4846,#4847)
    ,(#4848,#4849
  )),.UNSPECIFIED.,.F.,.F.,.F.,(4,1,1,1,1,1,1,1,4),(2,2),(0.,
    0.110588338595,0.224541754054,0.34250349405,0.464324098417,
    0.590756032702,0.722227475356,0.858842836209,1.),(0.,1.),
  .UNSPECIFIED.);
#4828 = CARTESIAN_POINT('',(0.213740173643,0.56,7.424095037733E-02));
#4829 = CARTESIAN_POINT('',(0.213740173643,0.55,7.424095037733E-02));
#4830 = CARTESIAN_POINT('',(0.214795350422,0.56,7.11179764307E-02));
#4831 = CARTESIAN_POINT('',(0.214795350422,0.55,7.11179764307E-02));
#4832 = CARTESIAN_POINT('',(0.216937811805,0.56,6.477700000635E-02));
#4833 = CARTESIAN_POINT('',(0.216937811805,0.55,6.477700000635E-02));
#4834 = CARTESIAN_POINT('',(0.219698989232,0.56,5.49406347983E-02));
#4835 = CARTESIAN_POINT('',(0.219698989232,0.55,5.49406347983E-02));
#4836 = CARTESIAN_POINT('',(0.221873529153,0.56,4.462035840451E-02));
#4837 = CARTESIAN_POINT('',(0.221873529153,0.55,4.462035840451E-02));
#4838 = CARTESIAN_POINT('',(0.223829865728,0.56,3.387784673266E-02));
#4839 = CARTESIAN_POINT('',(0.223829865728,0.55,3.387784673266E-02));
#4840 = CARTESIAN_POINT('',(0.225165171318,0.56,2.263387663156E-02));
#4841 = CARTESIAN_POINT('',(0.225165171318,0.55,2.263387663156E-02));
#4842 = CARTESIAN_POINT('',(0.226239952646,0.56,1.092323823999E-02));
#4843 = CARTESIAN_POINT('',(0.226239952646,0.55,1.092323823999E-02));
#4844 = CARTESIAN_POINT('',(0.22687302134,0.56,-1.262897983555E-03));
#4845 = CARTESIAN_POINT('',(0.22687302134,0.55,-1.262897983555E-03));
#4846 = CARTESIAN_POINT('',(0.226951496447,0.56,-9.54239710308E-03));
#4847 = CARTESIAN_POINT('',(0.226951496447,0.55,-9.54239710308E-03));
#4848 = CARTESIAN_POINT('',(0.226991375566,0.56,-1.374983487908E-02));
#4849 = CARTESIAN_POINT('',(0.226991375566,0.55,-1.374983487908E-02));
#4850 = ADVANCED_FACE('',(#4851),#4882,.T.);
#4851 = FACE_BOUND('',#4852,.T.);
#4852 = EDGE_LOOP('',(#4853,#4879,#4880,#4881));
#4853 = ORIENTED_EDGE('',*,*,#4854,.F.);
#4854 = EDGE_CURVE('',#4805,#4564,#4855,.T.);
#4855 = B_SPLINE_CURVE_WITH_KNOTS('',3,(#4856,#4857,#4858,#4859,#4860,
    #4861,#4862,#4863,#4864,#4865,#4866,#4867,#4868,#4869,#4870,#4871,
    #4872,#4873,#4874,#4875,#4876,#4877,#4878),.UNSPECIFIED.,.F.,.F.,(4,
    1,1,1,1,1,1,1,1,1,1,1,1,1,1,1,1,1,1,1,4),(0.,6.568119799064E-02,
    0.128486464174,0.188175130328,0.24510613067,0.299448424529,
    0.350822936009,0.399941680534,0.446671743632,0.491254533373,
    0.53337634427,0.573852754968,0.612526311719,0.649597136445,
    0.685532041554,0.720105786068,0.753837662974,0.818925416047,
    0.88049346165,0.940311333846,1.),.UNSPECIFIED.);
#4856 = CARTESIAN_POINT('',(0.226991375566,0.55,-1.374983487908E-02));
#4857 = CARTESIAN_POINT('',(0.226936356643,0.55,-1.795659213089E-02));
#4858 = CARTESIAN_POINT('',(0.226828727867,0.55,-2.618590860894E-02));
#4859 = CARTESIAN_POINT('',(0.226417329097,0.55,-3.823772667516E-02));
#4860 = CARTESIAN_POINT('',(0.225354971648,0.55,-4.968450276607E-02));
#4861 = CARTESIAN_POINT('',(0.224175059761,0.55,-6.05755500325E-02));
#4862 = CARTESIAN_POINT('',(0.222435337652,0.55,-7.085058030295E-02));
#4863 = CARTESIAN_POINT('',(0.220559556964,0.55,-8.059561082858E-02));
#4864 = CARTESIAN_POINT('',(0.218039435735,0.55,-8.968991331052E-02));
#4865 = CARTESIAN_POINT('',(0.215347458238,0.55,-9.827587148168E-02));
#4866 = CARTESIAN_POINT('',(0.212266418684,0.55,-0.106255936932));
#4867 = CARTESIAN_POINT('',(0.208874845259,0.55,-0.113667315568));
#4868 = CARTESIAN_POINT('',(0.205252669382,0.55,-0.120545788044));
#4869 = CARTESIAN_POINT('',(0.201318445336,0.55,-0.126872482201));
#4870 = CARTESIAN_POINT('',(0.197118877029,0.55,-0.132675736492));
#4871 = CARTESIAN_POINT('',(0.19254312211,0.55,-0.137839195948));
#4872 = CARTESIAN_POINT('',(0.187772684828,0.55,-0.142522892759));
#4873 = CARTESIAN_POINT('',(0.181090966246,0.55,-0.147869149671));
#4874 = CARTESIAN_POINT('',(0.172343537266,0.55,-0.153320319219));
#4875 = CARTESIAN_POINT('',(0.161458972532,0.55,-0.158336895205));
#4876 = CARTESIAN_POINT('',(0.150131908107,0.55,-0.161217724468));
#4877 = CARTESIAN_POINT('',(0.142474562698,0.55,-0.161623893171));
#4878 = CARTESIAN_POINT('',(0.138650029412,0.55,-0.161826757956));
#4879 = ORIENTED_EDGE('',*,*,#4822,.F.);
#4880 = ORIENTED_EDGE('',*,*,#4225,.T.);
#4881 = ORIENTED_EDGE('',*,*,#4593,.T.);
#4882 = B_SPLINE_SURFACE_WITH_KNOTS('',3,1,(
    (#4883,#4884)
    ,(#4885,#4886)
    ,(#4887,#4888)
    ,(#4889,#4890)
    ,(#4891,#4892)
    ,(#4893,#4894)
    ,(#4895,#4896)
    ,(#4897,#4898)
    ,(#4899,#4900)
    ,(#4901,#4902)
    ,(#4903,#4904)
    ,(#4905,#4906)
    ,(#4907,#4908)
    ,(#4909,#4910)
    ,(#4911,#4912)
    ,(#4913,#4914)
    ,(#4915,#4916)
    ,(#4917,#4918)
    ,(#4919,#4920)
    ,(#4921,#4922)
    ,(#4923,#4924)
    ,(#4925,#4926)
    ,(#4927,#4928
    )),.UNSPECIFIED.,.F.,.F.,.F.,(4,1,1,1,1,1,1,1,1,1,1,1,1,1,1,1,1,1,1,
    1,4),(2,2),(0.,6.568119799064E-02,0.128486464174,0.188175130328,
    0.24510613067,0.299448424529,0.350822936009,0.399941680534,
    0.446671743632,0.491254533373,0.53337634427,0.573852754968,
    0.612526311719,0.649597136445,0.685532041554,0.720105786068,
    0.753837662974,0.818925416047,0.88049346165,0.940311333846,1.),(0.,
    1.),.UNSPECIFIED.);
#4883 = CARTESIAN_POINT('',(0.226991375566,0.56,-1.374983487908E-02));
#4884 = CARTESIAN_POINT('',(0.226991375566,0.55,-1.374983487908E-02));
#4885 = CARTESIAN_POINT('',(0.226936356643,0.56,-1.795659213089E-02));
#4886 = CARTESIAN_POINT('',(0.226936356643,0.55,-1.795659213089E-02));
#4887 = CARTESIAN_POINT('',(0.226828727867,0.56,-2.618590860894E-02));
#4888 = CARTESIAN_POINT('',(0.226828727867,0.55,-2.618590860894E-02));
#4889 = CARTESIAN_POINT('',(0.226417329097,0.56,-3.823772667516E-02));
#4890 = CARTESIAN_POINT('',(0.226417329097,0.55,-3.823772667516E-02));
#4891 = CARTESIAN_POINT('',(0.225354971648,0.56,-4.968450276607E-02));
#4892 = CARTESIAN_POINT('',(0.225354971648,0.55,-4.968450276607E-02));
#4893 = CARTESIAN_POINT('',(0.224175059761,0.56,-6.05755500325E-02));
#4894 = CARTESIAN_POINT('',(0.224175059761,0.55,-6.05755500325E-02));
#4895 = CARTESIAN_POINT('',(0.222435337652,0.56,-7.085058030295E-02));
#4896 = CARTESIAN_POINT('',(0.222435337652,0.55,-7.085058030295E-02));
#4897 = CARTESIAN_POINT('',(0.220559556964,0.56,-8.059561082858E-02));
#4898 = CARTESIAN_POINT('',(0.220559556964,0.55,-8.059561082858E-02));
#4899 = CARTESIAN_POINT('',(0.218039435735,0.56,-8.968991331052E-02));
#4900 = CARTESIAN_POINT('',(0.218039435735,0.55,-8.968991331052E-02));
#4901 = CARTESIAN_POINT('',(0.215347458238,0.56,-9.827587148168E-02));
#4902 = CARTESIAN_POINT('',(0.215347458238,0.55,-9.827587148168E-02));
#4903 = CARTESIAN_POINT('',(0.212266418684,0.56,-0.106255936932));
#4904 = CARTESIAN_POINT('',(0.212266418684,0.55,-0.106255936932));
#4905 = CARTESIAN_POINT('',(0.208874845259,0.56,-0.113667315568));
#4906 = CARTESIAN_POINT('',(0.208874845259,0.55,-0.113667315568));
#4907 = CARTESIAN_POINT('',(0.205252669382,0.56,-0.120545788044));
#4908 = CARTESIAN_POINT('',(0.205252669382,0.55,-0.120545788044));
#4909 = CARTESIAN_POINT('',(0.201318445336,0.56,-0.126872482201));
#4910 = CARTESIAN_POINT('',(0.201318445336,0.55,-0.126872482201));
#4911 = CARTESIAN_POINT('',(0.197118877029,0.56,-0.132675736492));
#4912 = CARTESIAN_POINT('',(0.197118877029,0.55,-0.132675736492));
#4913 = CARTESIAN_POINT('',(0.19254312211,0.56,-0.137839195948));
#4914 = CARTESIAN_POINT('',(0.19254312211,0.55,-0.137839195948));
#4915 = CARTESIAN_POINT('',(0.187772684828,0.56,-0.142522892759));
#4916 = CARTESIAN_POINT('',(0.187772684828,0.55,-0.142522892759));
#4917 = CARTESIAN_POINT('',(0.181090966246,0.56,-0.147869149671));
#4918 = CARTESIAN_POINT('',(0.181090966246,0.55,-0.147869149671));
#4919 = CARTESIAN_POINT('',(0.172343537266,0.56,-0.153320319219));
#4920 = CARTESIAN_POINT('',(0.172343537266,0.55,-0.153320319219));
#4921 = CARTESIAN_POINT('',(0.161458972532,0.56,-0.158336895205));
#4922 = CARTESIAN_POINT('',(0.161458972532,0.55,-0.158336895205));
#4923 = CARTESIAN_POINT('',(0.150131908107,0.56,-0.161217724468));
#4924 = CARTESIAN_POINT('',(0.150131908107,0.55,-0.161217724468));
#4925 = CARTESIAN_POINT('',(0.142474562698,0.56,-0.161623893171));
#4926 = CARTESIAN_POINT('',(0.142474562698,0.55,-0.161623893171));
#4927 = CARTESIAN_POINT('',(0.138650029412,0.56,-0.161826757956));
#4928 = CARTESIAN_POINT('',(0.138650029412,0.55,-0.161826757956));
#4929 = ADVANCED_FACE('',(#4930),#4937,.F.);
#4930 = FACE_BOUND('',#4931,.T.);
#4931 = EDGE_LOOP('',(#4932,#4933,#4934,#4935,#4936));
#4932 = ORIENTED_EDGE('',*,*,#4854,.T.);
#4933 = ORIENTED_EDGE('',*,*,#4563,.T.);
#4934 = ORIENTED_EDGE('',*,*,#4656,.T.);
#4935 = ORIENTED_EDGE('',*,*,#4742,.T.);
#4936 = ORIENTED_EDGE('',*,*,#4804,.T.);
#4937 = PLANE('',#4938);
#4938 = AXIS2_PLACEMENT_3D('',#4939,#4940,#4941);
#4939 = CARTESIAN_POINT('',(1.351560977094,0.55,0.4));
#4940 = DIRECTION('',(-3.761581922631E-31,-1.,-1.019578823125E-46));
#4941 = DIRECTION('',(1.,-3.761581922631E-31,0.));
#4942 = ADVANCED_FACE('',(#4943),#4980,.T.);
#4943 = FACE_BOUND('',#4944,.T.);
#4944 = EDGE_LOOP('',(#4945,#4946,#4954,#4974));
#4945 = ORIENTED_EDGE('',*,*,#1538,.F.);
#4946 = ORIENTED_EDGE('',*,*,#4947,.F.);
#4947 = EDGE_CURVE('',#4948,#1515,#4950,.T.);
#4948 = VERTEX_POINT('',#4949);
#4949 = CARTESIAN_POINT('',(0.407880798643,0.56,-0.161826757956));
#4950 = LINE('',#4951,#4952);
#4951 = CARTESIAN_POINT('',(0.407880798643,0.56,-0.161826757956));
#4952 = VECTOR('',#4953,1.);
#4953 = DIRECTION('',(-3.761581922631E-31,-1.,-9.429630734102E-47));
#4954 = ORIENTED_EDGE('',*,*,#4955,.T.);
#4955 = EDGE_CURVE('',#4948,#4956,#4958,.T.);
#4956 = VERTEX_POINT('',#4957);
#4957 = CARTESIAN_POINT('',(0.334683683258,0.56,-0.10798060411));
#4958 = B_SPLINE_CURVE_WITH_KNOTS('',3,(#4959,#4960,#4961,#4962,#4963,
    #4964,#4965,#4966,#4967,#4968,#4969,#4970,#4971,#4972,#4973),
  .UNSPECIFIED.,.F.,.F.,(4,1,1,1,1,1,1,1,1,1,1,1,4),(0.,0.122711942366,
    0.239684964017,0.351815855256,0.463766132862,0.520817793161,
    0.579448291448,0.64060414512,0.705297511806,0.773633880713,
    0.844669381886,0.920056508021,1.),.UNSPECIFIED.);
#4959 = CARTESIAN_POINT('',(0.407880798643,0.56,-0.161826757956));
#4960 = CARTESIAN_POINT('',(0.403895631842,0.56,-0.161687621756));
#4961 = CARTESIAN_POINT('',(0.396111674204,0.56,-0.161415856396));
#4962 = CARTESIAN_POINT('',(0.384890182513,0.56,-0.159035555051));
#4963 = CARTESIAN_POINT('',(0.374458249113,0.56,-0.155237746702));
#4964 = CARTESIAN_POINT('',(0.366484382454,0.56,-0.150704444758));
#4965 = CARTESIAN_POINT('',(0.360596125038,0.56,-0.146229401373));
#4966 = CARTESIAN_POINT('',(0.356388431218,0.56,-0.142321162736));
#4967 = CARTESIAN_POINT('',(0.352256380178,0.56,-0.13797788037));
#4968 = CARTESIAN_POINT('',(0.348471812493,0.56,-0.132932042842));
#4969 = CARTESIAN_POINT('',(0.344644414825,0.56,-0.127525363823));
#4970 = CARTESIAN_POINT('',(0.341159958672,0.56,-0.121482995669));
#4971 = CARTESIAN_POINT('',(0.337773989447,0.56,-0.114962556239));
#4972 = CARTESIAN_POINT('',(0.335733734485,0.56,-0.110352992784));
#4973 = CARTESIAN_POINT('',(0.334683683258,0.56,-0.10798060411));
#4974 = ORIENTED_EDGE('',*,*,#4975,.T.);
#4975 = EDGE_CURVE('',#4956,#1539,#4976,.T.);
#4976 = LINE('',#4977,#4978);
#4977 = CARTESIAN_POINT('',(0.334683683258,0.56,-0.10798060411));
#4978 = VECTOR('',#4979,1.);
#4979 = DIRECTION('',(-3.761581922631E-31,-1.,-9.429630734102E-47));
#4980 = B_SPLINE_SURFACE_WITH_KNOTS('',3,1,(
    (#4981,#4982)
    ,(#4983,#4984)
    ,(#4985,#4986)
    ,(#4987,#4988)
    ,(#4989,#4990)
    ,(#4991,#4992)
    ,(#4993,#4994)
    ,(#4995,#4996)
    ,(#4997,#4998)
    ,(#4999,#5000)
    ,(#5001,#5002)
    ,(#5003,#5004)
    ,(#5005,#5006)
    ,(#5007,#5008)
    ,(#5009,#5010
    )),.UNSPECIFIED.,.F.,.F.,.F.,(4,1,1,1,1,1,1,1,1,1,1,1,4),(2,2),(0.,
    0.122711942366,0.239684964017,0.351815855256,0.463766132862,
    0.520817793161,0.579448291448,0.64060414512,0.705297511806,
    0.773633880713,0.844669381886,0.920056508021,1.),(0.,1.),
  .UNSPECIFIED.);
#4981 = CARTESIAN_POINT('',(0.407880798643,0.56,-0.161826757956));
#4982 = CARTESIAN_POINT('',(0.407880798643,0.55,-0.161826757956));
#4983 = CARTESIAN_POINT('',(0.403895631842,0.56,-0.161687621756));
#4984 = CARTESIAN_POINT('',(0.403895631842,0.55,-0.161687621756));
#4985 = CARTESIAN_POINT('',(0.396111674204,0.56,-0.161415856396));
#4986 = CARTESIAN_POINT('',(0.396111674204,0.55,-0.161415856396));
#4987 = CARTESIAN_POINT('',(0.384890182513,0.56,-0.159035555051));
#4988 = CARTESIAN_POINT('',(0.384890182513,0.55,-0.159035555051));
#4989 = CARTESIAN_POINT('',(0.374458249113,0.56,-0.155237746702));
#4990 = CARTESIAN_POINT('',(0.374458249113,0.55,-0.155237746702));
#4991 = CARTESIAN_POINT('',(0.366484382454,0.56,-0.150704444758));
#4992 = CARTESIAN_POINT('',(0.366484382454,0.55,-0.150704444758));
#4993 = CARTESIAN_POINT('',(0.360596125038,0.56,-0.146229401373));
#4994 = CARTESIAN_POINT('',(0.360596125038,0.55,-0.146229401373));
#4995 = CARTESIAN_POINT('',(0.356388431218,0.56,-0.142321162736));
#4996 = CARTESIAN_POINT('',(0.356388431218,0.55,-0.142321162736));
#4997 = CARTESIAN_POINT('',(0.352256380178,0.56,-0.13797788037));
#4998 = CARTESIAN_POINT('',(0.352256380178,0.55,-0.13797788037));
#4999 = CARTESIAN_POINT('',(0.348471812493,0.56,-0.132932042842));
#5000 = CARTESIAN_POINT('',(0.348471812493,0.55,-0.132932042842));
#5001 = CARTESIAN_POINT('',(0.344644414825,0.56,-0.127525363823));
#5002 = CARTESIAN_POINT('',(0.344644414825,0.55,-0.127525363823));
#5003 = CARTESIAN_POINT('',(0.341159958672,0.56,-0.121482995669));
#5004 = CARTESIAN_POINT('',(0.341159958672,0.55,-0.121482995669));
#5005 = CARTESIAN_POINT('',(0.337773989447,0.56,-0.114962556239));
#5006 = CARTESIAN_POINT('',(0.337773989447,0.55,-0.114962556239));
#5007 = CARTESIAN_POINT('',(0.335733734485,0.56,-0.110352992784));
#5008 = CARTESIAN_POINT('',(0.335733734485,0.55,-0.110352992784));
#5009 = CARTESIAN_POINT('',(0.334683683258,0.56,-0.10798060411));
#5010 = CARTESIAN_POINT('',(0.334683683258,0.55,-0.10798060411));
#5011 = ADVANCED_FACE('',(#5012),#5046,.T.);
#5012 = FACE_BOUND('',#5013,.T.);
#5013 = EDGE_LOOP('',(#5014,#5015,#5023,#5045));
#5014 = ORIENTED_EDGE('',*,*,#1512,.F.);
#5015 = ORIENTED_EDGE('',*,*,#5016,.F.);
#5016 = EDGE_CURVE('',#5017,#1513,#5019,.T.);
#5017 = VERTEX_POINT('',#5018);
#5018 = CARTESIAN_POINT('',(0.478273426848,0.56,-0.106928921418));
#5019 = LINE('',#5020,#5021);
#5020 = CARTESIAN_POINT('',(0.478273426848,0.56,-0.106928921418));
#5021 = VECTOR('',#5022,1.);
#5022 = DIRECTION('',(-3.761581922631E-31,-1.,-9.429630734102E-47));
#5023 = ORIENTED_EDGE('',*,*,#5024,.T.);
#5024 = EDGE_CURVE('',#5017,#4948,#5025,.T.);
#5025 = B_SPLINE_CURVE_WITH_KNOTS('',3,(#5026,#5027,#5028,#5029,#5030,
    #5031,#5032,#5033,#5034,#5035,#5036,#5037,#5038,#5039,#5040,#5041,
    #5042,#5043,#5044),.UNSPECIFIED.,.F.,.F.,(4,1,1,1,1,1,1,1,1,1,1,1,1,
    1,1,1,4),(0.,5.527454908753E-02,0.109966093882,0.163247442852,
    0.218076185482,0.273300874374,0.330909300011,0.390994523365,
    0.454175953431,0.518861540849,0.583310532011,0.648516681864,
    0.715030887097,0.782502072854,0.852322685077,0.924928489784,1.),
  .UNSPECIFIED.);
#5026 = CARTESIAN_POINT('',(0.478273426848,0.56,-0.106928921418));
#5027 = CARTESIAN_POINT('',(0.478231985752,0.56,-0.108756695932));
#5028 = CARTESIAN_POINT('',(0.478149540656,0.56,-0.112392966641));
#5029 = CARTESIAN_POINT('',(0.477109812878,0.56,-0.11770547351));
#5030 = CARTESIAN_POINT('',(0.47554740878,0.56,-0.122855568103));
#5031 = CARTESIAN_POINT('',(0.473399435849,0.56,-0.127821349128));
#5032 = CARTESIAN_POINT('',(0.470524415978,0.56,-0.132568376518));
#5033 = CARTESIAN_POINT('',(0.467083817326,0.56,-0.137137121412));
#5034 = CARTESIAN_POINT('',(0.462987007298,0.56,-0.141501499313));
#5035 = CARTESIAN_POINT('',(0.458292462597,0.56,-0.145569531268));
#5036 = CARTESIAN_POINT('',(0.4532512821,0.56,-0.149446454985));
#5037 = CARTESIAN_POINT('',(0.447726304595,0.56,-0.152737818683));
#5038 = CARTESIAN_POINT('',(0.441884117124,0.56,-0.15555232489));
#5039 = CARTESIAN_POINT('',(0.435718251639,0.56,-0.157873275101));
#5040 = CARTESIAN_POINT('',(0.429208698607,0.56,-0.159619203922));
#5041 = CARTESIAN_POINT('',(0.422386042842,0.56,-0.160872788062));
#5042 = CARTESIAN_POINT('',(0.41523727449,0.56,-0.161656553536));
#5043 = CARTESIAN_POINT('',(0.41036010129,0.56,-0.161769395126));
#5044 = CARTESIAN_POINT('',(0.407880798643,0.56,-0.161826757956));
#5045 = ORIENTED_EDGE('',*,*,#4947,.T.);
#5046 = B_SPLINE_SURFACE_WITH_KNOTS('',3,1,(
    (#5047,#5048)
    ,(#5049,#5050)
    ,(#5051,#5052)
    ,(#5053,#5054)
    ,(#5055,#5056)
    ,(#5057,#5058)
    ,(#5059,#5060)
    ,(#5061,#5062)
    ,(#5063,#5064)
    ,(#5065,#5066)
    ,(#5067,#5068)
    ,(#5069,#5070)
    ,(#5071,#5072)
    ,(#5073,#5074)
    ,(#5075,#5076)
    ,(#5077,#5078)
    ,(#5079,#5080)
    ,(#5081,#5082)
    ,(#5083,#5084
    )),.UNSPECIFIED.,.F.,.F.,.F.,(4,1,1,1,1,1,1,1,1,1,1,1,1,1,1,1,4),(2,
    2),(0.,5.527454908753E-02,0.109966093882,0.163247442852,
    0.218076185482,0.273300874374,0.330909300011,0.390994523365,
    0.454175953431,0.518861540849,0.583310532011,0.648516681864,
    0.715030887097,0.782502072854,0.852322685077,0.924928489784,1.),(0.,
    1.),.UNSPECIFIED.);
#5047 = CARTESIAN_POINT('',(0.478273426848,0.56,-0.106928921418));
#5048 = CARTESIAN_POINT('',(0.478273426848,0.55,-0.106928921418));
#5049 = CARTESIAN_POINT('',(0.478231985752,0.56,-0.108756695932));
#5050 = CARTESIAN_POINT('',(0.478231985752,0.55,-0.108756695932));
#5051 = CARTESIAN_POINT('',(0.478149540656,0.56,-0.112392966641));
#5052 = CARTESIAN_POINT('',(0.478149540656,0.55,-0.112392966641));
#5053 = CARTESIAN_POINT('',(0.477109812878,0.56,-0.11770547351));
#5054 = CARTESIAN_POINT('',(0.477109812878,0.55,-0.11770547351));
#5055 = CARTESIAN_POINT('',(0.47554740878,0.56,-0.122855568103));
#5056 = CARTESIAN_POINT('',(0.47554740878,0.55,-0.122855568103));
#5057 = CARTESIAN_POINT('',(0.473399435849,0.56,-0.127821349128));
#5058 = CARTESIAN_POINT('',(0.473399435849,0.55,-0.127821349128));
#5059 = CARTESIAN_POINT('',(0.470524415978,0.56,-0.132568376518));
#5060 = CARTESIAN_POINT('',(0.470524415978,0.55,-0.132568376518));
#5061 = CARTESIAN_POINT('',(0.467083817326,0.56,-0.137137121412));
#5062 = CARTESIAN_POINT('',(0.467083817326,0.55,-0.137137121412));
#5063 = CARTESIAN_POINT('',(0.462987007298,0.56,-0.141501499313));
#5064 = CARTESIAN_POINT('',(0.462987007298,0.55,-0.141501499313));
#5065 = CARTESIAN_POINT('',(0.458292462597,0.56,-0.145569531268));
#5066 = CARTESIAN_POINT('',(0.458292462597,0.55,-0.145569531268));
#5067 = CARTESIAN_POINT('',(0.4532512821,0.56,-0.149446454985));
#5068 = CARTESIAN_POINT('',(0.4532512821,0.55,-0.149446454985));
#5069 = CARTESIAN_POINT('',(0.447726304595,0.56,-0.152737818683));
#5070 = CARTESIAN_POINT('',(0.447726304595,0.55,-0.152737818683));
#5071 = CARTESIAN_POINT('',(0.441884117124,0.56,-0.15555232489));
#5072 = CARTESIAN_POINT('',(0.441884117124,0.55,-0.15555232489));
#5073 = CARTESIAN_POINT('',(0.435718251639,0.56,-0.157873275101));
#5074 = CARTESIAN_POINT('',(0.435718251639,0.55,-0.157873275101));
#5075 = CARTESIAN_POINT('',(0.429208698607,0.56,-0.159619203922));
#5076 = CARTESIAN_POINT('',(0.429208698607,0.55,-0.159619203922));
#5077 = CARTESIAN_POINT('',(0.422386042842,0.56,-0.160872788062));
#5078 = CARTESIAN_POINT('',(0.422386042842,0.55,-0.160872788062));
#5079 = CARTESIAN_POINT('',(0.41523727449,0.56,-0.161656553536));
#5080 = CARTESIAN_POINT('',(0.41523727449,0.55,-0.161656553536));
#5081 = CARTESIAN_POINT('',(0.41036010129,0.56,-0.161769395126));
#5082 = CARTESIAN_POINT('',(0.41036010129,0.55,-0.161769395126));
#5083 = CARTESIAN_POINT('',(0.407880798643,0.56,-0.161826757956));
#5084 = CARTESIAN_POINT('',(0.407880798643,0.55,-0.161826757956));
#5085 = ADVANCED_FACE('',(#5086),#5116,.T.);
#5086 = FACE_BOUND('',#5087,.T.);
#5087 = EDGE_LOOP('',(#5088,#5089,#5097,#5115));
#5088 = ORIENTED_EDGE('',*,*,#1794,.F.);
#5089 = ORIENTED_EDGE('',*,*,#5090,.F.);
#5090 = EDGE_CURVE('',#5091,#1787,#5093,.T.);
#5091 = VERTEX_POINT('',#5092);
#5092 = CARTESIAN_POINT('',(0.388529837104,0.56,-4.964727077652E-02));
#5093 = LINE('',#5094,#5095);
#5094 = CARTESIAN_POINT('',(0.388529837104,0.56,-4.964727077652E-02));
#5095 = VECTOR('',#5096,1.);
#5096 = DIRECTION('',(-3.761581922631E-31,-1.,-9.429630734102E-47));
#5097 = ORIENTED_EDGE('',*,*,#5098,.T.);
#5098 = EDGE_CURVE('',#5091,#5017,#5099,.T.);
#5099 = B_SPLINE_CURVE_WITH_KNOTS('',3,(#5100,#5101,#5102,#5103,#5104,
    #5105,#5106,#5107,#5108,#5109,#5110,#5111,#5112,#5113,#5114),
  .UNSPECIFIED.,.F.,.F.,(4,1,1,1,1,1,1,1,1,1,1,1,4),(0.,0.110165553211,
    0.215787256175,0.318027434909,0.417573954166,0.511650487647,
    0.596162097103,0.672934533485,0.74366955735,0.810677001065,
    0.874058962314,0.936696301919,1.),.UNSPECIFIED.);
#5100 = CARTESIAN_POINT('',(0.388529837104,0.56,-4.964727077652E-02));
#5101 = CARTESIAN_POINT('',(0.392859953676,0.56,-4.972075114864E-02));
#5102 = CARTESIAN_POINT('',(0.401341588332,0.56,-4.986468114691E-02));
#5103 = CARTESIAN_POINT('',(0.413731018808,0.56,-5.160548218641E-02));
#5104 = CARTESIAN_POINT('',(0.425578350022,0.56,-5.401354499199E-02));
#5105 = CARTESIAN_POINT('',(0.436621024222,0.56,-5.770206421902E-02));
#5106 = CARTESIAN_POINT('',(0.446685895557,0.56,-6.198609390495E-02));
#5107 = CARTESIAN_POINT('',(0.455417855765,0.56,-6.697131485653E-02));
#5108 = CARTESIAN_POINT('',(0.462694570492,0.56,-7.25127897812E-02));
#5109 = CARTESIAN_POINT('',(0.468480677642,0.56,-7.869605071543E-02));
#5110 = CARTESIAN_POINT('',(0.472833600506,0.56,-8.532755546377E-02));
#5111 = CARTESIAN_POINT('',(0.476016280249,0.56,-9.223922123252E-02));
#5112 = CARTESIAN_POINT('',(0.477896312873,0.56,-9.949162732615E-02));
#5113 = CARTESIAN_POINT('',(0.478147279565,0.56,-0.104441094119));
#5114 = CARTESIAN_POINT('',(0.478273426848,0.56,-0.106928921418));
#5115 = ORIENTED_EDGE('',*,*,#5016,.T.);
#5116 = B_SPLINE_SURFACE_WITH_KNOTS('',3,1,(
    (#5117,#5118)
    ,(#5119,#5120)
    ,(#5121,#5122)
    ,(#5123,#5124)
    ,(#5125,#5126)
    ,(#5127,#5128)
    ,(#5129,#5130)
    ,(#5131,#5132)
    ,(#5133,#5134)
    ,(#5135,#5136)
    ,(#5137,#5138)
    ,(#5139,#5140)
    ,(#5141,#5142)
    ,(#5143,#5144)
    ,(#5145,#5146
    )),.UNSPECIFIED.,.F.,.F.,.F.,(4,1,1,1,1,1,1,1,1,1,1,1,4),(2,2),(0.,
    0.110165553211,0.215787256175,0.318027434909,0.417573954166,
    0.511650487647,0.596162097103,0.672934533485,0.74366955735,
    0.810677001065,0.874058962314,0.936696301919,1.),(0.,1.),
  .UNSPECIFIED.);
#5117 = CARTESIAN_POINT('',(0.388529837104,0.56,-4.964727077652E-02));
#5118 = CARTESIAN_POINT('',(0.388529837104,0.55,-4.964727077652E-02));
#5119 = CARTESIAN_POINT('',(0.392859953676,0.56,-4.972075114864E-02));
#5120 = CARTESIAN_POINT('',(0.392859953676,0.55,-4.972075114864E-02));
#5121 = CARTESIAN_POINT('',(0.401341588332,0.56,-4.986468114691E-02));
#5122 = CARTESIAN_POINT('',(0.401341588332,0.55,-4.986468114691E-02));
#5123 = CARTESIAN_POINT('',(0.413731018808,0.56,-5.160548218641E-02));
#5124 = CARTESIAN_POINT('',(0.413731018808,0.55,-5.160548218641E-02));
#5125 = CARTESIAN_POINT('',(0.425578350022,0.56,-5.401354499199E-02));
#5126 = CARTESIAN_POINT('',(0.425578350022,0.55,-5.401354499199E-02));
#5127 = CARTESIAN_POINT('',(0.436621024222,0.56,-5.770206421902E-02));
#5128 = CARTESIAN_POINT('',(0.436621024222,0.55,-5.770206421902E-02));
#5129 = CARTESIAN_POINT('',(0.446685895557,0.56,-6.198609390495E-02));
#5130 = CARTESIAN_POINT('',(0.446685895557,0.55,-6.198609390495E-02));
#5131 = CARTESIAN_POINT('',(0.455417855765,0.56,-6.697131485653E-02));
#5132 = CARTESIAN_POINT('',(0.455417855765,0.55,-6.697131485653E-02));
#5133 = CARTESIAN_POINT('',(0.462694570492,0.56,-7.25127897812E-02));
#5134 = CARTESIAN_POINT('',(0.462694570492,0.55,-7.25127897812E-02));
#5135 = CARTESIAN_POINT('',(0.468480677642,0.56,-7.869605071543E-02));
#5136 = CARTESIAN_POINT('',(0.468480677642,0.55,-7.869605071543E-02));
#5137 = CARTESIAN_POINT('',(0.472833600506,0.56,-8.532755546377E-02));
#5138 = CARTESIAN_POINT('',(0.472833600506,0.55,-8.532755546377E-02));
#5139 = CARTESIAN_POINT('',(0.476016280249,0.56,-9.223922123252E-02));
#5140 = CARTESIAN_POINT('',(0.476016280249,0.55,-9.223922123252E-02));
#5141 = CARTESIAN_POINT('',(0.477896312873,0.56,-9.949162732615E-02));
#5142 = CARTESIAN_POINT('',(0.477896312873,0.55,-9.949162732615E-02));
#5143 = CARTESIAN_POINT('',(0.478147279565,0.56,-0.104441094119));
#5144 = CARTESIAN_POINT('',(0.478147279565,0.55,-0.104441094119));
#5145 = CARTESIAN_POINT('',(0.478273426848,0.56,-0.106928921418));
#5146 = CARTESIAN_POINT('',(0.478273426848,0.55,-0.106928921418));
#5147 = ADVANCED_FACE('',(#5148),#5166,.T.);
#5148 = FACE_BOUND('',#5149,.T.);
#5149 = EDGE_LOOP('',(#5150,#5151,#5159,#5165));
#5150 = ORIENTED_EDGE('',*,*,#1786,.F.);
#5151 = ORIENTED_EDGE('',*,*,#5152,.F.);
#5152 = EDGE_CURVE('',#5153,#1763,#5155,.T.);
#5153 = VERTEX_POINT('',#5154);
#5154 = CARTESIAN_POINT('',(0.388529837104,0.56,-1.374983487908E-02));
#5155 = LINE('',#5156,#5157);
#5156 = CARTESIAN_POINT('',(0.388529837104,0.56,-1.374983487908E-02));
#5157 = VECTOR('',#5158,1.);
#5158 = DIRECTION('',(-3.761581922631E-31,-1.,-9.429630734102E-47));
#5159 = ORIENTED_EDGE('',*,*,#5160,.T.);
#5160 = EDGE_CURVE('',#5153,#5091,#5161,.T.);
#5161 = LINE('',#5162,#5163);
#5162 = CARTESIAN_POINT('',(0.388529837104,0.56,-1.374983487908E-02));
#5163 = VECTOR('',#5164,1.);
#5164 = DIRECTION('',(0.,0.,-1.));
#5165 = ORIENTED_EDGE('',*,*,#5090,.T.);
#5166 = PLANE('',#5167);
#5167 = AXIS2_PLACEMENT_3D('',#5168,#5169,#5170);
#5168 = CARTESIAN_POINT('',(0.388529837104,0.56,-1.374983487908E-02));
#5169 = DIRECTION('',(-1.,3.761581922631E-31,0.));
#5170 = DIRECTION('',(-3.761581922631E-31,-1.,0.));
#5171 = ADVANCED_FACE('',(#5172),#5206,.T.);
#5172 = FACE_BOUND('',#5173,.T.);
#5173 = EDGE_LOOP('',(#5174,#5175,#5183,#5205));
#5174 = ORIENTED_EDGE('',*,*,#1762,.F.);
#5175 = ORIENTED_EDGE('',*,*,#5176,.F.);
#5176 = EDGE_CURVE('',#5177,#1739,#5179,.T.);
#5177 = VERTEX_POINT('',#5178);
#5178 = CARTESIAN_POINT('',(0.496222144797,0.56,6.028862665938E-02));
#5179 = LINE('',#5180,#5181);
#5180 = CARTESIAN_POINT('',(0.496222144797,0.56,6.028862665938E-02));
#5181 = VECTOR('',#5182,1.);
#5182 = DIRECTION('',(-3.761581922631E-31,-1.,-9.429630734102E-47));
#5183 = ORIENTED_EDGE('',*,*,#5184,.T.);
#5184 = EDGE_CURVE('',#5177,#5153,#5185,.T.);
#5185 = B_SPLINE_CURVE_WITH_KNOTS('',3,(#5186,#5187,#5188,#5189,#5190,
    #5191,#5192,#5193,#5194,#5195,#5196,#5197,#5198,#5199,#5200,#5201,
    #5202,#5203,#5204),.UNSPECIFIED.,.F.,.F.,(4,1,1,1,1,1,1,1,1,1,1,1,1,
    1,1,1,4),(0.,6.690918560566E-02,0.133485440423,0.20103511657,
    0.271234340019,0.342879984162,0.41383612961,0.485976621974,
    0.560229557256,0.599884180752,0.644054839643,0.691891931584,
    0.744687524474,0.80149177517,0.86285769822,0.929328379395,1.),
  .UNSPECIFIED.);
#5186 = CARTESIAN_POINT('',(0.496222144797,0.56,6.028862665938E-02));
#5187 = CARTESIAN_POINT('',(0.496069114644,0.56,5.702749277238E-02));
#5188 = CARTESIAN_POINT('',(0.495763815796,0.56,5.052145194637E-02));
#5189 = CARTESIAN_POINT('',(0.493432957851,0.56,4.094969451912E-02));
#5190 = CARTESIAN_POINT('',(0.489599071431,0.56,3.172735327521E-02));
#5191 = CARTESIAN_POINT('',(0.4842318203,0.56,2.301177426942E-02));
#5192 = CARTESIAN_POINT('',(0.477698247435,0.56,1.493418411597E-02));
#5193 = CARTESIAN_POINT('',(0.470061756749,0.56,7.727035868167E-03));
#5194 = CARTESIAN_POINT('',(0.461258933912,0.56,1.780026761058E-03));
#5195 = CARTESIAN_POINT('',(0.453156947009,0.56,-2.32883887881E-03));
#5196 = CARTESIAN_POINT('',(0.445980431358,0.56,-5.132546397187E-03));
#5197 = CARTESIAN_POINT('',(0.439838892914,0.56,-7.000042842113E-03));
#5198 = CARTESIAN_POINT('',(0.432963232576,0.56,-8.581408409722E-03));
#5199 = CARTESIAN_POINT('',(0.425436597689,0.56,-1.005263556219E-02));
#5200 = CARTESIAN_POINT('',(0.417202276044,0.56,-1.130477037738E-02));
#5201 = CARTESIAN_POINT('',(0.408269232247,0.56,-1.234895195172E-02));
#5202 = CARTESIAN_POINT('',(0.398635656086,0.56,-1.318445604617E-02));
#5203 = CARTESIAN_POINT('',(0.3919665395,0.56,-1.355756557432E-02));
#5204 = CARTESIAN_POINT('',(0.388529837104,0.56,-1.374983487908E-02));
#5205 = ORIENTED_EDGE('',*,*,#5152,.T.);
#5206 = B_SPLINE_SURFACE_WITH_KNOTS('',3,1,(
    (#5207,#5208)
    ,(#5209,#5210)
    ,(#5211,#5212)
    ,(#5213,#5214)
    ,(#5215,#5216)
    ,(#5217,#5218)
    ,(#5219,#5220)
    ,(#5221,#5222)
    ,(#5223,#5224)
    ,(#5225,#5226)
    ,(#5227,#5228)
    ,(#5229,#5230)
    ,(#5231,#5232)
    ,(#5233,#5234)
    ,(#5235,#5236)
    ,(#5237,#5238)
    ,(#5239,#5240)
    ,(#5241,#5242)
    ,(#5243,#5244
    )),.UNSPECIFIED.,.F.,.F.,.F.,(4,1,1,1,1,1,1,1,1,1,1,1,1,1,1,1,4),(2,
    2),(0.,6.690918560566E-02,0.133485440423,0.20103511657,
    0.271234340019,0.342879984162,0.41383612961,0.485976621974,
    0.560229557256,0.599884180752,0.644054839643,0.691891931584,
    0.744687524474,0.80149177517,0.86285769822,0.929328379395,1.),(0.,1.
    ),.UNSPECIFIED.);
#5207 = CARTESIAN_POINT('',(0.496222144797,0.56,6.028862665938E-02));
#5208 = CARTESIAN_POINT('',(0.496222144797,0.55,6.028862665938E-02));
#5209 = CARTESIAN_POINT('',(0.496069114644,0.56,5.702749277238E-02));
#5210 = CARTESIAN_POINT('',(0.496069114644,0.55,5.702749277238E-02));
#5211 = CARTESIAN_POINT('',(0.495763815796,0.56,5.052145194637E-02));
#5212 = CARTESIAN_POINT('',(0.495763815796,0.55,5.052145194637E-02));
#5213 = CARTESIAN_POINT('',(0.493432957851,0.56,4.094969451912E-02));
#5214 = CARTESIAN_POINT('',(0.493432957851,0.55,4.094969451912E-02));
#5215 = CARTESIAN_POINT('',(0.489599071431,0.56,3.172735327521E-02));
#5216 = CARTESIAN_POINT('',(0.489599071431,0.55,3.172735327521E-02));
#5217 = CARTESIAN_POINT('',(0.4842318203,0.56,2.301177426942E-02));
#5218 = CARTESIAN_POINT('',(0.4842318203,0.55,2.301177426942E-02));
#5219 = CARTESIAN_POINT('',(0.477698247435,0.56,1.493418411597E-02));
#5220 = CARTESIAN_POINT('',(0.477698247435,0.55,1.493418411597E-02));
#5221 = CARTESIAN_POINT('',(0.470061756749,0.56,7.727035868167E-03));
#5222 = CARTESIAN_POINT('',(0.470061756749,0.55,7.727035868167E-03));
#5223 = CARTESIAN_POINT('',(0.461258933912,0.56,1.780026761058E-03));
#5224 = CARTESIAN_POINT('',(0.461258933912,0.55,1.780026761058E-03));
#5225 = CARTESIAN_POINT('',(0.453156947009,0.56,-2.32883887881E-03));
#5226 = CARTESIAN_POINT('',(0.453156947009,0.55,-2.32883887881E-03));
#5227 = CARTESIAN_POINT('',(0.445980431358,0.56,-5.132546397187E-03));
#5228 = CARTESIAN_POINT('',(0.445980431358,0.55,-5.132546397187E-03));
#5229 = CARTESIAN_POINT('',(0.439838892914,0.56,-7.000042842113E-03));
#5230 = CARTESIAN_POINT('',(0.439838892914,0.55,-7.000042842113E-03));
#5231 = CARTESIAN_POINT('',(0.432963232576,0.56,-8.581408409722E-03));
#5232 = CARTESIAN_POINT('',(0.432963232576,0.55,-8.581408409722E-03));
#5233 = CARTESIAN_POINT('',(0.425436597689,0.56,-1.005263556219E-02));
#5234 = CARTESIAN_POINT('',(0.425436597689,0.55,-1.005263556219E-02));
#5235 = CARTESIAN_POINT('',(0.417202276044,0.56,-1.130477037738E-02));
#5236 = CARTESIAN_POINT('',(0.417202276044,0.55,-1.130477037738E-02));
#5237 = CARTESIAN_POINT('',(0.408269232247,0.56,-1.234895195172E-02));
#5238 = CARTESIAN_POINT('',(0.408269232247,0.55,-1.234895195172E-02));
#5239 = CARTESIAN_POINT('',(0.398635656086,0.56,-1.318445604617E-02));
#5240 = CARTESIAN_POINT('',(0.398635656086,0.55,-1.318445604617E-02));
#5241 = CARTESIAN_POINT('',(0.3919665395,0.56,-1.355756557432E-02));
#5242 = CARTESIAN_POINT('',(0.3919665395,0.55,-1.355756557432E-02));
#5243 = CARTESIAN_POINT('',(0.388529837104,0.56,-1.374983487908E-02));
#5244 = CARTESIAN_POINT('',(0.388529837104,0.55,-1.374983487908E-02));
#5245 = ADVANCED_FACE('',(#5246),#5280,.T.);
#5246 = FACE_BOUND('',#5247,.T.);
#5247 = EDGE_LOOP('',(#5248,#5249,#5257,#5279));
#5248 = ORIENTED_EDGE('',*,*,#1738,.F.);
#5249 = ORIENTED_EDGE('',*,*,#5250,.F.);
#5250 = EDGE_CURVE('',#5251,#1723,#5253,.T.);
#5251 = VERTEX_POINT('',#5252);
#5252 = CARTESIAN_POINT('',(0.407109564668,0.56,0.134327088198));
#5253 = LINE('',#5254,#5255);
#5254 = CARTESIAN_POINT('',(0.407109564668,0.56,0.134327088198));
#5255 = VECTOR('',#5256,1.);
#5256 = DIRECTION('',(-3.761581922631E-31,-1.,-9.429630734102E-47));
#5257 = ORIENTED_EDGE('',*,*,#5258,.T.);
#5258 = EDGE_CURVE('',#5251,#5177,#5259,.T.);
#5259 = B_SPLINE_CURVE_WITH_KNOTS('',3,(#5260,#5261,#5262,#5263,#5264,
    #5265,#5266,#5267,#5268,#5269,#5270,#5271,#5272,#5273,#5274,#5275,
    #5276,#5277,#5278),.UNSPECIFIED.,.F.,.F.,(4,1,1,1,1,1,1,1,1,1,1,1,1,
    1,1,1,4),(0.,7.607173695556E-02,0.148751714575,0.218402793846,
    0.285759581062,0.350598023675,0.414964044598,0.478069338572,
    0.541760676007,0.604349858539,0.664075021071,0.72146362308,
    0.777587128236,0.832644446927,0.887843511068,0.943460342652,1.),
  .UNSPECIFIED.);
#5260 = CARTESIAN_POINT('',(0.407109564668,0.56,0.134327088198));
#5261 = CARTESIAN_POINT('',(0.410384914933,0.56,0.134265497673));
#5262 = CARTESIAN_POINT('',(0.416789579625,0.56,0.134145062719));
#5263 = CARTESIAN_POINT('',(0.426135065558,0.56,0.133037492034));
#5264 = CARTESIAN_POINT('',(0.435025810315,0.56,0.13142445069));
#5265 = CARTESIAN_POINT('',(0.443363102892,0.56,0.128933152408));
#5266 = CARTESIAN_POINT('',(0.451256153627,0.56,0.125855067262));
#5267 = CARTESIAN_POINT('',(0.458594318589,0.56,0.121990226719));
#5268 = CARTESIAN_POINT('',(0.465473929208,0.56,0.117455754555));
#5269 = CARTESIAN_POINT('',(0.471806869751,0.56,0.112301838691));
#5270 = CARTESIAN_POINT('',(0.477501420502,0.56,0.106659689183));
#5271 = CARTESIAN_POINT('',(0.482515371826,0.56,0.100758382072));
#5272 = CARTESIAN_POINT('',(0.486777837974,0.56,9.462279912081E-02));
#5273 = CARTESIAN_POINT('',(0.490216195793,0.56,8.821898702914E-02));
#5274 = CARTESIAN_POINT('',(0.492931250823,0.56,8.157346414113E-02));
#5275 = CARTESIAN_POINT('',(0.49477957088,0.56,7.466758120569E-02));
#5276 = CARTESIAN_POINT('',(0.496064722393,0.56,6.755785458528E-02));
#5277 = CARTESIAN_POINT('',(0.49616938361,0.56,6.272495769112E-02));
#5278 = CARTESIAN_POINT('',(0.496222144797,0.56,6.028862665938E-02));
#5279 = ORIENTED_EDGE('',*,*,#5176,.T.);
#5280 = B_SPLINE_SURFACE_WITH_KNOTS('',3,1,(
    (#5281,#5282)
    ,(#5283,#5284)
    ,(#5285,#5286)
    ,(#5287,#5288)
    ,(#5289,#5290)
    ,(#5291,#5292)
    ,(#5293,#5294)
    ,(#5295,#5296)
    ,(#5297,#5298)
    ,(#5299,#5300)
    ,(#5301,#5302)
    ,(#5303,#5304)
    ,(#5305,#5306)
    ,(#5307,#5308)
    ,(#5309,#5310)
    ,(#5311,#5312)
    ,(#5313,#5314)
    ,(#5315,#5316)
    ,(#5317,#5318
    )),.UNSPECIFIED.,.F.,.F.,.F.,(4,1,1,1,1,1,1,1,1,1,1,1,1,1,1,1,4),(2,
    2),(0.,7.607173695556E-02,0.148751714575,0.218402793846,
    0.285759581062,0.350598023675,0.414964044598,0.478069338572,
    0.541760676007,0.604349858539,0.664075021071,0.72146362308,
    0.777587128236,0.832644446927,0.887843511068,0.943460342652,1.),(0.,
    1.),.UNSPECIFIED.);
#5281 = CARTESIAN_POINT('',(0.407109564668,0.56,0.134327088198));
#5282 = CARTESIAN_POINT('',(0.407109564668,0.55,0.134327088198));
#5283 = CARTESIAN_POINT('',(0.410384914933,0.56,0.134265497673));
#5284 = CARTESIAN_POINT('',(0.410384914933,0.55,0.134265497673));
#5285 = CARTESIAN_POINT('',(0.416789579625,0.56,0.134145062719));
#5286 = CARTESIAN_POINT('',(0.416789579625,0.55,0.134145062719));
#5287 = CARTESIAN_POINT('',(0.426135065558,0.56,0.133037492034));
#5288 = CARTESIAN_POINT('',(0.426135065558,0.55,0.133037492034));
#5289 = CARTESIAN_POINT('',(0.435025810315,0.56,0.13142445069));
#5290 = CARTESIAN_POINT('',(0.435025810315,0.55,0.13142445069));
#5291 = CARTESIAN_POINT('',(0.443363102892,0.56,0.128933152408));
#5292 = CARTESIAN_POINT('',(0.443363102892,0.55,0.128933152408));
#5293 = CARTESIAN_POINT('',(0.451256153627,0.56,0.125855067262));
#5294 = CARTESIAN_POINT('',(0.451256153627,0.55,0.125855067262));
#5295 = CARTESIAN_POINT('',(0.458594318589,0.56,0.121990226719));
#5296 = CARTESIAN_POINT('',(0.458594318589,0.55,0.121990226719));
#5297 = CARTESIAN_POINT('',(0.465473929208,0.56,0.117455754555));
#5298 = CARTESIAN_POINT('',(0.465473929208,0.55,0.117455754555));
#5299 = CARTESIAN_POINT('',(0.471806869751,0.56,0.112301838691));
#5300 = CARTESIAN_POINT('',(0.471806869751,0.55,0.112301838691));
#5301 = CARTESIAN_POINT('',(0.477501420502,0.56,0.106659689183));
#5302 = CARTESIAN_POINT('',(0.477501420502,0.55,0.106659689183));
#5303 = CARTESIAN_POINT('',(0.482515371826,0.56,0.100758382072));
#5304 = CARTESIAN_POINT('',(0.482515371826,0.55,0.100758382072));
#5305 = CARTESIAN_POINT('',(0.486777837974,0.56,9.462279912081E-02));
#5306 = CARTESIAN_POINT('',(0.486777837974,0.55,9.462279912081E-02));
#5307 = CARTESIAN_POINT('',(0.490216195793,0.56,8.821898702914E-02));
#5308 = CARTESIAN_POINT('',(0.490216195793,0.55,8.821898702914E-02));
#5309 = CARTESIAN_POINT('',(0.492931250823,0.56,8.157346414113E-02));
#5310 = CARTESIAN_POINT('',(0.492931250823,0.55,8.157346414113E-02));
#5311 = CARTESIAN_POINT('',(0.49477957088,0.56,7.466758120569E-02));
#5312 = CARTESIAN_POINT('',(0.49477957088,0.55,7.466758120569E-02));
#5313 = CARTESIAN_POINT('',(0.496064722393,0.56,6.755785458528E-02));
#5314 = CARTESIAN_POINT('',(0.496064722393,0.55,6.755785458528E-02));
#5315 = CARTESIAN_POINT('',(0.49616938361,0.56,6.272495769112E-02));
#5316 = CARTESIAN_POINT('',(0.49616938361,0.55,6.272495769112E-02));
#5317 = CARTESIAN_POINT('',(0.496222144797,0.56,6.028862665938E-02));
#5318 = CARTESIAN_POINT('',(0.496222144797,0.55,6.028862665938E-02));
#5319 = ADVANCED_FACE('',(#5320),#5346,.T.);
#5320 = FACE_BOUND('',#5321,.T.);
#5321 = EDGE_LOOP('',(#5322,#5323,#5331,#5345));
#5322 = ORIENTED_EDGE('',*,*,#1722,.F.);
#5323 = ORIENTED_EDGE('',*,*,#5324,.F.);
#5324 = EDGE_CURVE('',#5325,#1707,#5327,.T.);
#5325 = VERTEX_POINT('',#5326);
#5326 = CARTESIAN_POINT('',(0.348636006976,0.56,0.115396799736));
#5327 = LINE('',#5328,#5329);
#5328 = CARTESIAN_POINT('',(0.348636006976,0.56,0.115396799736));
#5329 = VECTOR('',#5330,1.);
#5330 = DIRECTION('',(-3.761581922631E-31,-1.,-9.429630734102E-47));
#5331 = ORIENTED_EDGE('',*,*,#5332,.T.);
#5332 = EDGE_CURVE('',#5325,#5251,#5333,.T.);
#5333 = B_SPLINE_CURVE_WITH_KNOTS('',3,(#5334,#5335,#5336,#5337,#5338,
    #5339,#5340,#5341,#5342,#5343,#5344),.UNSPECIFIED.,.F.,.F.,(4,1,1,1,
    1,1,1,1,4),(0.,0.118271304836,0.236177533084,0.355662932949,
    0.475904164671,0.600127341711,0.728608116155,0.861313475674,1.),
  .UNSPECIFIED.);
#5334 = CARTESIAN_POINT('',(0.348636006976,0.56,0.115396799736));
#5335 = CARTESIAN_POINT('',(0.350595664629,0.56,0.116907633125));
#5336 = CARTESIAN_POINT('',(0.354508930917,0.56,0.119924636303));
#5337 = CARTESIAN_POINT('',(0.360885754027,0.56,0.123774799157));
#5338 = CARTESIAN_POINT('',(0.367592242635,0.56,0.127110901691));
#5339 = CARTESIAN_POINT('',(0.374773710057,0.56,0.129659271262));
#5340 = CARTESIAN_POINT('',(0.382275187103,0.56,0.131817037341));
#5341 = CARTESIAN_POINT('',(0.390217923626,0.56,0.133229089254));
#5342 = CARTESIAN_POINT('',(0.398531845337,0.56,0.134197906389));
#5343 = CARTESIAN_POINT('',(0.404208621685,0.56,0.134283399538));
#5344 = CARTESIAN_POINT('',(0.407109564668,0.56,0.134327088198));
#5345 = ORIENTED_EDGE('',*,*,#5250,.T.);
#5346 = B_SPLINE_SURFACE_WITH_KNOTS('',3,1,(
    (#5347,#5348)
    ,(#5349,#5350)
    ,(#5351,#5352)
    ,(#5353,#5354)
    ,(#5355,#5356)
    ,(#5357,#5358)
    ,(#5359,#5360)
    ,(#5361,#5362)
    ,(#5363,#5364)
    ,(#5365,#5366)
    ,(#5367,#5368
  )),.UNSPECIFIED.,.F.,.F.,.F.,(4,1,1,1,1,1,1,1,4),(2,2),(0.,
    0.118271304836,0.236177533084,0.355662932949,0.475904164671,
    0.600127341711,0.728608116155,0.861313475674,1.),(0.,1.),
  .UNSPECIFIED.);
#5347 = CARTESIAN_POINT('',(0.348636006976,0.56,0.115396799736));
#5348 = CARTESIAN_POINT('',(0.348636006976,0.55,0.115396799736));
#5349 = CARTESIAN_POINT('',(0.350595664629,0.56,0.116907633125));
#5350 = CARTESIAN_POINT('',(0.350595664629,0.55,0.116907633125));
#5351 = CARTESIAN_POINT('',(0.354508930917,0.56,0.119924636303));
#5352 = CARTESIAN_POINT('',(0.354508930917,0.55,0.119924636303));
#5353 = CARTESIAN_POINT('',(0.360885754027,0.56,0.123774799157));
#5354 = CARTESIAN_POINT('',(0.360885754027,0.55,0.123774799157));
#5355 = CARTESIAN_POINT('',(0.367592242635,0.56,0.127110901691));
#5356 = CARTESIAN_POINT('',(0.367592242635,0.55,0.127110901691));
#5357 = CARTESIAN_POINT('',(0.374773710057,0.56,0.129659271262));
#5358 = CARTESIAN_POINT('',(0.374773710057,0.55,0.129659271262));
#5359 = CARTESIAN_POINT('',(0.382275187103,0.56,0.131817037341));
#5360 = CARTESIAN_POINT('',(0.382275187103,0.55,0.131817037341));
#5361 = CARTESIAN_POINT('',(0.390217923626,0.56,0.133229089254));
#5362 = CARTESIAN_POINT('',(0.390217923626,0.55,0.133229089254));
#5363 = CARTESIAN_POINT('',(0.398531845337,0.56,0.134197906389));
#5364 = CARTESIAN_POINT('',(0.398531845337,0.55,0.134197906389));
#5365 = CARTESIAN_POINT('',(0.404208621685,0.56,0.134283399538));
#5366 = CARTESIAN_POINT('',(0.404208621685,0.55,0.134283399538));
#5367 = CARTESIAN_POINT('',(0.407109564668,0.56,0.134327088198));
#5368 = CARTESIAN_POINT('',(0.407109564668,0.55,0.134327088198));
#5369 = ADVANCED_FACE('',(#5370),#5396,.T.);
#5370 = FACE_BOUND('',#5371,.T.);
#5371 = EDGE_LOOP('',(#5372,#5373,#5381,#5395));
#5372 = ORIENTED_EDGE('',*,*,#1706,.F.);
#5373 = ORIENTED_EDGE('',*,*,#5374,.F.);
#5374 = EDGE_CURVE('',#5375,#1699,#5377,.T.);
#5375 = VERTEX_POINT('',#5376);
#5376 = CARTESIAN_POINT('',(0.321222144797,0.56,6.701939589015E-02));
#5377 = LINE('',#5378,#5379);
#5378 = CARTESIAN_POINT('',(0.321222144797,0.56,6.701939589015E-02));
#5379 = VECTOR('',#5380,1.);
#5380 = DIRECTION('',(-3.761581922631E-31,-1.,-9.429630734102E-47));
#5381 = ORIENTED_EDGE('',*,*,#5382,.T.);
#5382 = EDGE_CURVE('',#5375,#5325,#5383,.T.);
#5383 = B_SPLINE_CURVE_WITH_KNOTS('',3,(#5384,#5385,#5386,#5387,#5388,
    #5389,#5390,#5391,#5392,#5393,#5394),.UNSPECIFIED.,.F.,.F.,(4,1,1,1,
    1,1,1,1,4),(0.,0.149770386032,0.291316409995,0.425966373105,
    0.55215957397,0.671527413524,0.786121628692,0.89532507307,1.),
  .UNSPECIFIED.);
#5384 = CARTESIAN_POINT('',(0.321222144797,0.56,6.701939589015E-02));
#5385 = CARTESIAN_POINT('',(0.322040473941,0.56,6.971429721701E-02));
#5386 = CARTESIAN_POINT('',(0.323632195206,0.56,7.495611437882E-02));
#5387 = CARTESIAN_POINT('',(0.32634162501,0.56,8.250014494631E-02));
#5388 = CARTESIAN_POINT('',(0.329428452217,0.56,8.941595026879E-02));
#5389 = CARTESIAN_POINT('',(0.332739908081,0.56,9.575426246659E-02));
#5390 = CARTESIAN_POINT('',(0.336217752683,0.56,0.101577502713));
#5391 = CARTESIAN_POINT('',(0.340109245197,0.56,0.106731689616));
#5392 = CARTESIAN_POINT('',(0.344126159711,0.56,0.111443209837));
#5393 = CARTESIAN_POINT('',(0.347154095046,0.56,0.114097671031));
#5394 = CARTESIAN_POINT('',(0.348636006976,0.56,0.115396799736));
#5395 = ORIENTED_EDGE('',*,*,#5324,.T.);
#5396 = B_SPLINE_SURFACE_WITH_KNOTS('',3,1,(
    (#5397,#5398)
    ,(#5399,#5400)
    ,(#5401,#5402)
    ,(#5403,#5404)
    ,(#5405,#5406)
    ,(#5407,#5408)
    ,(#5409,#5410)
    ,(#5411,#5412)
    ,(#5413,#5414)
    ,(#5415,#5416)
    ,(#5417,#5418
  )),.UNSPECIFIED.,.F.,.F.,.F.,(4,1,1,1,1,1,1,1,4),(2,2),(0.,
    0.149770386032,0.291316409995,0.425966373105,0.55215957397,
    0.671527413524,0.786121628692,0.89532507307,1.),(0.,1.),
  .UNSPECIFIED.);
#5397 = CARTESIAN_POINT('',(0.321222144797,0.56,6.701939589015E-02));
#5398 = CARTESIAN_POINT('',(0.321222144797,0.55,6.701939589015E-02));
#5399 = CARTESIAN_POINT('',(0.322040473941,0.56,6.971429721701E-02));
#5400 = CARTESIAN_POINT('',(0.322040473941,0.55,6.971429721701E-02));
#5401 = CARTESIAN_POINT('',(0.323632195206,0.56,7.495611437882E-02));
#5402 = CARTESIAN_POINT('',(0.323632195206,0.55,7.495611437882E-02));
#5403 = CARTESIAN_POINT('',(0.32634162501,0.56,8.250014494631E-02));
#5404 = CARTESIAN_POINT('',(0.32634162501,0.55,8.250014494631E-02));
#5405 = CARTESIAN_POINT('',(0.329428452217,0.56,8.941595026879E-02));
#5406 = CARTESIAN_POINT('',(0.329428452217,0.55,8.941595026879E-02));
#5407 = CARTESIAN_POINT('',(0.332739908081,0.56,9.575426246659E-02));
#5408 = CARTESIAN_POINT('',(0.332739908081,0.55,9.575426246659E-02));
#5409 = CARTESIAN_POINT('',(0.336217752683,0.56,0.101577502713));
#5410 = CARTESIAN_POINT('',(0.336217752683,0.55,0.101577502713));
#5411 = CARTESIAN_POINT('',(0.340109245197,0.56,0.106731689616));
#5412 = CARTESIAN_POINT('',(0.340109245197,0.55,0.106731689616));
#5413 = CARTESIAN_POINT('',(0.344126159711,0.56,0.111443209837));
#5414 = CARTESIAN_POINT('',(0.344126159711,0.55,0.111443209837));
#5415 = CARTESIAN_POINT('',(0.347154095046,0.56,0.114097671031));
#5416 = CARTESIAN_POINT('',(0.347154095046,0.55,0.114097671031));
#5417 = CARTESIAN_POINT('',(0.348636006976,0.56,0.115396799736));
#5418 = CARTESIAN_POINT('',(0.348636006976,0.55,0.115396799736));
#5419 = ADVANCED_FACE('',(#5420),#5438,.T.);
#5420 = FACE_BOUND('',#5421,.T.);
#5421 = EDGE_LOOP('',(#5422,#5423,#5431,#5437));
#5422 = ORIENTED_EDGE('',*,*,#1698,.F.);
#5423 = ORIENTED_EDGE('',*,*,#5424,.F.);
#5424 = EDGE_CURVE('',#5425,#1675,#5427,.T.);
#5425 = VERTEX_POINT('',#5426);
#5426 = CARTESIAN_POINT('',(0.289811888386,0.56,6.701939589015E-02));
#5427 = LINE('',#5428,#5429);
#5428 = CARTESIAN_POINT('',(0.289811888386,0.56,6.701939589015E-02));
#5429 = VECTOR('',#5430,1.);
#5430 = DIRECTION('',(-3.761581922631E-31,-1.,-9.429630734102E-47));
#5431 = ORIENTED_EDGE('',*,*,#5432,.T.);
#5432 = EDGE_CURVE('',#5425,#5375,#5433,.T.);
#5433 = LINE('',#5434,#5435);
#5434 = CARTESIAN_POINT('',(0.289811888386,0.56,6.701939589015E-02));
#5435 = VECTOR('',#5436,1.);
#5436 = DIRECTION('',(1.,0.,0.));
#5437 = ORIENTED_EDGE('',*,*,#5374,.T.);
#5438 = PLANE('',#5439);
#5439 = AXIS2_PLACEMENT_3D('',#5440,#5441,#5442);
#5440 = CARTESIAN_POINT('',(0.289811888386,0.56,6.701939589015E-02));
#5441 = DIRECTION('',(0.,9.429630734102E-47,-1.));
#5442 = DIRECTION('',(0.,1.,9.429630734102E-47));
#5443 = ADVANCED_FACE('',(#5444),#5478,.T.);
#5444 = FACE_BOUND('',#5445,.T.);
#5445 = EDGE_LOOP('',(#5446,#5447,#5455,#5477));
#5446 = ORIENTED_EDGE('',*,*,#1674,.F.);
#5447 = ORIENTED_EDGE('',*,*,#5448,.F.);
#5448 = EDGE_CURVE('',#5449,#1655,#5451,.T.);
#5449 = VERTEX_POINT('',#5450);
#5450 = CARTESIAN_POINT('',(0.406548667233,0.56,0.170224524095));
#5451 = LINE('',#5452,#5453);
#5452 = CARTESIAN_POINT('',(0.406548667233,0.56,0.170224524095));
#5453 = VECTOR('',#5454,1.);
#5454 = DIRECTION('',(-3.761581922631E-31,-1.,-9.429630734102E-47));
#5455 = ORIENTED_EDGE('',*,*,#5456,.T.);
#5456 = EDGE_CURVE('',#5449,#5425,#5457,.T.);
#5457 = B_SPLINE_CURVE_WITH_KNOTS('',3,(#5458,#5459,#5460,#5461,#5462,
    #5463,#5464,#5465,#5466,#5467,#5468,#5469,#5470,#5471,#5472,#5473,
    #5474,#5475,#5476),.UNSPECIFIED.,.F.,.F.,(4,1,1,1,1,1,1,1,1,1,1,1,1,
    1,1,1,4),(0.,6.55411703374E-02,0.128963167783,0.190377136189,
    0.250092361669,0.308548432459,0.366397963055,0.424542189267,
    0.483169996423,0.542243399831,0.601739352017,0.66250600225,
    0.724855513449,0.789127829281,0.856346399879,0.926295234987,1.),
  .UNSPECIFIED.);
#5458 = CARTESIAN_POINT('',(0.406548667233,0.56,0.170224524095));
#5459 = CARTESIAN_POINT('',(0.402806737204,0.56,0.170137702769));
#5460 = CARTESIAN_POINT('',(0.395443866697,0.56,0.169966867352));
#5461 = CARTESIAN_POINT('',(0.384619516859,0.56,0.168799007232));
#5462 = CARTESIAN_POINT('',(0.374287346922,0.56,0.166666006708));
#5463 = CARTESIAN_POINT('',(0.364433387136,0.56,0.163795676172));
#5464 = CARTESIAN_POINT('',(0.355048883497,0.56,0.160156501964));
#5465 = CARTESIAN_POINT('',(0.346162472979,0.56,0.155624632161));
#5466 = CARTESIAN_POINT('',(0.337719483627,0.56,0.150293481956));
#5467 = CARTESIAN_POINT('',(0.329799588513,0.56,0.144100123176));
#5468 = CARTESIAN_POINT('',(0.322403731742,0.56,0.1371719892));
#5469 = CARTESIAN_POINT('',(0.315728459319,0.56,0.129386088203));
#5470 = CARTESIAN_POINT('',(0.309662480025,0.56,0.120886347811));
#5471 = CARTESIAN_POINT('',(0.304368216154,0.56,0.111574042191));
#5472 = CARTESIAN_POINT('',(0.299604520892,0.56,0.101569516463));
#5473 = CARTESIAN_POINT('',(0.295686425228,0.56,9.074466662527E-02));
#5474 = CARTESIAN_POINT('',(0.292237868364,0.56,7.919626442637E-02));
#5475 = CARTESIAN_POINT('',(0.290634521939,0.56,7.114849040879E-02));
#5476 = CARTESIAN_POINT('',(0.289811888386,0.56,6.701939589015E-02));
#5477 = ORIENTED_EDGE('',*,*,#5424,.T.);
#5478 = B_SPLINE_SURFACE_WITH_KNOTS('',3,1,(
    (#5479,#5480)
    ,(#5481,#5482)
    ,(#5483,#5484)
    ,(#5485,#5486)
    ,(#5487,#5488)
    ,(#5489,#5490)
    ,(#5491,#5492)
    ,(#5493,#5494)
    ,(#5495,#5496)
    ,(#5497,#5498)
    ,(#5499,#5500)
    ,(#5501,#5502)
    ,(#5503,#5504)
    ,(#5505,#5506)
    ,(#5507,#5508)
    ,(#5509,#5510)
    ,(#5511,#5512)
    ,(#5513,#5514)
    ,(#5515,#5516
    )),.UNSPECIFIED.,.F.,.F.,.F.,(4,1,1,1,1,1,1,1,1,1,1,1,1,1,1,1,4),(2,
    2),(0.,6.55411703374E-02,0.128963167783,0.190377136189,
    0.250092361669,0.308548432459,0.366397963055,0.424542189267,
    0.483169996423,0.542243399831,0.601739352017,0.66250600225,
    0.724855513449,0.789127829281,0.856346399879,0.926295234987,1.),(0.,
    1.),.UNSPECIFIED.);
#5479 = CARTESIAN_POINT('',(0.406548667233,0.56,0.170224524095));
#5480 = CARTESIAN_POINT('',(0.406548667233,0.55,0.170224524095));
#5481 = CARTESIAN_POINT('',(0.402806737204,0.56,0.170137702769));
#5482 = CARTESIAN_POINT('',(0.402806737204,0.55,0.170137702769));
#5483 = CARTESIAN_POINT('',(0.395443866697,0.56,0.169966867352));
#5484 = CARTESIAN_POINT('',(0.395443866697,0.55,0.169966867352));
#5485 = CARTESIAN_POINT('',(0.384619516859,0.56,0.168799007232));
#5486 = CARTESIAN_POINT('',(0.384619516859,0.55,0.168799007232));
#5487 = CARTESIAN_POINT('',(0.374287346922,0.56,0.166666006708));
#5488 = CARTESIAN_POINT('',(0.374287346922,0.55,0.166666006708));
#5489 = CARTESIAN_POINT('',(0.364433387136,0.56,0.163795676172));
#5490 = CARTESIAN_POINT('',(0.364433387136,0.55,0.163795676172));
#5491 = CARTESIAN_POINT('',(0.355048883497,0.56,0.160156501964));
#5492 = CARTESIAN_POINT('',(0.355048883497,0.55,0.160156501964));
#5493 = CARTESIAN_POINT('',(0.346162472979,0.56,0.155624632161));
#5494 = CARTESIAN_POINT('',(0.346162472979,0.55,0.155624632161));
#5495 = CARTESIAN_POINT('',(0.337719483627,0.56,0.150293481956));
#5496 = CARTESIAN_POINT('',(0.337719483627,0.55,0.150293481956));
#5497 = CARTESIAN_POINT('',(0.329799588513,0.56,0.144100123176));
#5498 = CARTESIAN_POINT('',(0.329799588513,0.55,0.144100123176));
#5499 = CARTESIAN_POINT('',(0.322403731742,0.56,0.1371719892));
#5500 = CARTESIAN_POINT('',(0.322403731742,0.55,0.1371719892));
#5501 = CARTESIAN_POINT('',(0.315728459319,0.56,0.129386088203));
#5502 = CARTESIAN_POINT('',(0.315728459319,0.55,0.129386088203));
#5503 = CARTESIAN_POINT('',(0.309662480025,0.56,0.120886347811));
#5504 = CARTESIAN_POINT('',(0.309662480025,0.55,0.120886347811));
#5505 = CARTESIAN_POINT('',(0.304368216154,0.56,0.111574042191));
#5506 = CARTESIAN_POINT('',(0.304368216154,0.55,0.111574042191));
#5507 = CARTESIAN_POINT('',(0.299604520892,0.56,0.101569516463));
#5508 = CARTESIAN_POINT('',(0.299604520892,0.55,0.101569516463));
#5509 = CARTESIAN_POINT('',(0.295686425228,0.56,9.074466662527E-02));
#5510 = CARTESIAN_POINT('',(0.295686425228,0.55,9.074466662527E-02));
#5511 = CARTESIAN_POINT('',(0.292237868364,0.56,7.919626442637E-02));
#5512 = CARTESIAN_POINT('',(0.292237868364,0.55,7.919626442637E-02));
#5513 = CARTESIAN_POINT('',(0.290634521939,0.56,7.114849040879E-02));
#5514 = CARTESIAN_POINT('',(0.290634521939,0.55,7.114849040879E-02));
#5515 = CARTESIAN_POINT('',(0.289811888386,0.56,6.701939589015E-02));
#5516 = CARTESIAN_POINT('',(0.289811888386,0.55,6.701939589015E-02));
#5517 = ADVANCED_FACE('',(#5518),#5548,.T.);
#5518 = FACE_BOUND('',#5519,.T.);
#5519 = EDGE_LOOP('',(#5520,#5521,#5529,#5547));
#5520 = ORIENTED_EDGE('',*,*,#1654,.F.);
#5521 = ORIENTED_EDGE('',*,*,#5522,.F.);
#5522 = EDGE_CURVE('',#5523,#1639,#5525,.T.);
#5523 = VERTEX_POINT('',#5524);
#5524 = CARTESIAN_POINT('',(0.527632401207,0.56,5.727380294143E-02));
#5525 = LINE('',#5526,#5527);
#5526 = CARTESIAN_POINT('',(0.527632401207,0.56,5.727380294143E-02));
#5527 = VECTOR('',#5528,1.);
#5528 = DIRECTION('',(-3.761581922631E-31,-1.,-9.429630734102E-47));
#5529 = ORIENTED_EDGE('',*,*,#5530,.T.);
#5530 = EDGE_CURVE('',#5523,#5449,#5531,.T.);
#5531 = B_SPLINE_CURVE_WITH_KNOTS('',3,(#5532,#5533,#5534,#5535,#5536,
    #5537,#5538,#5539,#5540,#5541,#5542,#5543,#5544,#5545,#5546),
  .UNSPECIFIED.,.F.,.F.,(4,1,1,1,1,1,1,1,1,1,1,1,4),(0.,
    7.964825118023E-02,0.158921676418,0.239619494737,0.322609429819,
    0.406034636618,0.487602095492,0.569684626596,0.653036145009,
    0.737435717722,0.822477815856,0.909747655118,1.),.UNSPECIFIED.);
#5532 = CARTESIAN_POINT('',(0.527632401207,0.56,5.727380294143E-02));
#5533 = CARTESIAN_POINT('',(0.527452949855,0.56,6.217477506016E-02));
#5534 = CARTESIAN_POINT('',(0.527094891652,0.56,7.195365524453E-02));
#5535 = CARTESIAN_POINT('',(0.523894484221,0.56,8.640112740787E-02));
#5536 = CARTESIAN_POINT('',(0.518933160152,0.56,0.100523677635));
#5537 = CARTESIAN_POINT('',(0.511887466555,0.56,0.11403116156));
#5538 = CARTESIAN_POINT('',(0.503300715672,0.56,0.12666919966));
#5539 = CARTESIAN_POINT('',(0.493084983255,0.56,0.137976830564));
#5540 = CARTESIAN_POINT('',(0.481356342414,0.56,0.147696690997));
#5541 = CARTESIAN_POINT('',(0.468275777529,0.56,0.155817713803));
#5542 = CARTESIAN_POINT('',(0.45410406468,0.56,0.162309506022));
#5543 = CARTESIAN_POINT('',(0.43894650548,0.56,0.166815250307));
#5544 = CARTESIAN_POINT('',(0.423021500084,0.56,0.169749850274));
#5545 = CARTESIAN_POINT('',(0.412100770329,0.56,0.170064537163));
#5546 = CARTESIAN_POINT('',(0.406548667233,0.56,0.170224524095));
#5547 = ORIENTED_EDGE('',*,*,#5448,.T.);
#5548 = B_SPLINE_SURFACE_WITH_KNOTS('',3,1,(
    (#5549,#5550)
    ,(#5551,#5552)
    ,(#5553,#5554)
    ,(#5555,#5556)
    ,(#5557,#5558)
    ,(#5559,#5560)
    ,(#5561,#5562)
    ,(#5563,#5564)
    ,(#5565,#5566)
    ,(#5567,#5568)
    ,(#5569,#5570)
    ,(#5571,#5572)
    ,(#5573,#5574)
    ,(#5575,#5576)
    ,(#5577,#5578
    )),.UNSPECIFIED.,.F.,.F.,.F.,(4,1,1,1,1,1,1,1,1,1,1,1,4),(2,2),(0.,
    7.964825118023E-02,0.158921676418,0.239619494737,0.322609429819,
    0.406034636618,0.487602095492,0.569684626596,0.653036145009,
    0.737435717722,0.822477815856,0.909747655118,1.),(0.,1.),
  .UNSPECIFIED.);
#5549 = CARTESIAN_POINT('',(0.527632401207,0.56,5.727380294143E-02));
#5550 = CARTESIAN_POINT('',(0.527632401207,0.55,5.727380294143E-02));
#5551 = CARTESIAN_POINT('',(0.527452949855,0.56,6.217477506016E-02));
#5552 = CARTESIAN_POINT('',(0.527452949855,0.55,6.217477506016E-02));
#5553 = CARTESIAN_POINT('',(0.527094891652,0.56,7.195365524453E-02));
#5554 = CARTESIAN_POINT('',(0.527094891652,0.55,7.195365524453E-02));
#5555 = CARTESIAN_POINT('',(0.523894484221,0.56,8.640112740787E-02));
#5556 = CARTESIAN_POINT('',(0.523894484221,0.55,8.640112740787E-02));
#5557 = CARTESIAN_POINT('',(0.518933160152,0.56,0.100523677635));
#5558 = CARTESIAN_POINT('',(0.518933160152,0.55,0.100523677635));
#5559 = CARTESIAN_POINT('',(0.511887466555,0.56,0.11403116156));
#5560 = CARTESIAN_POINT('',(0.511887466555,0.55,0.11403116156));
#5561 = CARTESIAN_POINT('',(0.503300715672,0.56,0.12666919966));
#5562 = CARTESIAN_POINT('',(0.503300715672,0.55,0.12666919966));
#5563 = CARTESIAN_POINT('',(0.493084983255,0.56,0.137976830564));
#5564 = CARTESIAN_POINT('',(0.493084983255,0.55,0.137976830564));
#5565 = CARTESIAN_POINT('',(0.481356342414,0.56,0.147696690997));
#5566 = CARTESIAN_POINT('',(0.481356342414,0.55,0.147696690997));
#5567 = CARTESIAN_POINT('',(0.468275777529,0.56,0.155817713803));
#5568 = CARTESIAN_POINT('',(0.468275777529,0.55,0.155817713803));
#5569 = CARTESIAN_POINT('',(0.45410406468,0.56,0.162309506022));
#5570 = CARTESIAN_POINT('',(0.45410406468,0.55,0.162309506022));
#5571 = CARTESIAN_POINT('',(0.43894650548,0.56,0.166815250307));
#5572 = CARTESIAN_POINT('',(0.43894650548,0.55,0.166815250307));
#5573 = CARTESIAN_POINT('',(0.423021500084,0.56,0.169749850274));
#5574 = CARTESIAN_POINT('',(0.423021500084,0.55,0.169749850274));
#5575 = CARTESIAN_POINT('',(0.412100770329,0.56,0.170064537163));
#5576 = CARTESIAN_POINT('',(0.412100770329,0.55,0.170064537163));
#5577 = CARTESIAN_POINT('',(0.406548667233,0.56,0.170224524095));
#5578 = CARTESIAN_POINT('',(0.406548667233,0.55,0.170224524095));
#5579 = ADVANCED_FACE('',(#5580),#5606,.T.);
#5580 = FACE_BOUND('',#5581,.T.);
#5581 = EDGE_LOOP('',(#5582,#5583,#5591,#5605));
#5582 = ORIENTED_EDGE('',*,*,#1638,.F.);
#5583 = ORIENTED_EDGE('',*,*,#5584,.F.);
#5584 = EDGE_CURVE('',#5585,#1627,#5587,.T.);
#5585 = VERTEX_POINT('',#5586);
#5586 = CARTESIAN_POINT('',(0.50673897172,0.56,-4.915700263697E-03));
#5587 = LINE('',#5588,#5589);
#5588 = CARTESIAN_POINT('',(0.50673897172,0.56,-4.915700263697E-03));
#5589 = VECTOR('',#5590,1.);
#5590 = DIRECTION('',(-3.761581922631E-31,-1.,-9.429630734102E-47));
#5591 = ORIENTED_EDGE('',*,*,#5592,.T.);
#5592 = EDGE_CURVE('',#5585,#5523,#5593,.T.);
#5593 = B_SPLINE_CURVE_WITH_KNOTS('',3,(#5594,#5595,#5596,#5597,#5598,
    #5599,#5600,#5601,#5602,#5603,#5604),.UNSPECIFIED.,.F.,.F.,(4,1,1,1,
    1,1,1,1,4),(0.,0.128135509797,0.254172711902,0.378111645139,
    0.501712263007,0.623986309368,0.747095613618,0.87287463665,1.),
  .UNSPECIFIED.);
#5594 = CARTESIAN_POINT('',(0.50673897172,0.56,-4.915700263697E-03));
#5595 = CARTESIAN_POINT('',(0.508423105955,0.56,-2.609925102831E-03));
#5596 = CARTESIAN_POINT('',(0.511763795561,0.56,1.963866554147E-03));
#5597 = CARTESIAN_POINT('',(0.515887348937,0.56,9.317509142551E-03));
#5598 = CARTESIAN_POINT('',(0.519628260367,0.56,1.675265807076E-02));
#5599 = CARTESIAN_POINT('',(0.5225432823,0.56,2.446859867336E-02));
#5600 = CARTESIAN_POINT('',(0.524800668983,0.56,3.237590004318E-02));
#5601 = CARTESIAN_POINT('',(0.526414272207,0.56,4.048813964901E-02));
#5602 = CARTESIAN_POINT('',(0.527416686296,0.56,4.881194189145E-02));
#5603 = CARTESIAN_POINT('',(0.527560241497,0.56,5.444318991349E-02));
#5604 = CARTESIAN_POINT('',(0.527632401207,0.56,5.727380294143E-02));
#5605 = ORIENTED_EDGE('',*,*,#5522,.T.);
#5606 = B_SPLINE_SURFACE_WITH_KNOTS('',3,1,(
    (#5607,#5608)
    ,(#5609,#5610)
    ,(#5611,#5612)
    ,(#5613,#5614)
    ,(#5615,#5616)
    ,(#5617,#5618)
    ,(#5619,#5620)
    ,(#5621,#5622)
    ,(#5623,#5624)
    ,(#5625,#5626)
    ,(#5627,#5628
  )),.UNSPECIFIED.,.F.,.F.,.F.,(4,1,1,1,1,1,1,1,4),(2,2),(0.,
    0.128135509797,0.254172711902,0.378111645139,0.501712263007,
    0.623986309368,0.747095613618,0.87287463665,1.),(0.,1.),
  .UNSPECIFIED.);
#5607 = CARTESIAN_POINT('',(0.50673897172,0.56,-4.915700263697E-03));
#5608 = CARTESIAN_POINT('',(0.50673897172,0.55,-4.915700263697E-03));
#5609 = CARTESIAN_POINT('',(0.508423105955,0.56,-2.609925102831E-03));
#5610 = CARTESIAN_POINT('',(0.508423105955,0.55,-2.609925102831E-03));
#5611 = CARTESIAN_POINT('',(0.511763795561,0.56,1.963866554147E-03));
#5612 = CARTESIAN_POINT('',(0.511763795561,0.55,1.963866554147E-03));
#5613 = CARTESIAN_POINT('',(0.515887348937,0.56,9.317509142551E-03));
#5614 = CARTESIAN_POINT('',(0.515887348937,0.55,9.317509142551E-03));
#5615 = CARTESIAN_POINT('',(0.519628260367,0.56,1.675265807076E-02));
#5616 = CARTESIAN_POINT('',(0.519628260367,0.55,1.675265807076E-02));
#5617 = CARTESIAN_POINT('',(0.5225432823,0.56,2.446859867336E-02));
#5618 = CARTESIAN_POINT('',(0.5225432823,0.55,2.446859867336E-02));
#5619 = CARTESIAN_POINT('',(0.524800668983,0.56,3.237590004318E-02));
#5620 = CARTESIAN_POINT('',(0.524800668983,0.55,3.237590004318E-02));
#5621 = CARTESIAN_POINT('',(0.526414272207,0.56,4.048813964901E-02));
#5622 = CARTESIAN_POINT('',(0.526414272207,0.55,4.048813964901E-02));
#5623 = CARTESIAN_POINT('',(0.527416686296,0.56,4.881194189145E-02));
#5624 = CARTESIAN_POINT('',(0.527416686296,0.55,4.881194189145E-02));
#5625 = CARTESIAN_POINT('',(0.527560241497,0.56,5.444318991349E-02));
#5626 = CARTESIAN_POINT('',(0.527560241497,0.55,5.444318991349E-02));
#5627 = CARTESIAN_POINT('',(0.527632401207,0.56,5.727380294143E-02));
#5628 = CARTESIAN_POINT('',(0.527632401207,0.55,5.727380294143E-02));
#5629 = ADVANCED_FACE('',(#5630),#5652,.T.);
#5630 = FACE_BOUND('',#5631,.T.);
#5631 = EDGE_LOOP('',(#5632,#5633,#5641,#5651));
#5632 = ORIENTED_EDGE('',*,*,#1626,.F.);
#5633 = ORIENTED_EDGE('',*,*,#5634,.F.);
#5634 = EDGE_CURVE('',#5635,#1611,#5637,.T.);
#5635 = VERTEX_POINT('',#5636);
#5636 = CARTESIAN_POINT('',(0.468808282617,0.56,-3.478348872524E-02));
#5637 = LINE('',#5638,#5639);
#5638 = CARTESIAN_POINT('',(0.468808282617,0.56,-3.478348872524E-02));
#5639 = VECTOR('',#5640,1.);
#5640 = DIRECTION('',(-3.761581922631E-31,-1.,-9.429630734102E-47));
#5641 = ORIENTED_EDGE('',*,*,#5642,.T.);
#5642 = EDGE_CURVE('',#5635,#5585,#5643,.T.);
#5643 = B_SPLINE_CURVE_WITH_KNOTS('',3,(#5644,#5645,#5646,#5647,#5648,
    #5649,#5650),.UNSPECIFIED.,.F.,.F.,(4,1,1,1,4),(0.,0.253879600327,
    0.503008917278,0.75029108069,1.),.UNSPECIFIED.);
#5644 = CARTESIAN_POINT('',(0.468808282617,0.56,-3.478348872524E-02));
#5645 = CARTESIAN_POINT('',(0.472531458074,0.56,-3.298567157109E-02));
#5646 = CARTESIAN_POINT('',(0.479908145501,0.56,-2.942367581007E-02));
#5647 = CARTESIAN_POINT('',(0.489963198454,0.56,-2.243810005834E-02));
#5648 = CARTESIAN_POINT('',(0.49909098599,0.56,-1.437246532295E-02));
#5649 = CARTESIAN_POINT('',(0.504181357891,0.56,-8.078200031596E-03));
#5650 = CARTESIAN_POINT('',(0.50673897172,0.56,-4.915700263697E-03));
#5651 = ORIENTED_EDGE('',*,*,#5584,.T.);
#5652 = B_SPLINE_SURFACE_WITH_KNOTS('',3,1,(
    (#5653,#5654)
    ,(#5655,#5656)
    ,(#5657,#5658)
    ,(#5659,#5660)
    ,(#5661,#5662)
    ,(#5663,#5664)
    ,(#5665,#5666
    )),.UNSPECIFIED.,.F.,.F.,.F.,(4,1,1,1,4),(2,2),(0.,0.253879600327,
    0.503008917278,0.75029108069,1.),(0.,1.),.UNSPECIFIED.);
#5653 = CARTESIAN_POINT('',(0.468808282617,0.56,-3.478348872524E-02));
#5654 = CARTESIAN_POINT('',(0.468808282617,0.55,-3.478348872524E-02));
#5655 = CARTESIAN_POINT('',(0.472531458074,0.56,-3.298567157109E-02));
#5656 = CARTESIAN_POINT('',(0.472531458074,0.55,-3.298567157109E-02));
#5657 = CARTESIAN_POINT('',(0.479908145501,0.56,-2.942367581007E-02));
#5658 = CARTESIAN_POINT('',(0.479908145501,0.55,-2.942367581007E-02));
#5659 = CARTESIAN_POINT('',(0.489963198454,0.56,-2.243810005834E-02));
#5660 = CARTESIAN_POINT('',(0.489963198454,0.55,-2.243810005834E-02));
#5661 = CARTESIAN_POINT('',(0.49909098599,0.56,-1.437246532295E-02));
#5662 = CARTESIAN_POINT('',(0.49909098599,0.55,-1.437246532295E-02));
#5663 = CARTESIAN_POINT('',(0.504181357891,0.56,-8.078200031596E-03));
#5664 = CARTESIAN_POINT('',(0.504181357891,0.55,-8.078200031596E-03));
#5665 = CARTESIAN_POINT('',(0.50673897172,0.56,-4.915700263697E-03));
#5666 = CARTESIAN_POINT('',(0.50673897172,0.55,-4.915700263697E-03));
#5667 = ADVANCED_FACE('',(#5668),#5694,.T.);
#5668 = FACE_BOUND('',#5669,.T.);
#5669 = EDGE_LOOP('',(#5670,#5671,#5679,#5693));
#5670 = ORIENTED_EDGE('',*,*,#1610,.F.);
#5671 = ORIENTED_EDGE('',*,*,#5672,.F.);
#5672 = EDGE_CURVE('',#5673,#1591,#5675,.T.);
#5673 = VERTEX_POINT('',#5674);
#5674 = CARTESIAN_POINT('',(0.509683683258,0.56,-0.106788697059));
#5675 = LINE('',#5676,#5677);
#5676 = CARTESIAN_POINT('',(0.509683683258,0.56,-0.106788697059));
#5677 = VECTOR('',#5678,1.);
#5678 = DIRECTION('',(-3.761581922631E-31,-1.,-9.429630734102E-47));
#5679 = ORIENTED_EDGE('',*,*,#5680,.T.);
#5680 = EDGE_CURVE('',#5673,#5635,#5681,.T.);
#5681 = B_SPLINE_CURVE_WITH_KNOTS('',3,(#5682,#5683,#5684,#5685,#5686,
    #5687,#5688,#5689,#5690,#5691,#5692),.UNSPECIFIED.,.F.,.F.,(4,1,1,1,
    1,1,1,1,4),(0.,0.128067548596,0.250608318868,0.370630165915,
    0.49007224673,0.610374764155,0.734313069912,0.863216504245,1.),
  .UNSPECIFIED.);
#5682 = CARTESIAN_POINT('',(0.509683683258,0.56,-0.106788697059));
#5683 = CARTESIAN_POINT('',(0.509567324153,0.56,-0.103088017588));
#5684 = CARTESIAN_POINT('',(0.509339627442,0.56,-9.58463621417E-02));
#5685 = CARTESIAN_POINT('',(0.507406256886,0.56,-8.527421242788E-02));
#5686 = CARTESIAN_POINT('',(0.504152630598,0.56,-7.531005239966E-02));
#5687 = CARTESIAN_POINT('',(0.499645654341,0.56,-6.591193618731E-02));
#5688 = CARTESIAN_POINT('',(0.493811499317,0.56,-5.7139452205E-02));
#5689 = CARTESIAN_POINT('',(0.486744229628,0.56,-4.897286311895E-02));
#5690 = CARTESIAN_POINT('',(0.47839396345,0.56,-4.137594730613E-02));
#5691 = CARTESIAN_POINT('',(0.472066069648,0.56,-3.702400000858E-02));
#5692 = CARTESIAN_POINT('',(0.468808282617,0.56,-3.478348872524E-02));
#5693 = ORIENTED_EDGE('',*,*,#5634,.T.);
#5694 = B_SPLINE_SURFACE_WITH_KNOTS('',3,1,(
    (#5695,#5696)
    ,(#5697,#5698)
    ,(#5699,#5700)
    ,(#5701,#5702)
    ,(#5703,#5704)
    ,(#5705,#5706)
    ,(#5707,#5708)
    ,(#5709,#5710)
    ,(#5711,#5712)
    ,(#5713,#5714)
    ,(#5715,#5716
  )),.UNSPECIFIED.,.F.,.F.,.F.,(4,1,1,1,1,1,1,1,4),(2,2),(0.,
    0.128067548596,0.250608318868,0.370630165915,0.49007224673,
    0.610374764155,0.734313069912,0.863216504245,1.),(0.,1.),
  .UNSPECIFIED.);
#5695 = CARTESIAN_POINT('',(0.509683683258,0.56,-0.106788697059));
#5696 = CARTESIAN_POINT('',(0.509683683258,0.55,-0.106788697059));
#5697 = CARTESIAN_POINT('',(0.509567324153,0.56,-0.103088017588));
#5698 = CARTESIAN_POINT('',(0.509567324153,0.55,-0.103088017588));
#5699 = CARTESIAN_POINT('',(0.509339627442,0.56,-9.58463621417E-02));
#5700 = CARTESIAN_POINT('',(0.509339627442,0.55,-9.58463621417E-02));
#5701 = CARTESIAN_POINT('',(0.507406256886,0.56,-8.527421242788E-02));
#5702 = CARTESIAN_POINT('',(0.507406256886,0.55,-8.527421242788E-02));
#5703 = CARTESIAN_POINT('',(0.504152630598,0.56,-7.531005239966E-02));
#5704 = CARTESIAN_POINT('',(0.504152630598,0.55,-7.531005239966E-02));
#5705 = CARTESIAN_POINT('',(0.499645654341,0.56,-6.591193618731E-02));
#5706 = CARTESIAN_POINT('',(0.499645654341,0.55,-6.591193618731E-02));
#5707 = CARTESIAN_POINT('',(0.493811499317,0.56,-5.7139452205E-02));
#5708 = CARTESIAN_POINT('',(0.493811499317,0.55,-5.7139452205E-02));
#5709 = CARTESIAN_POINT('',(0.486744229628,0.56,-4.897286311895E-02));
#5710 = CARTESIAN_POINT('',(0.486744229628,0.55,-4.897286311895E-02));
#5711 = CARTESIAN_POINT('',(0.47839396345,0.56,-4.137594730613E-02));
#5712 = CARTESIAN_POINT('',(0.47839396345,0.55,-4.137594730613E-02));
#5713 = CARTESIAN_POINT('',(0.472066069648,0.56,-3.702400000858E-02));
#5714 = CARTESIAN_POINT('',(0.472066069648,0.55,-3.702400000858E-02));
#5715 = CARTESIAN_POINT('',(0.468808282617,0.56,-3.478348872524E-02));
#5716 = CARTESIAN_POINT('',(0.468808282617,0.55,-3.478348872524E-02));
#5717 = ADVANCED_FACE('',(#5718),#5748,.T.);
#5718 = FACE_BOUND('',#5719,.T.);
#5719 = EDGE_LOOP('',(#5720,#5721,#5729,#5747));
#5720 = ORIENTED_EDGE('',*,*,#1590,.F.);
#5721 = ORIENTED_EDGE('',*,*,#5722,.F.);
#5722 = EDGE_CURVE('',#5723,#1567,#5725,.T.);
#5723 = VERTEX_POINT('',#5724);
#5724 = CARTESIAN_POINT('',(0.407460125566,0.56,-0.197724193853));
#5725 = LINE('',#5726,#5727);
#5726 = CARTESIAN_POINT('',(0.407460125566,0.56,-0.197724193853));
#5727 = VECTOR('',#5728,1.);
#5728 = DIRECTION('',(-3.761581922631E-31,-1.,-9.429630734102E-47));
#5729 = ORIENTED_EDGE('',*,*,#5730,.T.);
#5730 = EDGE_CURVE('',#5723,#5673,#5731,.T.);
#5731 = B_SPLINE_CURVE_WITH_KNOTS('',3,(#5732,#5733,#5734,#5735,#5736,
    #5737,#5738,#5739,#5740,#5741,#5742,#5743,#5744,#5745,#5746),
  .UNSPECIFIED.,.F.,.F.,(4,1,1,1,1,1,1,1,1,1,1,1,4),(0.,
    9.025424934268E-02,0.178539791529,0.266093033854,0.354630977957,
    0.441886153351,0.525746915164,0.608113633604,0.690197272828,
    0.77082148433,0.848326181255,0.924011740025,1.),.UNSPECIFIED.);
#5732 = CARTESIAN_POINT('',(0.407460125566,0.56,-0.197724193853));
#5733 = CARTESIAN_POINT('',(0.412028399773,0.56,-0.197586270829));
#5734 = CARTESIAN_POINT('',(0.421065300868,0.56,-0.197313433281));
#5735 = CARTESIAN_POINT('',(0.434341605563,0.56,-0.194821989634));
#5736 = CARTESIAN_POINT('',(0.447144287473,0.56,-0.190879476398));
#5737 = CARTESIAN_POINT('',(0.459333212255,0.56,-0.185432103684));
#5738 = CARTESIAN_POINT('',(0.470655055514,0.56,-0.178713372368));
#5739 = CARTESIAN_POINT('',(0.480728674189,0.56,-0.170716898679));
#5740 = CARTESIAN_POINT('',(0.489417525269,0.56,-0.16159696853));
#5741 = CARTESIAN_POINT('',(0.496706963035,0.56,-0.151523712098));
#5742 = CARTESIAN_POINT('',(0.502414462941,0.56,-0.140758161159));
#5743 = CARTESIAN_POINT('',(0.506623100289,0.56,-0.129678145445));
#5744 = CARTESIAN_POINT('',(0.509185268389,0.56,-0.118309948306));
#5745 = CARTESIAN_POINT('',(0.50951732407,0.56,-0.110634220388));
#5746 = CARTESIAN_POINT('',(0.509683683258,0.56,-0.106788697059));
#5747 = ORIENTED_EDGE('',*,*,#5672,.T.);
#5748 = B_SPLINE_SURFACE_WITH_KNOTS('',3,1,(
    (#5749,#5750)
    ,(#5751,#5752)
    ,(#5753,#5754)
    ,(#5755,#5756)
    ,(#5757,#5758)
    ,(#5759,#5760)
    ,(#5761,#5762)
    ,(#5763,#5764)
    ,(#5765,#5766)
    ,(#5767,#5768)
    ,(#5769,#5770)
    ,(#5771,#5772)
    ,(#5773,#5774)
    ,(#5775,#5776)
    ,(#5777,#5778
    )),.UNSPECIFIED.,.F.,.F.,.F.,(4,1,1,1,1,1,1,1,1,1,1,1,4),(2,2),(0.,
    9.025424934268E-02,0.178539791529,0.266093033854,0.354630977957,
    0.441886153351,0.525746915164,0.608113633604,0.690197272828,
    0.77082148433,0.848326181255,0.924011740025,1.),(0.,1.),
  .UNSPECIFIED.);
#5749 = CARTESIAN_POINT('',(0.407460125566,0.56,-0.197724193853));
#5750 = CARTESIAN_POINT('',(0.407460125566,0.55,-0.197724193853));
#5751 = CARTESIAN_POINT('',(0.412028399773,0.56,-0.197586270829));
#5752 = CARTESIAN_POINT('',(0.412028399773,0.55,-0.197586270829));
#5753 = CARTESIAN_POINT('',(0.421065300868,0.56,-0.197313433281));
#5754 = CARTESIAN_POINT('',(0.421065300868,0.55,-0.197313433281));
#5755 = CARTESIAN_POINT('',(0.434341605563,0.56,-0.194821989634));
#5756 = CARTESIAN_POINT('',(0.434341605563,0.55,-0.194821989634));
#5757 = CARTESIAN_POINT('',(0.447144287473,0.56,-0.190879476398));
#5758 = CARTESIAN_POINT('',(0.447144287473,0.55,-0.190879476398));
#5759 = CARTESIAN_POINT('',(0.459333212255,0.56,-0.185432103684));
#5760 = CARTESIAN_POINT('',(0.459333212255,0.55,-0.185432103684));
#5761 = CARTESIAN_POINT('',(0.470655055514,0.56,-0.178713372368));
#5762 = CARTESIAN_POINT('',(0.470655055514,0.55,-0.178713372368));
#5763 = CARTESIAN_POINT('',(0.480728674189,0.56,-0.170716898679));
#5764 = CARTESIAN_POINT('',(0.480728674189,0.55,-0.170716898679));
#5765 = CARTESIAN_POINT('',(0.489417525269,0.56,-0.16159696853));
#5766 = CARTESIAN_POINT('',(0.489417525269,0.55,-0.16159696853));
#5767 = CARTESIAN_POINT('',(0.496706963035,0.56,-0.151523712098));
#5768 = CARTESIAN_POINT('',(0.496706963035,0.55,-0.151523712098));
#5769 = CARTESIAN_POINT('',(0.502414462941,0.56,-0.140758161159));
#5770 = CARTESIAN_POINT('',(0.502414462941,0.55,-0.140758161159));
#5771 = CARTESIAN_POINT('',(0.506623100289,0.56,-0.129678145445));
#5772 = CARTESIAN_POINT('',(0.506623100289,0.55,-0.129678145445));
#5773 = CARTESIAN_POINT('',(0.509185268389,0.56,-0.118309948306));
#5774 = CARTESIAN_POINT('',(0.509185268389,0.55,-0.118309948306));
#5775 = CARTESIAN_POINT('',(0.50951732407,0.56,-0.110634220388));
#5776 = CARTESIAN_POINT('',(0.50951732407,0.55,-0.110634220388));
#5777 = CARTESIAN_POINT('',(0.509683683258,0.56,-0.106788697059));
#5778 = CARTESIAN_POINT('',(0.509683683258,0.55,-0.106788697059));
#5779 = ADVANCED_FACE('',(#5780),#5814,.T.);
#5780 = FACE_BOUND('',#5781,.T.);
#5781 = EDGE_LOOP('',(#5782,#5783,#5791,#5813));
#5782 = ORIENTED_EDGE('',*,*,#1566,.F.);
#5783 = ORIENTED_EDGE('',*,*,#5784,.F.);
#5784 = EDGE_CURVE('',#5785,#1559,#5787,.T.);
#5785 = VERTEX_POINT('',#5786);
#5786 = CARTESIAN_POINT('',(0.303273426848,0.56,-0.10798060411));
#5787 = LINE('',#5788,#5789);
#5788 = CARTESIAN_POINT('',(0.303273426848,0.56,-0.10798060411));
#5789 = VECTOR('',#5790,1.);
#5790 = DIRECTION('',(-3.761581922631E-31,-1.,-9.429630734102E-47));
#5791 = ORIENTED_EDGE('',*,*,#5792,.T.);
#5792 = EDGE_CURVE('',#5785,#5723,#5793,.T.);
#5793 = B_SPLINE_CURVE_WITH_KNOTS('',3,(#5794,#5795,#5796,#5797,#5798,
    #5799,#5800,#5801,#5802,#5803,#5804,#5805,#5806,#5807,#5808,#5809,
    #5810,#5811,#5812),.UNSPECIFIED.,.F.,.F.,(4,1,1,1,1,1,1,1,1,1,1,1,1,
    1,1,1,4),(0.,7.262534608344E-02,0.141976611326,0.208984928419,
    0.273956870364,0.336889347397,0.398744953495,0.460115885279,
    0.52082492259,0.580994458632,0.640151927601,0.698622450756,
    0.757271080927,0.816426694005,0.876254048203,0.937165293063,1.),
  .UNSPECIFIED.);
#5794 = CARTESIAN_POINT('',(0.303273426848,0.56,-0.10798060411));
#5795 = CARTESIAN_POINT('',(0.304124381916,0.56,-0.111503852507));
#5796 = CARTESIAN_POINT('',(0.305787929472,0.56,-0.118391514946));
#5797 = CARTESIAN_POINT('',(0.309257686819,0.56,-0.128232241031));
#5798 = CARTESIAN_POINT('',(0.313037612338,0.56,-0.13754459317));
#5799 = CARTESIAN_POINT('',(0.317576522795,0.56,-0.14615420054));
#5800 = CARTESIAN_POINT('',(0.322527398217,0.56,-0.154234090813));
#5801 = CARTESIAN_POINT('',(0.328199670371,0.56,-0.16160100326));
#5802 = CARTESIAN_POINT('',(0.334331642627,0.56,-0.168442299807));
#5803 = CARTESIAN_POINT('',(0.341114137557,0.56,-0.174513623562));
#5804 = CARTESIAN_POINT('',(0.348227003722,0.56,-0.180011396483));
#5805 = CARTESIAN_POINT('',(0.355770465697,0.56,-0.184698902217));
#5806 = CARTESIAN_POINT('',(0.363592755064,0.56,-0.188731317504));
#5807 = CARTESIAN_POINT('',(0.371748068359,0.56,-0.192053340691));
#5808 = CARTESIAN_POINT('',(0.380260685528,0.56,-0.194555893058));
#5809 = CARTESIAN_POINT('',(0.38905364786,0.56,-0.196371573617));
#5810 = CARTESIAN_POINT('',(0.398149997871,0.56,-0.197550685038));
#5811 = CARTESIAN_POINT('',(0.404324756931,0.56,-0.197665761347));
#5812 = CARTESIAN_POINT('',(0.407460125566,0.56,-0.197724193853));
#5813 = ORIENTED_EDGE('',*,*,#5722,.T.);
#5814 = B_SPLINE_SURFACE_WITH_KNOTS('',3,1,(
    (#5815,#5816)
    ,(#5817,#5818)
    ,(#5819,#5820)
    ,(#5821,#5822)
    ,(#5823,#5824)
    ,(#5825,#5826)
    ,(#5827,#5828)
    ,(#5829,#5830)
    ,(#5831,#5832)
    ,(#5833,#5834)
    ,(#5835,#5836)
    ,(#5837,#5838)
    ,(#5839,#5840)
    ,(#5841,#5842)
    ,(#5843,#5844)
    ,(#5845,#5846)
    ,(#5847,#5848)
    ,(#5849,#5850)
    ,(#5851,#5852
    )),.UNSPECIFIED.,.F.,.F.,.F.,(4,1,1,1,1,1,1,1,1,1,1,1,1,1,1,1,4),(2,
    2),(0.,7.262534608344E-02,0.141976611326,0.208984928419,
    0.273956870364,0.336889347397,0.398744953495,0.460115885279,
    0.52082492259,0.580994458632,0.640151927601,0.698622450756,
    0.757271080927,0.816426694005,0.876254048203,0.937165293063,1.),(0.,
    1.),.UNSPECIFIED.);
#5815 = CARTESIAN_POINT('',(0.303273426848,0.56,-0.10798060411));
#5816 = CARTESIAN_POINT('',(0.303273426848,0.55,-0.10798060411));
#5817 = CARTESIAN_POINT('',(0.304124381916,0.56,-0.111503852507));
#5818 = CARTESIAN_POINT('',(0.304124381916,0.55,-0.111503852507));
#5819 = CARTESIAN_POINT('',(0.305787929472,0.56,-0.118391514946));
#5820 = CARTESIAN_POINT('',(0.305787929472,0.55,-0.118391514946));
#5821 = CARTESIAN_POINT('',(0.309257686819,0.56,-0.128232241031));
#5822 = CARTESIAN_POINT('',(0.309257686819,0.55,-0.128232241031));
#5823 = CARTESIAN_POINT('',(0.313037612338,0.56,-0.13754459317));
#5824 = CARTESIAN_POINT('',(0.313037612338,0.55,-0.13754459317));
#5825 = CARTESIAN_POINT('',(0.317576522795,0.56,-0.14615420054));
#5826 = CARTESIAN_POINT('',(0.317576522795,0.55,-0.14615420054));
#5827 = CARTESIAN_POINT('',(0.322527398217,0.56,-0.154234090813));
#5828 = CARTESIAN_POINT('',(0.322527398217,0.55,-0.154234090813));
#5829 = CARTESIAN_POINT('',(0.328199670371,0.56,-0.16160100326));
#5830 = CARTESIAN_POINT('',(0.328199670371,0.55,-0.16160100326));
#5831 = CARTESIAN_POINT('',(0.334331642627,0.56,-0.168442299807));
#5832 = CARTESIAN_POINT('',(0.334331642627,0.55,-0.168442299807));
#5833 = CARTESIAN_POINT('',(0.341114137557,0.56,-0.174513623562));
#5834 = CARTESIAN_POINT('',(0.341114137557,0.55,-0.174513623562));
#5835 = CARTESIAN_POINT('',(0.348227003722,0.56,-0.180011396483));
#5836 = CARTESIAN_POINT('',(0.348227003722,0.55,-0.180011396483));
#5837 = CARTESIAN_POINT('',(0.355770465697,0.56,-0.184698902217));
#5838 = CARTESIAN_POINT('',(0.355770465697,0.55,-0.184698902217));
#5839 = CARTESIAN_POINT('',(0.363592755064,0.56,-0.188731317504));
#5840 = CARTESIAN_POINT('',(0.363592755064,0.55,-0.188731317504));
#5841 = CARTESIAN_POINT('',(0.371748068359,0.56,-0.192053340691));
#5842 = CARTESIAN_POINT('',(0.371748068359,0.55,-0.192053340691));
#5843 = CARTESIAN_POINT('',(0.380260685528,0.56,-0.194555893058));
#5844 = CARTESIAN_POINT('',(0.380260685528,0.55,-0.194555893058));
#5845 = CARTESIAN_POINT('',(0.38905364786,0.56,-0.196371573617));
#5846 = CARTESIAN_POINT('',(0.38905364786,0.55,-0.196371573617));
#5847 = CARTESIAN_POINT('',(0.398149997871,0.56,-0.197550685038));
#5848 = CARTESIAN_POINT('',(0.398149997871,0.55,-0.197550685038));
#5849 = CARTESIAN_POINT('',(0.404324756931,0.56,-0.197665761347));
#5850 = CARTESIAN_POINT('',(0.404324756931,0.55,-0.197665761347));
#5851 = CARTESIAN_POINT('',(0.407460125566,0.56,-0.197724193853));
#5852 = CARTESIAN_POINT('',(0.407460125566,0.55,-0.197724193853));
#5853 = ADVANCED_FACE('',(#5854),#5865,.T.);
#5854 = FACE_BOUND('',#5855,.T.);
#5855 = EDGE_LOOP('',(#5856,#5857,#5858,#5864));
#5856 = ORIENTED_EDGE('',*,*,#1558,.F.);
#5857 = ORIENTED_EDGE('',*,*,#4975,.F.);
#5858 = ORIENTED_EDGE('',*,*,#5859,.T.);
#5859 = EDGE_CURVE('',#4956,#5785,#5860,.T.);
#5860 = LINE('',#5861,#5862);
#5861 = CARTESIAN_POINT('',(0.334683683258,0.56,-0.10798060411));
#5862 = VECTOR('',#5863,1.);
#5863 = DIRECTION('',(-1.,0.,0.));
#5864 = ORIENTED_EDGE('',*,*,#5784,.T.);
#5865 = PLANE('',#5866);
#5866 = AXIS2_PLACEMENT_3D('',#5867,#5868,#5869);
#5867 = CARTESIAN_POINT('',(0.334683683258,0.56,-0.10798060411));
#5868 = DIRECTION('',(0.,-9.429630734102E-47,1.));
#5869 = DIRECTION('',(0.,-1.,-9.429630734102E-47));
#5870 = ADVANCED_FACE('',(#5871),#5890,.F.);
#5871 = FACE_BOUND('',#5872,.T.);
#5872 = EDGE_LOOP('',(#5873,#5874,#5875,#5876,#5877,#5878,#5879,#5880,
    #5881,#5882,#5883,#5884,#5885,#5886,#5887,#5888,#5889));
#5873 = ORIENTED_EDGE('',*,*,#4955,.F.);
#5874 = ORIENTED_EDGE('',*,*,#5024,.F.);
#5875 = ORIENTED_EDGE('',*,*,#5098,.F.);
#5876 = ORIENTED_EDGE('',*,*,#5160,.F.);
#5877 = ORIENTED_EDGE('',*,*,#5184,.F.);
#5878 = ORIENTED_EDGE('',*,*,#5258,.F.);
#5879 = ORIENTED_EDGE('',*,*,#5332,.F.);
#5880 = ORIENTED_EDGE('',*,*,#5382,.F.);
#5881 = ORIENTED_EDGE('',*,*,#5432,.F.);
#5882 = ORIENTED_EDGE('',*,*,#5456,.F.);
#5883 = ORIENTED_EDGE('',*,*,#5530,.F.);
#5884 = ORIENTED_EDGE('',*,*,#5592,.F.);
#5885 = ORIENTED_EDGE('',*,*,#5642,.F.);
#5886 = ORIENTED_EDGE('',*,*,#5680,.F.);
#5887 = ORIENTED_EDGE('',*,*,#5730,.F.);
#5888 = ORIENTED_EDGE('',*,*,#5792,.F.);
#5889 = ORIENTED_EDGE('',*,*,#5859,.F.);
#5890 = PLANE('',#5891);
#5891 = AXIS2_PLACEMENT_3D('',#5892,#5893,#5894);
#5892 = CARTESIAN_POINT('',(0.362269751406,0.56,-0.14746731004));
#5893 = DIRECTION('',(-1.903592735075E-15,-1.,-5.452308279347E-14));
#5894 = DIRECTION('',(0.,5.452308279347E-14,-1.));
#5895 = ( GEOMETRIC_REPRESENTATION_CONTEXT(3) 
GLOBAL_UNCERTAINTY_ASSIGNED_CONTEXT((#5899)) 
GLOBAL_UNIT_ASSIGNED_CONTEXT((#5896,#5897,#5898)) REPRESENTATION_CONTEXT
('Context #1','3D Context with UNIT and UNCERTAINTY') );
#5896 = ( LENGTH_UNIT() NAMED_UNIT(*) SI_UNIT(.MILLI.,.METRE.) );
#5897 = ( NAMED_UNIT(*) PLANE_ANGLE_UNIT() SI_UNIT($,.RADIAN.) );
#5898 = ( NAMED_UNIT(*) SI_UNIT($,.STERADIAN.) SOLID_ANGLE_UNIT() );
#5899 = UNCERTAINTY_MEASURE_WITH_UNIT(LENGTH_MEASURE(1.E-07),#5896,
  'distance_accuracy_value','confusion accuracy');
#5900 = SHAPE_DEFINITION_REPRESENTATION(#5901,#527);
#5901 = PRODUCT_DEFINITION_SHAPE('','',#5902);
#5902 = PRODUCT_DEFINITION('design','',#5903,#5906);
#5903 = PRODUCT_DEFINITION_FORMATION('','',#5904);
#5904 = PRODUCT('User Library-RES_1609-0603',
  'User Library-RES_1609-0603','',(#5905));
#5905 = PRODUCT_CONTEXT('',#2,'mechanical');
#5906 = PRODUCT_DEFINITION_CONTEXT('part definition',#2,'design');
#5907 = CONTEXT_DEPENDENT_SHAPE_REPRESENTATION(#5908,#5910);
#5908 = ( REPRESENTATION_RELATIONSHIP('','',#527,#517) 
REPRESENTATION_RELATIONSHIP_WITH_TRANSFORMATION(#5909) 
SHAPE_REPRESENTATION_RELATIONSHIP() );
#5909 = ITEM_DEFINED_TRANSFORMATION('','',#11,#518);
#5910 = PRODUCT_DEFINITION_SHAPE('Placement','Placement of an item',
  #5911);
#5911 = NEXT_ASSEMBLY_USAGE_OCCURRENCE('162','','',#512,#5902,$);
#5912 = PRODUCT_RELATED_PRODUCT_CATEGORY('part',$,(#5904));
#5913 = CONTEXT_DEPENDENT_SHAPE_REPRESENTATION(#5914,#5916);
#5914 = ( REPRESENTATION_RELATIONSHIP('','',#517,#10) 
REPRESENTATION_RELATIONSHIP_WITH_TRANSFORMATION(#5915) 
SHAPE_REPRESENTATION_RELATIONSHIP() );
#5915 = ITEM_DEFINED_TRANSFORMATION('','',#11,#19);
#5916 = PRODUCT_DEFINITION_SHAPE('Placement','Placement of an item',
  #5917);
#5917 = NEXT_ASSEMBLY_USAGE_OCCURRENCE('163','','',#5,#512,$);
#5918 = PRODUCT_RELATED_PRODUCT_CATEGORY('part',$,(#514));
#5919 = SHAPE_DEFINITION_REPRESENTATION(#5920,#5926);
#5920 = PRODUCT_DEFINITION_SHAPE('','',#5921);
#5921 = PRODUCT_DEFINITION('design','',#5922,#5925);
#5922 = PRODUCT_DEFINITION_FORMATION('','',#5923);
#5923 = PRODUCT('R1','R1','',(#5924));
#5924 = PRODUCT_CONTEXT('',#2,'mechanical');
#5925 = PRODUCT_DEFINITION_CONTEXT('part definition',#2,'design');
#5926 = SHAPE_REPRESENTATION('',(#11,#5927),#5931);
#5927 = AXIS2_PLACEMENT_3D('',#5928,#5929,#5930);
#5928 = CARTESIAN_POINT('',(6.50008616334,-1.000048491064,
    -0.411479830742));
#5929 = DIRECTION('',(-0.,1.,1.311342202845E-07));
#5930 = DIRECTION('',(1.,0.,0.));
#5931 = ( GEOMETRIC_REPRESENTATION_CONTEXT(3) 
GLOBAL_UNCERTAINTY_ASSIGNED_CONTEXT((#5935)) 
GLOBAL_UNIT_ASSIGNED_CONTEXT((#5932,#5933,#5934)) REPRESENTATION_CONTEXT
('Context #1','3D Context with UNIT and UNCERTAINTY') );
#5932 = ( LENGTH_UNIT() NAMED_UNIT(*) SI_UNIT(.MILLI.,.METRE.) );
#5933 = ( NAMED_UNIT(*) PLANE_ANGLE_UNIT() SI_UNIT($,.RADIAN.) );
#5934 = ( NAMED_UNIT(*) SI_UNIT($,.STERADIAN.) SOLID_ANGLE_UNIT() );
#5935 = UNCERTAINTY_MEASURE_WITH_UNIT(LENGTH_MEASURE(1.E-07),#5932,
  'distance_accuracy_value','confusion accuracy');
#5936 = CONTEXT_DEPENDENT_SHAPE_REPRESENTATION(#5937,#5939);
#5937 = ( REPRESENTATION_RELATIONSHIP('','',#527,#5926) 
REPRESENTATION_RELATIONSHIP_WITH_TRANSFORMATION(#5938) 
SHAPE_REPRESENTATION_RELATIONSHIP() );
#5938 = ITEM_DEFINED_TRANSFORMATION('','',#11,#5927);
#5939 = PRODUCT_DEFINITION_SHAPE('Placement','Placement of an item',
  #5940);
#5940 = NEXT_ASSEMBLY_USAGE_OCCURRENCE('164','','',#5921,#5902,$);
#5941 = CONTEXT_DEPENDENT_SHAPE_REPRESENTATION(#5942,#5944);
#5942 = ( REPRESENTATION_RELATIONSHIP('','',#5926,#10) 
REPRESENTATION_RELATIONSHIP_WITH_TRANSFORMATION(#5943) 
SHAPE_REPRESENTATION_RELATIONSHIP() );
#5943 = ITEM_DEFINED_TRANSFORMATION('','',#11,#23);
#5944 = PRODUCT_DEFINITION_SHAPE('Placement','Placement of an item',
  #5945);
#5945 = NEXT_ASSEMBLY_USAGE_OCCURRENCE('165','','',#5,#5921,$);
#5946 = PRODUCT_RELATED_PRODUCT_CATEGORY('part',$,(#5923));
#5947 = SHAPE_DEFINITION_REPRESENTATION(#5948,#5954);
#5948 = PRODUCT_DEFINITION_SHAPE('','',#5949);
#5949 = PRODUCT_DEFINITION('design','',#5950,#5953);
#5950 = PRODUCT_DEFINITION_FORMATION('','',#5951);
#5951 = PRODUCT('J1','J1','',(#5952));
#5952 = PRODUCT_CONTEXT('',#2,'mechanical');
#5953 = PRODUCT_DEFINITION_CONTEXT('part definition',#2,'design');
#5954 = SHAPE_REPRESENTATION('',(#11,#5955),#5959);
#5955 = AXIS2_PLACEMENT_3D('',#5956,#5957,#5958);
#5956 = CARTESIAN_POINT('',(-14.95000233763,-9.045273437636E-05,
    -0.411479830742));
#5957 = DIRECTION('',(-1.,1.192485597392E-08,2.821301100663E-07));
#5958 = DIRECTION('',(1.19248806385E-08,1.,8.742273394091E-08));
#5959 = ( GEOMETRIC_REPRESENTATION_CONTEXT(3) 
GLOBAL_UNCERTAINTY_ASSIGNED_CONTEXT((#5963)) 
GLOBAL_UNIT_ASSIGNED_CONTEXT((#5960,#5961,#5962)) REPRESENTATION_CONTEXT
('Context #1','3D Context with UNIT and UNCERTAINTY') );
#5960 = ( LENGTH_UNIT() NAMED_UNIT(*) SI_UNIT(.MILLI.,.METRE.) );
#5961 = ( NAMED_UNIT(*) PLANE_ANGLE_UNIT() SI_UNIT($,.RADIAN.) );
#5962 = ( NAMED_UNIT(*) SI_UNIT($,.STERADIAN.) SOLID_ANGLE_UNIT() );
#5963 = UNCERTAINTY_MEASURE_WITH_UNIT(LENGTH_MEASURE(1.E-07),#5960,
  'distance_accuracy_value','confusion accuracy');
#5964 = ADVANCED_BREP_SHAPE_REPRESENTATION('',(#11,#5965),#8581);
#5965 = MANIFOLD_SOLID_BREP('',#5966);
#5966 = CLOSED_SHELL('',(#5967,#6039,#6093,#6167,#6307,#6381,#6421,#6461
    ,#6517,#6573,#6627,#6740,#6846,#6905,#6995,#7047,#7087,#7104,#7178,
    #7232,#7306,#7323,#7340,#7352,#7364,#7381,#7398,#7410,#7422,#7434,
    #7451,#7468,#7480,#7502,#7519,#7536,#7548,#7560,#7577,#7594,#7611,
    #7628,#7640,#7652,#7664,#7676,#7688,#7719,#7743,#7767,#7784,#7824,
    #7855,#7879,#7903,#7920,#7960,#7982,#7999,#8016,#8028,#8050,#8067,
    #8084,#8096,#8127,#8151,#8175,#8192,#8232,#8263,#8287,#8311,#8328,
    #8368,#8390,#8407,#8424,#8436,#8458,#8475,#8492,#8504,#8528,#8552,
    #8569));
#5967 = ADVANCED_FACE('',(#5968),#6034,.F.);
#5968 = FACE_BOUND('',#5969,.T.);
#5969 = EDGE_LOOP('',(#5970,#5980,#5988,#5996,#6004,#6012,#6020,#6028));
#5970 = ORIENTED_EDGE('',*,*,#5971,.F.);
#5971 = EDGE_CURVE('',#5972,#5974,#5976,.T.);
#5972 = VERTEX_POINT('',#5973);
#5973 = CARTESIAN_POINT('',(-0.2,3.6,-1.75));
#5974 = VERTEX_POINT('',#5975);
#5975 = CARTESIAN_POINT('',(-0.2,1.2,-1.75));
#5976 = LINE('',#5977,#5978);
#5977 = CARTESIAN_POINT('',(-0.2,3.6,-1.75));
#5978 = VECTOR('',#5979,1.);
#5979 = DIRECTION('',(-0.,-1.,-1.807003620809E-16));
#5980 = ORIENTED_EDGE('',*,*,#5981,.F.);
#5981 = EDGE_CURVE('',#5982,#5972,#5984,.T.);
#5982 = VERTEX_POINT('',#5983);
#5983 = CARTESIAN_POINT('',(0.2,3.6,-1.75));
#5984 = LINE('',#5985,#5986);
#5985 = CARTESIAN_POINT('',(-0.2,3.6,-1.75));
#5986 = VECTOR('',#5987,1.);
#5987 = DIRECTION('',(-1.,-0.,-0.));
#5988 = ORIENTED_EDGE('',*,*,#5989,.T.);
#5989 = EDGE_CURVE('',#5982,#5990,#5992,.T.);
#5990 = VERTEX_POINT('',#5991);
#5991 = CARTESIAN_POINT('',(0.2,1.2,-1.75));
#5992 = LINE('',#5993,#5994);
#5993 = CARTESIAN_POINT('',(0.2,3.6,-1.75));
#5994 = VECTOR('',#5995,1.);
#5995 = DIRECTION('',(-0.,-1.,-1.807003620809E-16));
#5996 = ORIENTED_EDGE('',*,*,#5997,.F.);
#5997 = EDGE_CURVE('',#5998,#5990,#6000,.T.);
#5998 = VERTEX_POINT('',#5999);
#5999 = CARTESIAN_POINT('',(2.45,1.2,-1.75));
#6000 = LINE('',#6001,#6002);
#6001 = CARTESIAN_POINT('',(4.347366596101,1.2,-1.75));
#6002 = VECTOR('',#6003,1.);
#6003 = DIRECTION('',(-1.,0.,0.));
#6004 = ORIENTED_EDGE('',*,*,#6005,.T.);
#6005 = EDGE_CURVE('',#5998,#6006,#6008,.T.);
#6006 = VERTEX_POINT('',#6007);
#6007 = CARTESIAN_POINT('',(2.45,6.,-1.75));
#6008 = LINE('',#6009,#6010);
#6009 = CARTESIAN_POINT('',(2.45,1.8,-1.75));
#6010 = VECTOR('',#6011,1.);
#6011 = DIRECTION('',(-0.,1.,-0.));
#6012 = ORIENTED_EDGE('',*,*,#6013,.T.);
#6013 = EDGE_CURVE('',#6006,#6014,#6016,.T.);
#6014 = VERTEX_POINT('',#6015);
#6015 = CARTESIAN_POINT('',(-2.45,6.,-1.75));
#6016 = LINE('',#6017,#6018);
#6017 = CARTESIAN_POINT('',(-2.45,6.,-1.75));
#6018 = VECTOR('',#6019,1.);
#6019 = DIRECTION('',(-1.,-0.,-0.));
#6020 = ORIENTED_EDGE('',*,*,#6021,.F.);
#6021 = EDGE_CURVE('',#6022,#6014,#6024,.T.);
#6022 = VERTEX_POINT('',#6023);
#6023 = CARTESIAN_POINT('',(-2.45,1.2,-1.75));
#6024 = LINE('',#6025,#6026);
#6025 = CARTESIAN_POINT('',(-2.45,1.8,-1.75));
#6026 = VECTOR('',#6027,1.);
#6027 = DIRECTION('',(-0.,1.,-0.));
#6028 = ORIENTED_EDGE('',*,*,#6029,.F.);
#6029 = EDGE_CURVE('',#5974,#6022,#6030,.T.);
#6030 = LINE('',#6031,#6032);
#6031 = CARTESIAN_POINT('',(4.347366596101,1.2,-1.75));
#6032 = VECTOR('',#6033,1.);
#6033 = DIRECTION('',(-1.,0.,0.));
#6034 = PLANE('',#6035);
#6035 = AXIS2_PLACEMENT_3D('',#6036,#6037,#6038);
#6036 = CARTESIAN_POINT('',(-2.45,1.8,-1.75));
#6037 = DIRECTION('',(0.,0.,-1.));
#6038 = DIRECTION('',(-1.,0.,-0.));
#6039 = ADVANCED_FACE('',(#6040),#6088,.T.);
#6040 = FACE_BOUND('',#6041,.T.);
#6041 = EDGE_LOOP('',(#6042,#6052,#6058,#6059,#6067,#6075,#6081,#6082));
#6042 = ORIENTED_EDGE('',*,*,#6043,.F.);
#6043 = EDGE_CURVE('',#6044,#6046,#6048,.T.);
#6044 = VERTEX_POINT('',#6045);
#6045 = CARTESIAN_POINT('',(-0.2,1.2,-1.35));
#6046 = VERTEX_POINT('',#6047);
#6047 = CARTESIAN_POINT('',(0.2,1.2,-1.35));
#6048 = LINE('',#6049,#6050);
#6049 = CARTESIAN_POINT('',(-0.2,1.2,-1.35));
#6050 = VECTOR('',#6051,1.);
#6051 = DIRECTION('',(1.,0.,0.));
#6052 = ORIENTED_EDGE('',*,*,#6053,.F.);
#6053 = EDGE_CURVE('',#5974,#6044,#6054,.T.);
#6054 = LINE('',#6055,#6056);
#6055 = CARTESIAN_POINT('',(-0.2,1.2,-1.75));
#6056 = VECTOR('',#6057,1.);
#6057 = DIRECTION('',(0.,0.,1.));
#6058 = ORIENTED_EDGE('',*,*,#6029,.T.);
#6059 = ORIENTED_EDGE('',*,*,#6060,.F.);
#6060 = EDGE_CURVE('',#6061,#6022,#6063,.T.);
#6061 = VERTEX_POINT('',#6062);
#6062 = CARTESIAN_POINT('',(-2.45,1.2,-0.55));
#6063 = LINE('',#6064,#6065);
#6064 = CARTESIAN_POINT('',(-2.45,1.2,-1.75));
#6065 = VECTOR('',#6066,1.);
#6066 = DIRECTION('',(-0.,1.807003620809E-16,-1.));
#6067 = ORIENTED_EDGE('',*,*,#6068,.F.);
#6068 = EDGE_CURVE('',#6069,#6061,#6071,.T.);
#6069 = VERTEX_POINT('',#6070);
#6070 = CARTESIAN_POINT('',(2.45,1.2,-0.55));
#6071 = LINE('',#6072,#6073);
#6072 = CARTESIAN_POINT('',(4.347366596101,1.2,-0.55));
#6073 = VECTOR('',#6074,1.);
#6074 = DIRECTION('',(-1.,0.,0.));
#6075 = ORIENTED_EDGE('',*,*,#6076,.T.);
#6076 = EDGE_CURVE('',#6069,#5998,#6077,.T.);
#6077 = LINE('',#6078,#6079);
#6078 = CARTESIAN_POINT('',(2.45,1.2,-1.75));
#6079 = VECTOR('',#6080,1.);
#6080 = DIRECTION('',(-0.,1.807003620809E-16,-1.));
#6081 = ORIENTED_EDGE('',*,*,#5997,.T.);
#6082 = ORIENTED_EDGE('',*,*,#6083,.F.);
#6083 = EDGE_CURVE('',#6046,#5990,#6084,.T.);
#6084 = LINE('',#6085,#6086);
#6085 = CARTESIAN_POINT('',(0.2,1.2,-1.75));
#6086 = VECTOR('',#6087,1.);
#6087 = DIRECTION('',(-0.,-0.,-1.));
#6088 = PLANE('',#6089);
#6089 = AXIS2_PLACEMENT_3D('',#6090,#6091,#6092);
#6090 = CARTESIAN_POINT('',(4.347366596101,1.2,-1.75));
#6091 = DIRECTION('',(0.,1.,1.807003620809E-16));
#6092 = DIRECTION('',(0.,-1.807003620809E-16,1.));
#6093 = ADVANCED_FACE('',(#6094,#6128),#6162,.F.);
#6094 = FACE_BOUND('',#6095,.T.);
#6095 = EDGE_LOOP('',(#6096,#6106,#6114,#6122));
#6096 = ORIENTED_EDGE('',*,*,#6097,.T.);
#6097 = EDGE_CURVE('',#6098,#6100,#6102,.T.);
#6098 = VERTEX_POINT('',#6099);
#6099 = CARTESIAN_POINT('',(1.65,0.1,2.25));
#6100 = VERTEX_POINT('',#6101);
#6101 = CARTESIAN_POINT('',(0.35,0.1,2.25));
#6102 = LINE('',#6103,#6104);
#6103 = CARTESIAN_POINT('',(0.35,0.1,2.25));
#6104 = VECTOR('',#6105,1.);
#6105 = DIRECTION('',(-1.,-1.772253551178E-16,-0.));
#6106 = ORIENTED_EDGE('',*,*,#6107,.F.);
#6107 = EDGE_CURVE('',#6108,#6100,#6110,.T.);
#6108 = VERTEX_POINT('',#6109);
#6109 = CARTESIAN_POINT('',(0.35,0.1,-2.25));
#6110 = LINE('',#6111,#6112);
#6111 = CARTESIAN_POINT('',(0.35,0.1,-2.25));
#6112 = VECTOR('',#6113,1.);
#6113 = DIRECTION('',(-0.,-0.,1.));
#6114 = ORIENTED_EDGE('',*,*,#6115,.F.);
#6115 = EDGE_CURVE('',#6116,#6108,#6118,.T.);
#6116 = VERTEX_POINT('',#6117);
#6117 = CARTESIAN_POINT('',(1.65,0.1,-2.25));
#6118 = LINE('',#6119,#6120);
#6119 = CARTESIAN_POINT('',(0.35,0.1,-2.25));
#6120 = VECTOR('',#6121,1.);
#6121 = DIRECTION('',(-1.,-1.772253551178E-16,-0.));
#6122 = ORIENTED_EDGE('',*,*,#6123,.T.);
#6123 = EDGE_CURVE('',#6116,#6098,#6124,.T.);
#6124 = LINE('',#6125,#6126);
#6125 = CARTESIAN_POINT('',(1.65,0.1,-2.25));
#6126 = VECTOR('',#6127,1.);
#6127 = DIRECTION('',(-0.,-0.,1.));
#6128 = FACE_BOUND('',#6129,.T.);
#6129 = EDGE_LOOP('',(#6130,#6140,#6148,#6156));
#6130 = ORIENTED_EDGE('',*,*,#6131,.F.);
#6131 = EDGE_CURVE('',#6132,#6134,#6136,.T.);
#6132 = VERTEX_POINT('',#6133);
#6133 = CARTESIAN_POINT('',(1.25,0.1,0.3));
#6134 = VERTEX_POINT('',#6135);
#6135 = CARTESIAN_POINT('',(1.25,0.1,0.8));
#6136 = LINE('',#6137,#6138);
#6137 = CARTESIAN_POINT('',(1.25,0.1,0.8));
#6138 = VECTOR('',#6139,1.);
#6139 = DIRECTION('',(-0.,-0.,1.));
#6140 = ORIENTED_EDGE('',*,*,#6141,.F.);
#6141 = EDGE_CURVE('',#6142,#6132,#6144,.T.);
#6142 = VERTEX_POINT('',#6143);
#6143 = CARTESIAN_POINT('',(0.75,0.1,0.3));
#6144 = LINE('',#6145,#6146);
#6145 = CARTESIAN_POINT('',(0.75,0.1,0.3));
#6146 = VECTOR('',#6147,1.);
#6147 = DIRECTION('',(1.,0.,0.));
#6148 = ORIENTED_EDGE('',*,*,#6149,.F.);
#6149 = EDGE_CURVE('',#6150,#6142,#6152,.T.);
#6150 = VERTEX_POINT('',#6151);
#6151 = CARTESIAN_POINT('',(0.75,0.1,0.8));
#6152 = LINE('',#6153,#6154);
#6153 = CARTESIAN_POINT('',(0.75,0.1,0.8));
#6154 = VECTOR('',#6155,1.);
#6155 = DIRECTION('',(0.,0.,-1.));
#6156 = ORIENTED_EDGE('',*,*,#6157,.F.);
#6157 = EDGE_CURVE('',#6134,#6150,#6158,.T.);
#6158 = LINE('',#6159,#6160);
#6159 = CARTESIAN_POINT('',(0.75,0.1,0.8));
#6160 = VECTOR('',#6161,1.);
#6161 = DIRECTION('',(-1.,-0.,-0.));
#6162 = PLANE('',#6163);
#6163 = AXIS2_PLACEMENT_3D('',#6164,#6165,#6166);
#6164 = CARTESIAN_POINT('',(0.35,0.1,-2.25));
#6165 = DIRECTION('',(-1.772253551178E-16,1.,0.));
#6166 = DIRECTION('',(-1.,-1.772253551178E-16,0.));
#6167 = ADVANCED_FACE('',(#6168,#6234,#6268),#6302,.T.);
#6168 = FACE_BOUND('',#6169,.T.);
#6169 = EDGE_LOOP('',(#6170,#6180,#6188,#6196,#6204,#6212,#6220,#6228));
#6170 = ORIENTED_EDGE('',*,*,#6171,.T.);
#6171 = EDGE_CURVE('',#6172,#6174,#6176,.T.);
#6172 = VERTEX_POINT('',#6173);
#6173 = CARTESIAN_POINT('',(2.45,1.8,1.75));
#6174 = VERTEX_POINT('',#6175);
#6175 = CARTESIAN_POINT('',(2.45,1.8,5.E-02));
#6176 = LINE('',#6177,#6178);
#6177 = CARTESIAN_POINT('',(2.45,1.8,-1.75));
#6178 = VECTOR('',#6179,1.);
#6179 = DIRECTION('',(-0.,-0.,-1.));
#6180 = ORIENTED_EDGE('',*,*,#6181,.T.);
#6181 = EDGE_CURVE('',#6174,#6182,#6184,.T.);
#6182 = VERTEX_POINT('',#6183);
#6183 = CARTESIAN_POINT('',(-2.45,1.8,5.E-02));
#6184 = LINE('',#6185,#6186);
#6185 = CARTESIAN_POINT('',(4.347366596101,1.8,5.E-02));
#6186 = VECTOR('',#6187,1.);
#6187 = DIRECTION('',(-1.,0.,0.));
#6188 = ORIENTED_EDGE('',*,*,#6189,.T.);
#6189 = EDGE_CURVE('',#6182,#6190,#6192,.T.);
#6190 = VERTEX_POINT('',#6191);
#6191 = CARTESIAN_POINT('',(-2.45,1.8,1.75));
#6192 = LINE('',#6193,#6194);
#6193 = CARTESIAN_POINT('',(-2.45,1.8,-1.75));
#6194 = VECTOR('',#6195,1.);
#6195 = DIRECTION('',(0.,0.,1.));
#6196 = ORIENTED_EDGE('',*,*,#6197,.T.);
#6197 = EDGE_CURVE('',#6190,#6198,#6200,.T.);
#6198 = VERTEX_POINT('',#6199);
#6199 = CARTESIAN_POINT('',(-0.75,1.8,1.75));
#6200 = LINE('',#6201,#6202);
#6201 = CARTESIAN_POINT('',(-2.45,1.8,1.75));
#6202 = VECTOR('',#6203,1.);
#6203 = DIRECTION('',(1.,0.,0.));
#6204 = ORIENTED_EDGE('',*,*,#6205,.F.);
#6205 = EDGE_CURVE('',#6206,#6198,#6208,.T.);
#6206 = VERTEX_POINT('',#6207);
#6207 = CARTESIAN_POINT('',(-0.75,1.8,2.25));
#6208 = LINE('',#6209,#6210);
#6209 = CARTESIAN_POINT('',(-0.75,1.8,2.25));
#6210 = VECTOR('',#6211,1.);
#6211 = DIRECTION('',(-0.,-0.,-1.));
#6212 = ORIENTED_EDGE('',*,*,#6213,.F.);
#6213 = EDGE_CURVE('',#6214,#6206,#6216,.T.);
#6214 = VERTEX_POINT('',#6215);
#6215 = CARTESIAN_POINT('',(0.75,1.8,2.25));
#6216 = LINE('',#6217,#6218);
#6217 = CARTESIAN_POINT('',(0.75,1.8,2.25));
#6218 = VECTOR('',#6219,1.);
#6219 = DIRECTION('',(-1.,0.,0.));
#6220 = ORIENTED_EDGE('',*,*,#6221,.T.);
#6221 = EDGE_CURVE('',#6214,#6222,#6224,.T.);
#6222 = VERTEX_POINT('',#6223);
#6223 = CARTESIAN_POINT('',(0.75,1.8,1.75));
#6224 = LINE('',#6225,#6226);
#6225 = CARTESIAN_POINT('',(0.75,1.8,2.25));
#6226 = VECTOR('',#6227,1.);
#6227 = DIRECTION('',(-0.,-0.,-1.));
#6228 = ORIENTED_EDGE('',*,*,#6229,.T.);
#6229 = EDGE_CURVE('',#6222,#6172,#6230,.T.);
#6230 = LINE('',#6231,#6232);
#6231 = CARTESIAN_POINT('',(-2.45,1.8,1.75));
#6232 = VECTOR('',#6233,1.);
#6233 = DIRECTION('',(1.,0.,0.));
#6234 = FACE_BOUND('',#6235,.T.);
#6235 = EDGE_LOOP('',(#6236,#6246,#6254,#6262));
#6236 = ORIENTED_EDGE('',*,*,#6237,.F.);
#6237 = EDGE_CURVE('',#6238,#6240,#6242,.T.);
#6238 = VERTEX_POINT('',#6239);
#6239 = CARTESIAN_POINT('',(-0.75,1.8,0.3));
#6240 = VERTEX_POINT('',#6241);
#6241 = CARTESIAN_POINT('',(-1.25,1.8,0.3));
#6242 = LINE('',#6243,#6244);
#6243 = CARTESIAN_POINT('',(-1.25,1.8,0.3));
#6244 = VECTOR('',#6245,1.);
#6245 = DIRECTION('',(-1.,-0.,-0.));
#6246 = ORIENTED_EDGE('',*,*,#6247,.F.);
#6247 = EDGE_CURVE('',#6248,#6238,#6250,.T.);
#6248 = VERTEX_POINT('',#6249);
#6249 = CARTESIAN_POINT('',(-0.75,1.8,0.8));
#6250 = LINE('',#6251,#6252);
#6251 = CARTESIAN_POINT('',(-0.75,1.8,0.3));
#6252 = VECTOR('',#6253,1.);
#6253 = DIRECTION('',(-0.,-0.,-1.));
#6254 = ORIENTED_EDGE('',*,*,#6255,.F.);
#6255 = EDGE_CURVE('',#6256,#6248,#6258,.T.);
#6256 = VERTEX_POINT('',#6257);
#6257 = CARTESIAN_POINT('',(-1.25,1.8,0.8));
#6258 = LINE('',#6259,#6260);
#6259 = CARTESIAN_POINT('',(-1.25,1.8,0.8));
#6260 = VECTOR('',#6261,1.);
#6261 = DIRECTION('',(1.,0.,0.));
#6262 = ORIENTED_EDGE('',*,*,#6263,.F.);
#6263 = EDGE_CURVE('',#6240,#6256,#6264,.T.);
#6264 = LINE('',#6265,#6266);
#6265 = CARTESIAN_POINT('',(-1.25,1.8,0.3));
#6266 = VECTOR('',#6267,1.);
#6267 = DIRECTION('',(0.,0.,1.));
#6268 = FACE_BOUND('',#6269,.T.);
#6269 = EDGE_LOOP('',(#6270,#6280,#6288,#6296));
#6270 = ORIENTED_EDGE('',*,*,#6271,.F.);
#6271 = EDGE_CURVE('',#6272,#6274,#6276,.T.);
#6272 = VERTEX_POINT('',#6273);
#6273 = CARTESIAN_POINT('',(1.25,1.8,0.3));
#6274 = VERTEX_POINT('',#6275);
#6275 = CARTESIAN_POINT('',(0.75,1.8,0.3));
#6276 = LINE('',#6277,#6278);
#6277 = CARTESIAN_POINT('',(0.75,1.8,0.3));
#6278 = VECTOR('',#6279,1.);
#6279 = DIRECTION('',(-1.,-0.,-0.));
#6280 = ORIENTED_EDGE('',*,*,#6281,.F.);
#6281 = EDGE_CURVE('',#6282,#6272,#6284,.T.);
#6282 = VERTEX_POINT('',#6283);
#6283 = CARTESIAN_POINT('',(1.25,1.8,0.8));
#6284 = LINE('',#6285,#6286);
#6285 = CARTESIAN_POINT('',(1.25,1.8,0.3));
#6286 = VECTOR('',#6287,1.);
#6287 = DIRECTION('',(-0.,-0.,-1.));
#6288 = ORIENTED_EDGE('',*,*,#6289,.F.);
#6289 = EDGE_CURVE('',#6290,#6282,#6292,.T.);
#6290 = VERTEX_POINT('',#6291);
#6291 = CARTESIAN_POINT('',(0.75,1.8,0.8));
#6292 = LINE('',#6293,#6294);
#6293 = CARTESIAN_POINT('',(0.75,1.8,0.8));
#6294 = VECTOR('',#6295,1.);
#6295 = DIRECTION('',(1.,0.,0.));
#6296 = ORIENTED_EDGE('',*,*,#6297,.F.);
#6297 = EDGE_CURVE('',#6274,#6290,#6298,.T.);
#6298 = LINE('',#6299,#6300);
#6299 = CARTESIAN_POINT('',(0.75,1.8,0.3));
#6300 = VECTOR('',#6301,1.);
#6301 = DIRECTION('',(0.,0.,1.));
#6302 = PLANE('',#6303);
#6303 = AXIS2_PLACEMENT_3D('',#6304,#6305,#6306);
#6304 = CARTESIAN_POINT('',(0.,1.8,0.));
#6305 = DIRECTION('',(0.,1.,0.));
#6306 = DIRECTION('',(0.,-0.,1.));
#6307 = ADVANCED_FACE('',(#6308,#6342),#6376,.F.);
#6308 = FACE_BOUND('',#6309,.T.);
#6309 = EDGE_LOOP('',(#6310,#6320,#6328,#6336));
#6310 = ORIENTED_EDGE('',*,*,#6311,.T.);
#6311 = EDGE_CURVE('',#6312,#6314,#6316,.T.);
#6312 = VERTEX_POINT('',#6313);
#6313 = CARTESIAN_POINT('',(-0.35,0.1,2.25));
#6314 = VERTEX_POINT('',#6315);
#6315 = CARTESIAN_POINT('',(-1.65,0.1,2.25));
#6316 = LINE('',#6317,#6318);
#6317 = CARTESIAN_POINT('',(-1.65,0.1,2.25));
#6318 = VECTOR('',#6319,1.);
#6319 = DIRECTION('',(-1.,-1.772253551178E-16,-0.));
#6320 = ORIENTED_EDGE('',*,*,#6321,.F.);
#6321 = EDGE_CURVE('',#6322,#6314,#6324,.T.);
#6322 = VERTEX_POINT('',#6323);
#6323 = CARTESIAN_POINT('',(-1.65,0.1,-2.25));
#6324 = LINE('',#6325,#6326);
#6325 = CARTESIAN_POINT('',(-1.65,0.1,-2.25));
#6326 = VECTOR('',#6327,1.);
#6327 = DIRECTION('',(-0.,-0.,1.));
#6328 = ORIENTED_EDGE('',*,*,#6329,.F.);
#6329 = EDGE_CURVE('',#6330,#6322,#6332,.T.);
#6330 = VERTEX_POINT('',#6331);
#6331 = CARTESIAN_POINT('',(-0.35,0.1,-2.25));
#6332 = LINE('',#6333,#6334);
#6333 = CARTESIAN_POINT('',(-1.65,0.1,-2.25));
#6334 = VECTOR('',#6335,1.);
#6335 = DIRECTION('',(-1.,-1.772253551178E-16,-0.));
#6336 = ORIENTED_EDGE('',*,*,#6337,.T.);
#6337 = EDGE_CURVE('',#6330,#6312,#6338,.T.);
#6338 = LINE('',#6339,#6340);
#6339 = CARTESIAN_POINT('',(-0.35,0.1,-2.25));
#6340 = VECTOR('',#6341,1.);
#6341 = DIRECTION('',(-0.,-0.,1.));
#6342 = FACE_BOUND('',#6343,.T.);
#6343 = EDGE_LOOP('',(#6344,#6354,#6362,#6370));
#6344 = ORIENTED_EDGE('',*,*,#6345,.F.);
#6345 = EDGE_CURVE('',#6346,#6348,#6350,.T.);
#6346 = VERTEX_POINT('',#6347);
#6347 = CARTESIAN_POINT('',(-0.75,0.1,0.3));
#6348 = VERTEX_POINT('',#6349);
#6349 = CARTESIAN_POINT('',(-0.75,0.1,0.8));
#6350 = LINE('',#6351,#6352);
#6351 = CARTESIAN_POINT('',(-0.75,0.1,0.8));
#6352 = VECTOR('',#6353,1.);
#6353 = DIRECTION('',(-0.,-0.,1.));
#6354 = ORIENTED_EDGE('',*,*,#6355,.F.);
#6355 = EDGE_CURVE('',#6356,#6346,#6358,.T.);
#6356 = VERTEX_POINT('',#6357);
#6357 = CARTESIAN_POINT('',(-1.25,0.1,0.3));
#6358 = LINE('',#6359,#6360);
#6359 = CARTESIAN_POINT('',(-1.25,0.1,0.3));
#6360 = VECTOR('',#6361,1.);
#6361 = DIRECTION('',(1.,0.,0.));
#6362 = ORIENTED_EDGE('',*,*,#6363,.F.);
#6363 = EDGE_CURVE('',#6364,#6356,#6366,.T.);
#6364 = VERTEX_POINT('',#6365);
#6365 = CARTESIAN_POINT('',(-1.25,0.1,0.8));
#6366 = LINE('',#6367,#6368);
#6367 = CARTESIAN_POINT('',(-1.25,0.1,0.8));
#6368 = VECTOR('',#6369,1.);
#6369 = DIRECTION('',(0.,0.,-1.));
#6370 = ORIENTED_EDGE('',*,*,#6371,.F.);
#6371 = EDGE_CURVE('',#6348,#6364,#6372,.T.);
#6372 = LINE('',#6373,#6374);
#6373 = CARTESIAN_POINT('',(-1.25,0.1,0.8));
#6374 = VECTOR('',#6375,1.);
#6375 = DIRECTION('',(-1.,-0.,-0.));
#6376 = PLANE('',#6377);
#6377 = AXIS2_PLACEMENT_3D('',#6378,#6379,#6380);
#6378 = CARTESIAN_POINT('',(-1.65,0.1,-2.25));
#6379 = DIRECTION('',(-1.772253551178E-16,1.,0.));
#6380 = DIRECTION('',(-1.,-1.772253551178E-16,0.));
#6381 = ADVANCED_FACE('',(#6382),#6416,.F.);
#6382 = FACE_BOUND('',#6383,.T.);
#6383 = EDGE_LOOP('',(#6384,#6394,#6402,#6410));
#6384 = ORIENTED_EDGE('',*,*,#6385,.F.);
#6385 = EDGE_CURVE('',#6386,#6388,#6390,.T.);
#6386 = VERTEX_POINT('',#6387);
#6387 = CARTESIAN_POINT('',(-1.65,0.,-2.25));
#6388 = VERTEX_POINT('',#6389);
#6389 = CARTESIAN_POINT('',(-2.95,0.,-2.25));
#6390 = LINE('',#6391,#6392);
#6391 = CARTESIAN_POINT('',(-2.95,0.,-2.25));
#6392 = VECTOR('',#6393,1.);
#6393 = DIRECTION('',(-1.,-0.,-0.));
#6394 = ORIENTED_EDGE('',*,*,#6395,.T.);
#6395 = EDGE_CURVE('',#6386,#6396,#6398,.T.);
#6396 = VERTEX_POINT('',#6397);
#6397 = CARTESIAN_POINT('',(-1.65,0.,2.25));
#6398 = LINE('',#6399,#6400);
#6399 = CARTESIAN_POINT('',(-1.65,0.,-2.25));
#6400 = VECTOR('',#6401,1.);
#6401 = DIRECTION('',(-0.,-0.,1.));
#6402 = ORIENTED_EDGE('',*,*,#6403,.F.);
#6403 = EDGE_CURVE('',#6404,#6396,#6406,.T.);
#6404 = VERTEX_POINT('',#6405);
#6405 = CARTESIAN_POINT('',(-2.95,0.,2.25));
#6406 = LINE('',#6407,#6408);
#6407 = CARTESIAN_POINT('',(-2.95,0.,2.25));
#6408 = VECTOR('',#6409,1.);
#6409 = DIRECTION('',(1.,0.,0.));
#6410 = ORIENTED_EDGE('',*,*,#6411,.F.);
#6411 = EDGE_CURVE('',#6388,#6404,#6412,.T.);
#6412 = LINE('',#6413,#6414);
#6413 = CARTESIAN_POINT('',(-2.95,0.,-2.25));
#6414 = VECTOR('',#6415,1.);
#6415 = DIRECTION('',(3.854941057726E-16,0.,1.));
#6416 = PLANE('',#6417);
#6417 = AXIS2_PLACEMENT_3D('',#6418,#6419,#6420);
#6418 = CARTESIAN_POINT('',(0.,0.,0.));
#6419 = DIRECTION('',(0.,1.,0.));
#6420 = DIRECTION('',(0.,-0.,1.));
#6421 = ADVANCED_FACE('',(#6422),#6456,.F.);
#6422 = FACE_BOUND('',#6423,.T.);
#6423 = EDGE_LOOP('',(#6424,#6434,#6442,#6450));
#6424 = ORIENTED_EDGE('',*,*,#6425,.F.);
#6425 = EDGE_CURVE('',#6426,#6428,#6430,.T.);
#6426 = VERTEX_POINT('',#6427);
#6427 = CARTESIAN_POINT('',(-0.35,2.388061258337E-16,2.25));
#6428 = VERTEX_POINT('',#6429);
#6429 = CARTESIAN_POINT('',(0.35,0.,2.25));
#6430 = LINE('',#6431,#6432);
#6431 = CARTESIAN_POINT('',(-2.95,0.,2.25));
#6432 = VECTOR('',#6433,1.);
#6433 = DIRECTION('',(1.,0.,0.));
#6434 = ORIENTED_EDGE('',*,*,#6435,.F.);
#6435 = EDGE_CURVE('',#6436,#6426,#6438,.T.);
#6436 = VERTEX_POINT('',#6437);
#6437 = CARTESIAN_POINT('',(-0.35,0.,-2.25));
#6438 = LINE('',#6439,#6440);
#6439 = CARTESIAN_POINT('',(-0.35,2.388061258337E-16,-2.25));
#6440 = VECTOR('',#6441,1.);
#6441 = DIRECTION('',(-0.,-0.,1.));
#6442 = ORIENTED_EDGE('',*,*,#6443,.F.);
#6443 = EDGE_CURVE('',#6444,#6436,#6446,.T.);
#6444 = VERTEX_POINT('',#6445);
#6445 = CARTESIAN_POINT('',(0.35,0.,-2.25));
#6446 = LINE('',#6447,#6448);
#6447 = CARTESIAN_POINT('',(-2.95,0.,-2.25));
#6448 = VECTOR('',#6449,1.);
#6449 = DIRECTION('',(-1.,-0.,-0.));
#6450 = ORIENTED_EDGE('',*,*,#6451,.T.);
#6451 = EDGE_CURVE('',#6444,#6428,#6452,.T.);
#6452 = LINE('',#6453,#6454);
#6453 = CARTESIAN_POINT('',(0.35,0.,-2.25));
#6454 = VECTOR('',#6455,1.);
#6455 = DIRECTION('',(-0.,-0.,1.));
#6456 = PLANE('',#6457);
#6457 = AXIS2_PLACEMENT_3D('',#6458,#6459,#6460);
#6458 = CARTESIAN_POINT('',(0.,0.,0.));
#6459 = DIRECTION('',(0.,1.,0.));
#6460 = DIRECTION('',(0.,-0.,1.));
#6461 = ADVANCED_FACE('',(#6462),#6512,.T.);
#6462 = FACE_BOUND('',#6463,.T.);
#6463 = EDGE_LOOP('',(#6464,#6474,#6482,#6490,#6498,#6506));
#6464 = ORIENTED_EDGE('',*,*,#6465,.F.);
#6465 = EDGE_CURVE('',#6466,#6468,#6470,.T.);
#6466 = VERTEX_POINT('',#6467);
#6467 = CARTESIAN_POINT('',(2.45,6.,0.8));
#6468 = VERTEX_POINT('',#6469);
#6469 = CARTESIAN_POINT('',(2.95,6.,0.8));
#6470 = LINE('',#6471,#6472);
#6471 = CARTESIAN_POINT('',(-2.95,6.,0.8));
#6472 = VECTOR('',#6473,1.);
#6473 = DIRECTION('',(1.,-0.,-1.927470528863E-16));
#6474 = ORIENTED_EDGE('',*,*,#6475,.F.);
#6475 = EDGE_CURVE('',#6476,#6466,#6478,.T.);
#6476 = VERTEX_POINT('',#6477);
#6477 = CARTESIAN_POINT('',(2.45,6.,1.75));
#6478 = LINE('',#6479,#6480);
#6479 = CARTESIAN_POINT('',(2.45,6.,-1.75));
#6480 = VECTOR('',#6481,1.);
#6481 = DIRECTION('',(-0.,-0.,-1.));
#6482 = ORIENTED_EDGE('',*,*,#6483,.F.);
#6483 = EDGE_CURVE('',#6484,#6476,#6486,.T.);
#6484 = VERTEX_POINT('',#6485);
#6485 = CARTESIAN_POINT('',(0.75,6.,1.75));
#6486 = LINE('',#6487,#6488);
#6487 = CARTESIAN_POINT('',(-2.45,6.,1.75));
#6488 = VECTOR('',#6489,1.);
#6489 = DIRECTION('',(1.,0.,0.));
#6490 = ORIENTED_EDGE('',*,*,#6491,.F.);
#6491 = EDGE_CURVE('',#6492,#6484,#6494,.T.);
#6492 = VERTEX_POINT('',#6493);
#6493 = CARTESIAN_POINT('',(0.75,6.,2.25));
#6494 = LINE('',#6495,#6496);
#6495 = CARTESIAN_POINT('',(0.75,6.,2.25));
#6496 = VECTOR('',#6497,1.);
#6497 = DIRECTION('',(-0.,-0.,-1.));
#6498 = ORIENTED_EDGE('',*,*,#6499,.T.);
#6499 = EDGE_CURVE('',#6492,#6500,#6502,.T.);
#6500 = VERTEX_POINT('',#6501);
#6501 = CARTESIAN_POINT('',(2.95,6.,2.25));
#6502 = LINE('',#6503,#6504);
#6503 = CARTESIAN_POINT('',(-2.95,6.,2.25));
#6504 = VECTOR('',#6505,1.);
#6505 = DIRECTION('',(1.,0.,0.));
#6506 = ORIENTED_EDGE('',*,*,#6507,.T.);
#6507 = EDGE_CURVE('',#6500,#6468,#6508,.T.);
#6508 = LINE('',#6509,#6510);
#6509 = CARTESIAN_POINT('',(2.95,6.,-2.25));
#6510 = VECTOR('',#6511,1.);
#6511 = DIRECTION('',(-3.854941057726E-16,-0.,-1.));
#6512 = PLANE('',#6513);
#6513 = AXIS2_PLACEMENT_3D('',#6514,#6515,#6516);
#6514 = CARTESIAN_POINT('',(0.,6.,0.));
#6515 = DIRECTION('',(0.,1.,0.));
#6516 = DIRECTION('',(0.,-0.,1.));
#6517 = ADVANCED_FACE('',(#6518),#6568,.T.);
#6518 = FACE_BOUND('',#6519,.T.);
#6519 = EDGE_LOOP('',(#6520,#6530,#6538,#6546,#6554,#6562));
#6520 = ORIENTED_EDGE('',*,*,#6521,.F.);
#6521 = EDGE_CURVE('',#6522,#6524,#6526,.T.);
#6522 = VERTEX_POINT('',#6523);
#6523 = CARTESIAN_POINT('',(-2.95,6.,0.8));
#6524 = VERTEX_POINT('',#6525);
#6525 = CARTESIAN_POINT('',(-2.45,6.,0.8));
#6526 = LINE('',#6527,#6528);
#6527 = CARTESIAN_POINT('',(-2.95,6.,0.8));
#6528 = VECTOR('',#6529,1.);
#6529 = DIRECTION('',(1.,-0.,-1.927470528863E-16));
#6530 = ORIENTED_EDGE('',*,*,#6531,.T.);
#6531 = EDGE_CURVE('',#6522,#6532,#6534,.T.);
#6532 = VERTEX_POINT('',#6533);
#6533 = CARTESIAN_POINT('',(-2.95,6.,2.25));
#6534 = LINE('',#6535,#6536);
#6535 = CARTESIAN_POINT('',(-2.95,6.,-2.25));
#6536 = VECTOR('',#6537,1.);
#6537 = DIRECTION('',(3.854941057726E-16,0.,1.));
#6538 = ORIENTED_EDGE('',*,*,#6539,.T.);
#6539 = EDGE_CURVE('',#6532,#6540,#6542,.T.);
#6540 = VERTEX_POINT('',#6541);
#6541 = CARTESIAN_POINT('',(-0.75,6.,2.25));
#6542 = LINE('',#6543,#6544);
#6543 = CARTESIAN_POINT('',(-2.95,6.,2.25));
#6544 = VECTOR('',#6545,1.);
#6545 = DIRECTION('',(1.,0.,0.));
#6546 = ORIENTED_EDGE('',*,*,#6547,.T.);
#6547 = EDGE_CURVE('',#6540,#6548,#6550,.T.);
#6548 = VERTEX_POINT('',#6549);
#6549 = CARTESIAN_POINT('',(-0.75,6.,1.75));
#6550 = LINE('',#6551,#6552);
#6551 = CARTESIAN_POINT('',(-0.75,6.,2.25));
#6552 = VECTOR('',#6553,1.);
#6553 = DIRECTION('',(-0.,-0.,-1.));
#6554 = ORIENTED_EDGE('',*,*,#6555,.F.);
#6555 = EDGE_CURVE('',#6556,#6548,#6558,.T.);
#6556 = VERTEX_POINT('',#6557);
#6557 = CARTESIAN_POINT('',(-2.45,6.,1.75));
#6558 = LINE('',#6559,#6560);
#6559 = CARTESIAN_POINT('',(-2.45,6.,1.75));
#6560 = VECTOR('',#6561,1.);
#6561 = DIRECTION('',(1.,0.,0.));
#6562 = ORIENTED_EDGE('',*,*,#6563,.F.);
#6563 = EDGE_CURVE('',#6524,#6556,#6564,.T.);
#6564 = LINE('',#6565,#6566);
#6565 = CARTESIAN_POINT('',(-2.45,6.,-1.75));
#6566 = VECTOR('',#6567,1.);
#6567 = DIRECTION('',(0.,0.,1.));
#6568 = PLANE('',#6569);
#6569 = AXIS2_PLACEMENT_3D('',#6570,#6571,#6572);
#6570 = CARTESIAN_POINT('',(0.,6.,0.));
#6571 = DIRECTION('',(0.,1.,0.));
#6572 = DIRECTION('',(0.,-0.,1.));
#6573 = ADVANCED_FACE('',(#6574),#6622,.F.);
#6574 = FACE_BOUND('',#6575,.T.);
#6575 = EDGE_LOOP('',(#6576,#6584,#6592,#6600,#6608,#6614,#6615,#6621));
#6576 = ORIENTED_EDGE('',*,*,#6577,.F.);
#6577 = EDGE_CURVE('',#6578,#6476,#6580,.T.);
#6578 = VERTEX_POINT('',#6579);
#6579 = CARTESIAN_POINT('',(2.45,4.,1.75));
#6580 = LINE('',#6581,#6582);
#6581 = CARTESIAN_POINT('',(2.45,1.8,1.75));
#6582 = VECTOR('',#6583,1.);
#6583 = DIRECTION('',(-0.,1.,-0.));
#6584 = ORIENTED_EDGE('',*,*,#6585,.F.);
#6585 = EDGE_CURVE('',#6586,#6578,#6588,.T.);
#6586 = VERTEX_POINT('',#6587);
#6587 = CARTESIAN_POINT('',(1.45,4.,1.75));
#6588 = LINE('',#6589,#6590);
#6589 = CARTESIAN_POINT('',(2.45,4.,1.75));
#6590 = VECTOR('',#6591,1.);
#6591 = DIRECTION('',(1.,-0.,-0.));
#6592 = ORIENTED_EDGE('',*,*,#6593,.F.);
#6593 = EDGE_CURVE('',#6594,#6586,#6596,.T.);
#6594 = VERTEX_POINT('',#6595);
#6595 = CARTESIAN_POINT('',(1.45,2.3,1.75));
#6596 = LINE('',#6597,#6598);
#6597 = CARTESIAN_POINT('',(1.45,4.,1.75));
#6598 = VECTOR('',#6599,1.);
#6599 = DIRECTION('',(-0.,1.,-0.));
#6600 = ORIENTED_EDGE('',*,*,#6601,.F.);
#6601 = EDGE_CURVE('',#6602,#6594,#6604,.T.);
#6602 = VERTEX_POINT('',#6603);
#6603 = CARTESIAN_POINT('',(2.45,2.3,1.75));
#6604 = LINE('',#6605,#6606);
#6605 = CARTESIAN_POINT('',(2.45,2.3,1.75));
#6606 = VECTOR('',#6607,1.);
#6607 = DIRECTION('',(-1.,0.,0.));
#6608 = ORIENTED_EDGE('',*,*,#6609,.F.);
#6609 = EDGE_CURVE('',#6172,#6602,#6610,.T.);
#6610 = LINE('',#6611,#6612);
#6611 = CARTESIAN_POINT('',(2.45,1.8,1.75));
#6612 = VECTOR('',#6613,1.);
#6613 = DIRECTION('',(-0.,1.,-0.));
#6614 = ORIENTED_EDGE('',*,*,#6229,.F.);
#6615 = ORIENTED_EDGE('',*,*,#6616,.F.);
#6616 = EDGE_CURVE('',#6484,#6222,#6617,.T.);
#6617 = LINE('',#6618,#6619);
#6618 = CARTESIAN_POINT('',(0.75,6.,1.75));
#6619 = VECTOR('',#6620,1.);
#6620 = DIRECTION('',(1.032573497605E-16,-1.,0.));
#6621 = ORIENTED_EDGE('',*,*,#6483,.T.);
#6622 = PLANE('',#6623);
#6623 = AXIS2_PLACEMENT_3D('',#6624,#6625,#6626);
#6624 = CARTESIAN_POINT('',(-2.45,1.8,1.75));
#6625 = DIRECTION('',(-0.,0.,1.));
#6626 = DIRECTION('',(1.,0.,0.));
#6627 = ADVANCED_FACE('',(#6628,#6662,#6696),#6735,.F.);
#6628 = FACE_BOUND('',#6629,.T.);
#6629 = EDGE_LOOP('',(#6630,#6640,#6648,#6656));
#6630 = ORIENTED_EDGE('',*,*,#6631,.T.);
#6631 = EDGE_CURVE('',#6632,#6634,#6636,.T.);
#6632 = VERTEX_POINT('',#6633);
#6633 = CARTESIAN_POINT('',(1.45,4.,2.25));
#6634 = VERTEX_POINT('',#6635);
#6635 = CARTESIAN_POINT('',(2.45,4.,2.25));
#6636 = LINE('',#6637,#6638);
#6637 = CARTESIAN_POINT('',(2.45,4.,2.25));
#6638 = VECTOR('',#6639,1.);
#6639 = DIRECTION('',(1.,-0.,-0.));
#6640 = ORIENTED_EDGE('',*,*,#6641,.T.);
#6641 = EDGE_CURVE('',#6634,#6642,#6644,.T.);
#6642 = VERTEX_POINT('',#6643);
#6643 = CARTESIAN_POINT('',(2.45,2.3,2.25));
#6644 = LINE('',#6645,#6646);
#6645 = CARTESIAN_POINT('',(2.45,4.,2.25));
#6646 = VECTOR('',#6647,1.);
#6647 = DIRECTION('',(-2.55106393526E-16,-1.,0.));
#6648 = ORIENTED_EDGE('',*,*,#6649,.T.);
#6649 = EDGE_CURVE('',#6642,#6650,#6652,.T.);
#6650 = VERTEX_POINT('',#6651);
#6651 = CARTESIAN_POINT('',(1.45,2.3,2.25));
#6652 = LINE('',#6653,#6654);
#6653 = CARTESIAN_POINT('',(2.45,2.3,2.25));
#6654 = VECTOR('',#6655,1.);
#6655 = DIRECTION('',(-1.,0.,0.));
#6656 = ORIENTED_EDGE('',*,*,#6657,.T.);
#6657 = EDGE_CURVE('',#6650,#6632,#6658,.T.);
#6658 = LINE('',#6659,#6660);
#6659 = CARTESIAN_POINT('',(1.45,4.,2.25));
#6660 = VECTOR('',#6661,1.);
#6661 = DIRECTION('',(-0.,1.,-0.));
#6662 = FACE_BOUND('',#6663,.T.);
#6663 = EDGE_LOOP('',(#6664,#6674,#6682,#6690));
#6664 = ORIENTED_EDGE('',*,*,#6665,.T.);
#6665 = EDGE_CURVE('',#6666,#6668,#6670,.T.);
#6666 = VERTEX_POINT('',#6667);
#6667 = CARTESIAN_POINT('',(-2.45,2.3,2.25));
#6668 = VERTEX_POINT('',#6669);
#6669 = CARTESIAN_POINT('',(-2.45,4.,2.25));
#6670 = LINE('',#6671,#6672);
#6671 = CARTESIAN_POINT('',(-2.45,4.,2.25));
#6672 = VECTOR('',#6673,1.);
#6673 = DIRECTION('',(-2.55106393526E-16,1.,-0.));
#6674 = ORIENTED_EDGE('',*,*,#6675,.T.);
#6675 = EDGE_CURVE('',#6668,#6676,#6678,.T.);
#6676 = VERTEX_POINT('',#6677);
#6677 = CARTESIAN_POINT('',(-1.45,4.,2.25));
#6678 = LINE('',#6679,#6680);
#6679 = CARTESIAN_POINT('',(-2.45,4.,2.25));
#6680 = VECTOR('',#6681,1.);
#6681 = DIRECTION('',(1.,-8.673617379884E-16,0.));
#6682 = ORIENTED_EDGE('',*,*,#6683,.T.);
#6683 = EDGE_CURVE('',#6676,#6684,#6686,.T.);
#6684 = VERTEX_POINT('',#6685);
#6685 = CARTESIAN_POINT('',(-1.45,2.3,2.25));
#6686 = LINE('',#6687,#6688);
#6687 = CARTESIAN_POINT('',(-1.45,4.,2.25));
#6688 = VECTOR('',#6689,1.);
#6689 = DIRECTION('',(-2.55106393526E-16,-1.,0.));
#6690 = ORIENTED_EDGE('',*,*,#6691,.T.);
#6691 = EDGE_CURVE('',#6684,#6666,#6692,.T.);
#6692 = LINE('',#6693,#6694);
#6693 = CARTESIAN_POINT('',(-2.45,2.3,2.25));
#6694 = VECTOR('',#6695,1.);
#6695 = DIRECTION('',(-1.,-0.,-0.));
#6696 = FACE_BOUND('',#6697,.T.);
#6697 = EDGE_LOOP('',(#6698,#6699,#6705,#6706,#6712,#6713,#6721,#6729));
#6698 = ORIENTED_EDGE('',*,*,#6499,.F.);
#6699 = ORIENTED_EDGE('',*,*,#6700,.T.);
#6700 = EDGE_CURVE('',#6492,#6214,#6701,.T.);
#6701 = LINE('',#6702,#6703);
#6702 = CARTESIAN_POINT('',(0.75,6.,2.25));
#6703 = VECTOR('',#6704,1.);
#6704 = DIRECTION('',(1.032573497605E-16,-1.,0.));
#6705 = ORIENTED_EDGE('',*,*,#6213,.T.);
#6706 = ORIENTED_EDGE('',*,*,#6707,.T.);
#6707 = EDGE_CURVE('',#6206,#6540,#6708,.T.);
#6708 = LINE('',#6709,#6710);
#6709 = CARTESIAN_POINT('',(-0.75,6.,2.25));
#6710 = VECTOR('',#6711,1.);
#6711 = DIRECTION('',(1.032573497605E-16,1.,-0.));
#6712 = ORIENTED_EDGE('',*,*,#6539,.F.);
#6713 = ORIENTED_EDGE('',*,*,#6714,.T.);
#6714 = EDGE_CURVE('',#6532,#6715,#6717,.T.);
#6715 = VERTEX_POINT('',#6716);
#6716 = CARTESIAN_POINT('',(-2.95,1.2,2.25));
#6717 = LINE('',#6718,#6719);
#6718 = CARTESIAN_POINT('',(-2.95,6.,2.25));
#6719 = VECTOR('',#6720,1.);
#6720 = DIRECTION('',(-0.,-1.,-0.));
#6721 = ORIENTED_EDGE('',*,*,#6722,.T.);
#6722 = EDGE_CURVE('',#6715,#6723,#6725,.T.);
#6723 = VERTEX_POINT('',#6724);
#6724 = CARTESIAN_POINT('',(2.95,1.2,2.25));
#6725 = LINE('',#6726,#6727);
#6726 = CARTESIAN_POINT('',(-2.95,1.2,2.25));
#6727 = VECTOR('',#6728,1.);
#6728 = DIRECTION('',(1.,-0.,-0.));
#6729 = ORIENTED_EDGE('',*,*,#6730,.F.);
#6730 = EDGE_CURVE('',#6500,#6723,#6731,.T.);
#6731 = LINE('',#6732,#6733);
#6732 = CARTESIAN_POINT('',(2.95,6.,2.25));
#6733 = VECTOR('',#6734,1.);
#6734 = DIRECTION('',(-0.,-1.,-0.));
#6735 = PLANE('',#6736);
#6736 = AXIS2_PLACEMENT_3D('',#6737,#6738,#6739);
#6737 = CARTESIAN_POINT('',(-2.95,6.,2.25));
#6738 = DIRECTION('',(0.,0.,-1.));
#6739 = DIRECTION('',(-1.,0.,-0.));
#6740 = ADVANCED_FACE('',(#6741),#6841,.F.);
#6741 = FACE_BOUND('',#6742,.T.);
#6742 = EDGE_LOOP('',(#6743,#6754,#6760,#6761,#6762,#6770,#6778,#6786,
    #6794,#6802,#6810,#6818,#6826,#6835));
#6743 = ORIENTED_EDGE('',*,*,#6744,.F.);
#6744 = EDGE_CURVE('',#6745,#6747,#6749,.T.);
#6745 = VERTEX_POINT('',#6746);
#6746 = CARTESIAN_POINT('',(2.95,4.2,0.8));
#6747 = VERTEX_POINT('',#6748);
#6748 = CARTESIAN_POINT('',(2.95,4.1,0.7));
#6749 = CIRCLE('',#6750,0.1);
#6750 = AXIS2_PLACEMENT_3D('',#6751,#6752,#6753);
#6751 = CARTESIAN_POINT('',(2.95,4.2,0.7));
#6752 = DIRECTION('',(1.,0.,-1.927470528863E-16));
#6753 = DIRECTION('',(-1.927470528863E-16,-0.,-1.));
#6754 = ORIENTED_EDGE('',*,*,#6755,.F.);
#6755 = EDGE_CURVE('',#6468,#6745,#6756,.T.);
#6756 = LINE('',#6757,#6758);
#6757 = CARTESIAN_POINT('',(2.95,6.,0.8));
#6758 = VECTOR('',#6759,1.);
#6759 = DIRECTION('',(0.,-1.,-1.807003620809E-16));
#6760 = ORIENTED_EDGE('',*,*,#6507,.F.);
#6761 = ORIENTED_EDGE('',*,*,#6730,.T.);
#6762 = ORIENTED_EDGE('',*,*,#6763,.F.);
#6763 = EDGE_CURVE('',#6764,#6723,#6766,.T.);
#6764 = VERTEX_POINT('',#6765);
#6765 = CARTESIAN_POINT('',(2.95,1.2,1.75));
#6766 = LINE('',#6767,#6768);
#6767 = CARTESIAN_POINT('',(2.95,1.2,2.25));
#6768 = VECTOR('',#6769,1.);
#6769 = DIRECTION('',(-0.,-0.,1.));
#6770 = ORIENTED_EDGE('',*,*,#6771,.F.);
#6771 = EDGE_CURVE('',#6772,#6764,#6774,.T.);
#6772 = VERTEX_POINT('',#6773);
#6773 = CARTESIAN_POINT('',(2.95,0.7,1.75));
#6774 = LINE('',#6775,#6776);
#6775 = CARTESIAN_POINT('',(2.95,1.2,1.75));
#6776 = VECTOR('',#6777,1.);
#6777 = DIRECTION('',(-0.,1.,-0.));
#6778 = ORIENTED_EDGE('',*,*,#6779,.F.);
#6779 = EDGE_CURVE('',#6780,#6772,#6782,.T.);
#6780 = VERTEX_POINT('',#6781);
#6781 = CARTESIAN_POINT('',(2.95,0.7,2.25));
#6782 = LINE('',#6783,#6784);
#6783 = CARTESIAN_POINT('',(2.95,0.7,2.25));
#6784 = VECTOR('',#6785,1.);
#6785 = DIRECTION('',(0.,0.,-1.));
#6786 = ORIENTED_EDGE('',*,*,#6787,.T.);
#6787 = EDGE_CURVE('',#6780,#6788,#6790,.T.);
#6788 = VERTEX_POINT('',#6789);
#6789 = CARTESIAN_POINT('',(2.95,0.,2.25));
#6790 = LINE('',#6791,#6792);
#6791 = CARTESIAN_POINT('',(2.95,6.,2.25));
#6792 = VECTOR('',#6793,1.);
#6793 = DIRECTION('',(-0.,-1.,-0.));
#6794 = ORIENTED_EDGE('',*,*,#6795,.T.);
#6795 = EDGE_CURVE('',#6788,#6796,#6798,.T.);
#6796 = VERTEX_POINT('',#6797);
#6797 = CARTESIAN_POINT('',(2.95,0.,-2.25));
#6798 = LINE('',#6799,#6800);
#6799 = CARTESIAN_POINT('',(2.95,0.,-2.25));
#6800 = VECTOR('',#6801,1.);
#6801 = DIRECTION('',(-3.854941057726E-16,-0.,-1.));
#6802 = ORIENTED_EDGE('',*,*,#6803,.F.);
#6803 = EDGE_CURVE('',#6804,#6796,#6806,.T.);
#6804 = VERTEX_POINT('',#6805);
#6805 = CARTESIAN_POINT('',(2.95,6.,-2.25));
#6806 = LINE('',#6807,#6808);
#6807 = CARTESIAN_POINT('',(2.95,6.,-2.25));
#6808 = VECTOR('',#6809,1.);
#6809 = DIRECTION('',(-0.,-1.,-0.));
#6810 = ORIENTED_EDGE('',*,*,#6811,.F.);
#6811 = EDGE_CURVE('',#6812,#6804,#6814,.T.);
#6812 = VERTEX_POINT('',#6813);
#6813 = CARTESIAN_POINT('',(2.95,6.,5.E-02));
#6814 = LINE('',#6815,#6816);
#6815 = CARTESIAN_POINT('',(2.95,6.,-2.25));
#6816 = VECTOR('',#6817,1.);
#6817 = DIRECTION('',(-3.854941057726E-16,-0.,-1.));
#6818 = ORIENTED_EDGE('',*,*,#6819,.F.);
#6819 = EDGE_CURVE('',#6820,#6812,#6822,.T.);
#6820 = VERTEX_POINT('',#6821);
#6821 = CARTESIAN_POINT('',(2.95,4.2,5.E-02));
#6822 = LINE('',#6823,#6824);
#6823 = CARTESIAN_POINT('',(2.95,6.,5.E-02));
#6824 = VECTOR('',#6825,1.);
#6825 = DIRECTION('',(-0.,1.,1.129377263006E-16));
#6826 = ORIENTED_EDGE('',*,*,#6827,.F.);
#6827 = EDGE_CURVE('',#6828,#6820,#6830,.T.);
#6828 = VERTEX_POINT('',#6829);
#6829 = CARTESIAN_POINT('',(2.95,4.1,0.15));
#6830 = CIRCLE('',#6831,0.1);
#6831 = AXIS2_PLACEMENT_3D('',#6832,#6833,#6834);
#6832 = CARTESIAN_POINT('',(2.95,4.2,0.15));
#6833 = DIRECTION('',(1.,0.,-1.927470528863E-16));
#6834 = DIRECTION('',(-1.927470528863E-16,-0.,-1.));
#6835 = ORIENTED_EDGE('',*,*,#6836,.F.);
#6836 = EDGE_CURVE('',#6747,#6828,#6837,.T.);
#6837 = LINE('',#6838,#6839);
#6838 = CARTESIAN_POINT('',(2.95,4.1,0.7));
#6839 = VECTOR('',#6840,1.);
#6840 = DIRECTION('',(0.,0.,-1.));
#6841 = PLANE('',#6842);
#6842 = AXIS2_PLACEMENT_3D('',#6843,#6844,#6845);
#6843 = CARTESIAN_POINT('',(2.95,6.,-2.25));
#6844 = DIRECTION('',(-1.,0.,3.854941057726E-16));
#6845 = DIRECTION('',(3.854941057726E-16,0.,1.));
#6846 = ADVANCED_FACE('',(#6847),#6900,.F.);
#6847 = FACE_BOUND('',#6848,.T.);
#6848 = EDGE_LOOP('',(#6849,#6850,#6856,#6857,#6865,#6871,#6872,#6880,
    #6886,#6887,#6893,#6894));
#6849 = ORIENTED_EDGE('',*,*,#6329,.T.);
#6850 = ORIENTED_EDGE('',*,*,#6851,.T.);
#6851 = EDGE_CURVE('',#6322,#6386,#6852,.T.);
#6852 = LINE('',#6853,#6854);
#6853 = CARTESIAN_POINT('',(-1.65,0.,-2.25));
#6854 = VECTOR('',#6855,1.);
#6855 = DIRECTION('',(-0.,-1.,-0.));
#6856 = ORIENTED_EDGE('',*,*,#6385,.T.);
#6857 = ORIENTED_EDGE('',*,*,#6858,.F.);
#6858 = EDGE_CURVE('',#6859,#6388,#6861,.T.);
#6859 = VERTEX_POINT('',#6860);
#6860 = CARTESIAN_POINT('',(-2.95,6.,-2.25));
#6861 = LINE('',#6862,#6863);
#6862 = CARTESIAN_POINT('',(-2.95,6.,-2.25));
#6863 = VECTOR('',#6864,1.);
#6864 = DIRECTION('',(-0.,-1.,-0.));
#6865 = ORIENTED_EDGE('',*,*,#6866,.F.);
#6866 = EDGE_CURVE('',#6804,#6859,#6867,.T.);
#6867 = LINE('',#6868,#6869);
#6868 = CARTESIAN_POINT('',(-2.95,6.,-2.25));
#6869 = VECTOR('',#6870,1.);
#6870 = DIRECTION('',(-1.,-0.,-0.));
#6871 = ORIENTED_EDGE('',*,*,#6803,.T.);
#6872 = ORIENTED_EDGE('',*,*,#6873,.T.);
#6873 = EDGE_CURVE('',#6796,#6874,#6876,.T.);
#6874 = VERTEX_POINT('',#6875);
#6875 = CARTESIAN_POINT('',(1.65,0.,-2.25));
#6876 = LINE('',#6877,#6878);
#6877 = CARTESIAN_POINT('',(-2.95,0.,-2.25));
#6878 = VECTOR('',#6879,1.);
#6879 = DIRECTION('',(-1.,-0.,-0.));
#6880 = ORIENTED_EDGE('',*,*,#6881,.T.);
#6881 = EDGE_CURVE('',#6874,#6116,#6882,.T.);
#6882 = LINE('',#6883,#6884);
#6883 = CARTESIAN_POINT('',(1.65,2.388061258337E-16,-2.25));
#6884 = VECTOR('',#6885,1.);
#6885 = DIRECTION('',(0.,1.,0.));
#6886 = ORIENTED_EDGE('',*,*,#6115,.T.);
#6887 = ORIENTED_EDGE('',*,*,#6888,.T.);
#6888 = EDGE_CURVE('',#6108,#6444,#6889,.T.);
#6889 = LINE('',#6890,#6891);
#6890 = CARTESIAN_POINT('',(0.35,0.,-2.25));
#6891 = VECTOR('',#6892,1.);
#6892 = DIRECTION('',(-0.,-1.,-0.));
#6893 = ORIENTED_EDGE('',*,*,#6443,.T.);
#6894 = ORIENTED_EDGE('',*,*,#6895,.T.);
#6895 = EDGE_CURVE('',#6436,#6330,#6896,.T.);
#6896 = LINE('',#6897,#6898);
#6897 = CARTESIAN_POINT('',(-0.35,2.388061258337E-16,-2.25));
#6898 = VECTOR('',#6899,1.);
#6899 = DIRECTION('',(0.,1.,0.));
#6900 = PLANE('',#6901);
#6901 = AXIS2_PLACEMENT_3D('',#6902,#6903,#6904);
#6902 = CARTESIAN_POINT('',(-2.95,6.,-2.25));
#6903 = DIRECTION('',(0.,0.,1.));
#6904 = DIRECTION('',(1.,0.,-0.));
#6905 = ADVANCED_FACE('',(#6906),#6990,.F.);
#6906 = FACE_BOUND('',#6907,.T.);
#6907 = EDGE_LOOP('',(#6908,#6909,#6917,#6926,#6934,#6943,#6951,#6957,
    #6958,#6959,#6967,#6975,#6983,#6989));
#6908 = ORIENTED_EDGE('',*,*,#6531,.F.);
#6909 = ORIENTED_EDGE('',*,*,#6910,.T.);
#6910 = EDGE_CURVE('',#6522,#6911,#6913,.T.);
#6911 = VERTEX_POINT('',#6912);
#6912 = CARTESIAN_POINT('',(-2.95,4.2,0.8));
#6913 = LINE('',#6914,#6915);
#6914 = CARTESIAN_POINT('',(-2.95,6.,0.8));
#6915 = VECTOR('',#6916,1.);
#6916 = DIRECTION('',(0.,-1.,-1.807003620809E-16));
#6917 = ORIENTED_EDGE('',*,*,#6918,.T.);
#6918 = EDGE_CURVE('',#6911,#6919,#6921,.T.);
#6919 = VERTEX_POINT('',#6920);
#6920 = CARTESIAN_POINT('',(-2.95,4.1,0.7));
#6921 = CIRCLE('',#6922,0.1);
#6922 = AXIS2_PLACEMENT_3D('',#6923,#6924,#6925);
#6923 = CARTESIAN_POINT('',(-2.95,4.2,0.7));
#6924 = DIRECTION('',(1.,0.,-1.927470528863E-16));
#6925 = DIRECTION('',(-1.927470528863E-16,-0.,-1.));
#6926 = ORIENTED_EDGE('',*,*,#6927,.T.);
#6927 = EDGE_CURVE('',#6919,#6928,#6930,.T.);
#6928 = VERTEX_POINT('',#6929);
#6929 = CARTESIAN_POINT('',(-2.95,4.1,0.15));
#6930 = LINE('',#6931,#6932);
#6931 = CARTESIAN_POINT('',(-2.95,4.1,0.7));
#6932 = VECTOR('',#6933,1.);
#6933 = DIRECTION('',(0.,0.,-1.));
#6934 = ORIENTED_EDGE('',*,*,#6935,.T.);
#6935 = EDGE_CURVE('',#6928,#6936,#6938,.T.);
#6936 = VERTEX_POINT('',#6937);
#6937 = CARTESIAN_POINT('',(-2.95,4.2,5.E-02));
#6938 = CIRCLE('',#6939,0.1);
#6939 = AXIS2_PLACEMENT_3D('',#6940,#6941,#6942);
#6940 = CARTESIAN_POINT('',(-2.95,4.2,0.15));
#6941 = DIRECTION('',(1.,0.,-1.927470528863E-16));
#6942 = DIRECTION('',(-1.927470528863E-16,-0.,-1.));
#6943 = ORIENTED_EDGE('',*,*,#6944,.T.);
#6944 = EDGE_CURVE('',#6936,#6945,#6947,.T.);
#6945 = VERTEX_POINT('',#6946);
#6946 = CARTESIAN_POINT('',(-2.95,6.,5.E-02));
#6947 = LINE('',#6948,#6949);
#6948 = CARTESIAN_POINT('',(-2.95,6.,5.E-02));
#6949 = VECTOR('',#6950,1.);
#6950 = DIRECTION('',(-0.,1.,1.129377263006E-16));
#6951 = ORIENTED_EDGE('',*,*,#6952,.F.);
#6952 = EDGE_CURVE('',#6859,#6945,#6953,.T.);
#6953 = LINE('',#6954,#6955);
#6954 = CARTESIAN_POINT('',(-2.95,6.,-2.25));
#6955 = VECTOR('',#6956,1.);
#6956 = DIRECTION('',(3.854941057726E-16,0.,1.));
#6957 = ORIENTED_EDGE('',*,*,#6858,.T.);
#6958 = ORIENTED_EDGE('',*,*,#6411,.T.);
#6959 = ORIENTED_EDGE('',*,*,#6960,.F.);
#6960 = EDGE_CURVE('',#6961,#6404,#6963,.T.);
#6961 = VERTEX_POINT('',#6962);
#6962 = CARTESIAN_POINT('',(-2.95,0.7,2.25));
#6963 = LINE('',#6964,#6965);
#6964 = CARTESIAN_POINT('',(-2.95,6.,2.25));
#6965 = VECTOR('',#6966,1.);
#6966 = DIRECTION('',(-0.,-1.,-0.));
#6967 = ORIENTED_EDGE('',*,*,#6968,.T.);
#6968 = EDGE_CURVE('',#6961,#6969,#6971,.T.);
#6969 = VERTEX_POINT('',#6970);
#6970 = CARTESIAN_POINT('',(-2.95,0.7,1.75));
#6971 = LINE('',#6972,#6973);
#6972 = CARTESIAN_POINT('',(-2.95,0.7,2.25));
#6973 = VECTOR('',#6974,1.);
#6974 = DIRECTION('',(0.,0.,-1.));
#6975 = ORIENTED_EDGE('',*,*,#6976,.T.);
#6976 = EDGE_CURVE('',#6969,#6977,#6979,.T.);
#6977 = VERTEX_POINT('',#6978);
#6978 = CARTESIAN_POINT('',(-2.95,1.2,1.75));
#6979 = LINE('',#6980,#6981);
#6980 = CARTESIAN_POINT('',(-2.95,1.2,1.75));
#6981 = VECTOR('',#6982,1.);
#6982 = DIRECTION('',(-0.,1.,-0.));
#6983 = ORIENTED_EDGE('',*,*,#6984,.T.);
#6984 = EDGE_CURVE('',#6977,#6715,#6985,.T.);
#6985 = LINE('',#6986,#6987);
#6986 = CARTESIAN_POINT('',(-2.95,1.2,2.25));
#6987 = VECTOR('',#6988,1.);
#6988 = DIRECTION('',(-0.,-0.,1.));
#6989 = ORIENTED_EDGE('',*,*,#6714,.F.);
#6990 = PLANE('',#6991);
#6991 = AXIS2_PLACEMENT_3D('',#6992,#6993,#6994);
#6992 = CARTESIAN_POINT('',(-2.95,6.,-2.25));
#6993 = DIRECTION('',(1.,0.,-3.854941057726E-16));
#6994 = DIRECTION('',(-3.854941057726E-16,0.,-1.));
#6995 = ADVANCED_FACE('',(#6996),#7042,.F.);
#6996 = FACE_BOUND('',#6997,.T.);
#6997 = EDGE_LOOP('',(#6998,#6999,#7005,#7006,#7012,#7013,#7019,#7020,
    #7028,#7034,#7035,#7041));
#6998 = ORIENTED_EDGE('',*,*,#6403,.T.);
#6999 = ORIENTED_EDGE('',*,*,#7000,.F.);
#7000 = EDGE_CURVE('',#6314,#6396,#7001,.T.);
#7001 = LINE('',#7002,#7003);
#7002 = CARTESIAN_POINT('',(-1.65,0.,2.25));
#7003 = VECTOR('',#7004,1.);
#7004 = DIRECTION('',(-0.,-1.,-0.));
#7005 = ORIENTED_EDGE('',*,*,#6311,.F.);
#7006 = ORIENTED_EDGE('',*,*,#7007,.F.);
#7007 = EDGE_CURVE('',#6426,#6312,#7008,.T.);
#7008 = LINE('',#7009,#7010);
#7009 = CARTESIAN_POINT('',(-0.35,2.388061258337E-16,2.25));
#7010 = VECTOR('',#7011,1.);
#7011 = DIRECTION('',(0.,1.,0.));
#7012 = ORIENTED_EDGE('',*,*,#6425,.T.);
#7013 = ORIENTED_EDGE('',*,*,#7014,.F.);
#7014 = EDGE_CURVE('',#6100,#6428,#7015,.T.);
#7015 = LINE('',#7016,#7017);
#7016 = CARTESIAN_POINT('',(0.35,0.,2.25));
#7017 = VECTOR('',#7018,1.);
#7018 = DIRECTION('',(-0.,-1.,-0.));
#7019 = ORIENTED_EDGE('',*,*,#6097,.F.);
#7020 = ORIENTED_EDGE('',*,*,#7021,.F.);
#7021 = EDGE_CURVE('',#7022,#6098,#7024,.T.);
#7022 = VERTEX_POINT('',#7023);
#7023 = CARTESIAN_POINT('',(1.65,2.388061258337E-16,2.25));
#7024 = LINE('',#7025,#7026);
#7025 = CARTESIAN_POINT('',(1.65,2.388061258337E-16,2.25));
#7026 = VECTOR('',#7027,1.);
#7027 = DIRECTION('',(0.,1.,0.));
#7028 = ORIENTED_EDGE('',*,*,#7029,.T.);
#7029 = EDGE_CURVE('',#7022,#6788,#7030,.T.);
#7030 = LINE('',#7031,#7032);
#7031 = CARTESIAN_POINT('',(-2.95,0.,2.25));
#7032 = VECTOR('',#7033,1.);
#7033 = DIRECTION('',(1.,0.,0.));
#7034 = ORIENTED_EDGE('',*,*,#6787,.F.);
#7035 = ORIENTED_EDGE('',*,*,#7036,.F.);
#7036 = EDGE_CURVE('',#6961,#6780,#7037,.T.);
#7037 = LINE('',#7038,#7039);
#7038 = CARTESIAN_POINT('',(-2.95,0.7,2.25));
#7039 = VECTOR('',#7040,1.);
#7040 = DIRECTION('',(1.,-0.,-0.));
#7041 = ORIENTED_EDGE('',*,*,#6960,.T.);
#7042 = PLANE('',#7043);
#7043 = AXIS2_PLACEMENT_3D('',#7044,#7045,#7046);
#7044 = CARTESIAN_POINT('',(-2.95,6.,2.25));
#7045 = DIRECTION('',(0.,0.,-1.));
#7046 = DIRECTION('',(-1.,0.,-0.));
#7047 = ADVANCED_FACE('',(#7048),#7082,.T.);
#7048 = FACE_BOUND('',#7049,.T.);
#7049 = EDGE_LOOP('',(#7050,#7058,#7059,#7060,#7061,#7069,#7075,#7076));
#7050 = ORIENTED_EDGE('',*,*,#7051,.T.);
#7051 = EDGE_CURVE('',#7052,#6812,#7054,.T.);
#7052 = VERTEX_POINT('',#7053);
#7053 = CARTESIAN_POINT('',(2.45,6.,5.E-02));
#7054 = LINE('',#7055,#7056);
#7055 = CARTESIAN_POINT('',(-2.95,6.,5.E-02));
#7056 = VECTOR('',#7057,1.);
#7057 = DIRECTION('',(1.,-0.,-1.927470528863E-16));
#7058 = ORIENTED_EDGE('',*,*,#6811,.T.);
#7059 = ORIENTED_EDGE('',*,*,#6866,.T.);
#7060 = ORIENTED_EDGE('',*,*,#6952,.T.);
#7061 = ORIENTED_EDGE('',*,*,#7062,.T.);
#7062 = EDGE_CURVE('',#6945,#7063,#7065,.T.);
#7063 = VERTEX_POINT('',#7064);
#7064 = CARTESIAN_POINT('',(-2.45,6.,5.E-02));
#7065 = LINE('',#7066,#7067);
#7066 = CARTESIAN_POINT('',(-2.95,6.,5.E-02));
#7067 = VECTOR('',#7068,1.);
#7068 = DIRECTION('',(1.,-0.,-1.927470528863E-16));
#7069 = ORIENTED_EDGE('',*,*,#7070,.F.);
#7070 = EDGE_CURVE('',#6014,#7063,#7071,.T.);
#7071 = LINE('',#7072,#7073);
#7072 = CARTESIAN_POINT('',(-2.45,6.,-1.75));
#7073 = VECTOR('',#7074,1.);
#7074 = DIRECTION('',(0.,0.,1.));
#7075 = ORIENTED_EDGE('',*,*,#6013,.F.);
#7076 = ORIENTED_EDGE('',*,*,#7077,.F.);
#7077 = EDGE_CURVE('',#7052,#6006,#7078,.T.);
#7078 = LINE('',#7079,#7080);
#7079 = CARTESIAN_POINT('',(2.45,6.,-1.75));
#7080 = VECTOR('',#7081,1.);
#7081 = DIRECTION('',(-0.,-0.,-1.));
#7082 = PLANE('',#7083);
#7083 = AXIS2_PLACEMENT_3D('',#7084,#7085,#7086);
#7084 = CARTESIAN_POINT('',(0.,6.,0.));
#7085 = DIRECTION('',(0.,1.,0.));
#7086 = DIRECTION('',(0.,-0.,1.));
#7087 = ADVANCED_FACE('',(#7088),#7099,.F.);
#7088 = FACE_BOUND('',#7089,.T.);
#7089 = EDGE_LOOP('',(#7090,#7091,#7097,#7098));
#7090 = ORIENTED_EDGE('',*,*,#7029,.F.);
#7091 = ORIENTED_EDGE('',*,*,#7092,.F.);
#7092 = EDGE_CURVE('',#6874,#7022,#7093,.T.);
#7093 = LINE('',#7094,#7095);
#7094 = CARTESIAN_POINT('',(1.65,2.388061258337E-16,-2.25));
#7095 = VECTOR('',#7096,1.);
#7096 = DIRECTION('',(-0.,-0.,1.));
#7097 = ORIENTED_EDGE('',*,*,#6873,.F.);
#7098 = ORIENTED_EDGE('',*,*,#6795,.F.);
#7099 = PLANE('',#7100);
#7100 = AXIS2_PLACEMENT_3D('',#7101,#7102,#7103);
#7101 = CARTESIAN_POINT('',(0.,0.,0.));
#7102 = DIRECTION('',(0.,1.,0.));
#7103 = DIRECTION('',(0.,-0.,1.));
#7104 = ADVANCED_FACE('',(#7105),#7173,.F.);
#7105 = FACE_BOUND('',#7106,.T.);
#7106 = EDGE_LOOP('',(#7107,#7108,#7116,#7125,#7133,#7142,#7148,#7149,
    #7150,#7151,#7157,#7158,#7159,#7165,#7166,#7172));
#7107 = ORIENTED_EDGE('',*,*,#6475,.T.);
#7108 = ORIENTED_EDGE('',*,*,#7109,.T.);
#7109 = EDGE_CURVE('',#6466,#7110,#7112,.T.);
#7110 = VERTEX_POINT('',#7111);
#7111 = CARTESIAN_POINT('',(2.45,4.2,0.8));
#7112 = LINE('',#7113,#7114);
#7113 = CARTESIAN_POINT('',(2.45,1.8,0.8));
#7114 = VECTOR('',#7115,1.);
#7115 = DIRECTION('',(0.,-1.,-1.807003620809E-16));
#7116 = ORIENTED_EDGE('',*,*,#7117,.T.);
#7117 = EDGE_CURVE('',#7110,#7118,#7120,.T.);
#7118 = VERTEX_POINT('',#7119);
#7119 = CARTESIAN_POINT('',(2.45,4.1,0.7));
#7120 = CIRCLE('',#7121,0.1);
#7121 = AXIS2_PLACEMENT_3D('',#7122,#7123,#7124);
#7122 = CARTESIAN_POINT('',(2.45,4.2,0.7));
#7123 = DIRECTION('',(1.,0.,0.));
#7124 = DIRECTION('',(0.,-0.,-1.));
#7125 = ORIENTED_EDGE('',*,*,#7126,.T.);
#7126 = EDGE_CURVE('',#7118,#7127,#7129,.T.);
#7127 = VERTEX_POINT('',#7128);
#7128 = CARTESIAN_POINT('',(2.45,4.1,0.15));
#7129 = LINE('',#7130,#7131);
#7130 = CARTESIAN_POINT('',(2.45,4.1,-1.75));
#7131 = VECTOR('',#7132,1.);
#7132 = DIRECTION('',(0.,0.,-1.));
#7133 = ORIENTED_EDGE('',*,*,#7134,.T.);
#7134 = EDGE_CURVE('',#7127,#7135,#7137,.T.);
#7135 = VERTEX_POINT('',#7136);
#7136 = CARTESIAN_POINT('',(2.45,4.2,5.E-02));
#7137 = CIRCLE('',#7138,0.1);
#7138 = AXIS2_PLACEMENT_3D('',#7139,#7140,#7141);
#7139 = CARTESIAN_POINT('',(2.45,4.2,0.15));
#7140 = DIRECTION('',(1.,0.,0.));
#7141 = DIRECTION('',(0.,-0.,-1.));
#7142 = ORIENTED_EDGE('',*,*,#7143,.T.);
#7143 = EDGE_CURVE('',#7135,#7052,#7144,.T.);
#7144 = LINE('',#7145,#7146);
#7145 = CARTESIAN_POINT('',(2.45,1.8,5.E-02));
#7146 = VECTOR('',#7147,1.);
#7147 = DIRECTION('',(0.,1.,1.129377263006E-16));
#7148 = ORIENTED_EDGE('',*,*,#7077,.T.);
#7149 = ORIENTED_EDGE('',*,*,#6005,.F.);
#7150 = ORIENTED_EDGE('',*,*,#6076,.F.);
#7151 = ORIENTED_EDGE('',*,*,#7152,.F.);
#7152 = EDGE_CURVE('',#6174,#6069,#7153,.T.);
#7153 = LINE('',#7154,#7155);
#7154 = CARTESIAN_POINT('',(2.45,1.2,-0.55));
#7155 = VECTOR('',#7156,1.);
#7156 = DIRECTION('',(0.,-0.707106781187,-0.707106781187));
#7157 = ORIENTED_EDGE('',*,*,#6171,.F.);
#7158 = ORIENTED_EDGE('',*,*,#6609,.T.);
#7159 = ORIENTED_EDGE('',*,*,#7160,.F.);
#7160 = EDGE_CURVE('',#6642,#6602,#7161,.T.);
#7161 = LINE('',#7162,#7163);
#7162 = CARTESIAN_POINT('',(2.45,2.3,2.25));
#7163 = VECTOR('',#7164,1.);
#7164 = DIRECTION('',(-0.,-0.,-1.));
#7165 = ORIENTED_EDGE('',*,*,#6641,.F.);
#7166 = ORIENTED_EDGE('',*,*,#7167,.T.);
#7167 = EDGE_CURVE('',#6634,#6578,#7168,.T.);
#7168 = LINE('',#7169,#7170);
#7169 = CARTESIAN_POINT('',(2.45,4.,2.25));
#7170 = VECTOR('',#7171,1.);
#7171 = DIRECTION('',(-0.,-0.,-1.));
#7172 = ORIENTED_EDGE('',*,*,#6577,.T.);
#7173 = PLANE('',#7174);
#7174 = AXIS2_PLACEMENT_3D('',#7175,#7176,#7177);
#7175 = CARTESIAN_POINT('',(2.45,1.8,-1.75));
#7176 = DIRECTION('',(1.,0.,-0.));
#7177 = DIRECTION('',(-0.,0.,-1.));
#7178 = ADVANCED_FACE('',(#7179),#7227,.F.);
#7179 = FACE_BOUND('',#7180,.T.);
#7180 = EDGE_LOOP('',(#7181,#7191,#7199,#7205,#7206,#7212,#7213,#7221));
#7181 = ORIENTED_EDGE('',*,*,#7182,.F.);
#7182 = EDGE_CURVE('',#7183,#7185,#7187,.T.);
#7183 = VERTEX_POINT('',#7184);
#7184 = CARTESIAN_POINT('',(-1.45,4.,1.75));
#7185 = VERTEX_POINT('',#7186);
#7186 = CARTESIAN_POINT('',(-1.45,2.3,1.75));
#7187 = LINE('',#7188,#7189);
#7188 = CARTESIAN_POINT('',(-1.45,4.,1.75));
#7189 = VECTOR('',#7190,1.);
#7190 = DIRECTION('',(-2.55106393526E-16,-1.,0.));
#7191 = ORIENTED_EDGE('',*,*,#7192,.F.);
#7192 = EDGE_CURVE('',#7193,#7183,#7195,.T.);
#7193 = VERTEX_POINT('',#7194);
#7194 = CARTESIAN_POINT('',(-2.45,4.,1.75));
#7195 = LINE('',#7196,#7197);
#7196 = CARTESIAN_POINT('',(-2.45,4.,1.75));
#7197 = VECTOR('',#7198,1.);
#7198 = DIRECTION('',(1.,-8.673617379884E-16,0.));
#7199 = ORIENTED_EDGE('',*,*,#7200,.T.);
#7200 = EDGE_CURVE('',#7193,#6556,#7201,.T.);
#7201 = LINE('',#7202,#7203);
#7202 = CARTESIAN_POINT('',(-2.45,1.8,1.75));
#7203 = VECTOR('',#7204,1.);
#7204 = DIRECTION('',(-0.,1.,-0.));
#7205 = ORIENTED_EDGE('',*,*,#6555,.T.);
#7206 = ORIENTED_EDGE('',*,*,#7207,.F.);
#7207 = EDGE_CURVE('',#6198,#6548,#7208,.T.);
#7208 = LINE('',#7209,#7210);
#7209 = CARTESIAN_POINT('',(-0.75,6.,1.75));
#7210 = VECTOR('',#7211,1.);
#7211 = DIRECTION('',(1.032573497605E-16,1.,-0.));
#7212 = ORIENTED_EDGE('',*,*,#6197,.F.);
#7213 = ORIENTED_EDGE('',*,*,#7214,.T.);
#7214 = EDGE_CURVE('',#6190,#7215,#7217,.T.);
#7215 = VERTEX_POINT('',#7216);
#7216 = CARTESIAN_POINT('',(-2.45,2.3,1.75));
#7217 = LINE('',#7218,#7219);
#7218 = CARTESIAN_POINT('',(-2.45,1.8,1.75));
#7219 = VECTOR('',#7220,1.);
#7220 = DIRECTION('',(-0.,1.,-0.));
#7221 = ORIENTED_EDGE('',*,*,#7222,.F.);
#7222 = EDGE_CURVE('',#7185,#7215,#7223,.T.);
#7223 = LINE('',#7224,#7225);
#7224 = CARTESIAN_POINT('',(-2.45,2.3,1.75));
#7225 = VECTOR('',#7226,1.);
#7226 = DIRECTION('',(-1.,-0.,-0.));
#7227 = PLANE('',#7228);
#7228 = AXIS2_PLACEMENT_3D('',#7229,#7230,#7231);
#7229 = CARTESIAN_POINT('',(-2.45,1.8,1.75));
#7230 = DIRECTION('',(-0.,0.,1.));
#7231 = DIRECTION('',(1.,0.,0.));
#7232 = ADVANCED_FACE('',(#7233),#7301,.F.);
#7233 = FACE_BOUND('',#7234,.T.);
#7234 = EDGE_LOOP('',(#7235,#7246,#7252,#7253,#7254,#7260,#7261,#7267,
    #7268,#7269,#7275,#7276,#7277,#7278,#7286,#7295));
#7235 = ORIENTED_EDGE('',*,*,#7236,.T.);
#7236 = EDGE_CURVE('',#7237,#7239,#7241,.T.);
#7237 = VERTEX_POINT('',#7238);
#7238 = CARTESIAN_POINT('',(-2.45,4.1,0.7));
#7239 = VERTEX_POINT('',#7240);
#7240 = CARTESIAN_POINT('',(-2.45,4.2,0.8));
#7241 = CIRCLE('',#7242,0.1);
#7242 = AXIS2_PLACEMENT_3D('',#7243,#7244,#7245);
#7243 = CARTESIAN_POINT('',(-2.45,4.2,0.7));
#7244 = DIRECTION('',(-1.,0.,0.));
#7245 = DIRECTION('',(0.,0.,1.));
#7246 = ORIENTED_EDGE('',*,*,#7247,.T.);
#7247 = EDGE_CURVE('',#7239,#6524,#7248,.T.);
#7248 = LINE('',#7249,#7250);
#7249 = CARTESIAN_POINT('',(-2.45,1.8,0.8));
#7250 = VECTOR('',#7251,1.);
#7251 = DIRECTION('',(0.,1.,1.807003620809E-16));
#7252 = ORIENTED_EDGE('',*,*,#6563,.T.);
#7253 = ORIENTED_EDGE('',*,*,#7200,.F.);
#7254 = ORIENTED_EDGE('',*,*,#7255,.F.);
#7255 = EDGE_CURVE('',#6668,#7193,#7256,.T.);
#7256 = LINE('',#7257,#7258);
#7257 = CARTESIAN_POINT('',(-2.45,4.,2.25));
#7258 = VECTOR('',#7259,1.);
#7259 = DIRECTION('',(-0.,-0.,-1.));
#7260 = ORIENTED_EDGE('',*,*,#6665,.F.);
#7261 = ORIENTED_EDGE('',*,*,#7262,.T.);
#7262 = EDGE_CURVE('',#6666,#7215,#7263,.T.);
#7263 = LINE('',#7264,#7265);
#7264 = CARTESIAN_POINT('',(-2.45,2.3,2.25));
#7265 = VECTOR('',#7266,1.);
#7266 = DIRECTION('',(-0.,-0.,-1.));
#7267 = ORIENTED_EDGE('',*,*,#7214,.F.);
#7268 = ORIENTED_EDGE('',*,*,#6189,.F.);
#7269 = ORIENTED_EDGE('',*,*,#7270,.T.);
#7270 = EDGE_CURVE('',#6182,#6061,#7271,.T.);
#7271 = LINE('',#7272,#7273);
#7272 = CARTESIAN_POINT('',(-2.45,1.2,-0.55));
#7273 = VECTOR('',#7274,1.);
#7274 = DIRECTION('',(-0.,-0.707106781187,-0.707106781187));
#7275 = ORIENTED_EDGE('',*,*,#6060,.T.);
#7276 = ORIENTED_EDGE('',*,*,#6021,.T.);
#7277 = ORIENTED_EDGE('',*,*,#7070,.T.);
#7278 = ORIENTED_EDGE('',*,*,#7279,.T.);
#7279 = EDGE_CURVE('',#7063,#7280,#7282,.T.);
#7280 = VERTEX_POINT('',#7281);
#7281 = CARTESIAN_POINT('',(-2.45,4.2,5.E-02));
#7282 = LINE('',#7283,#7284);
#7283 = CARTESIAN_POINT('',(-2.45,1.8,5.E-02));
#7284 = VECTOR('',#7285,1.);
#7285 = DIRECTION('',(0.,-1.,-1.129377263006E-16));
#7286 = ORIENTED_EDGE('',*,*,#7287,.T.);
#7287 = EDGE_CURVE('',#7280,#7288,#7290,.T.);
#7288 = VERTEX_POINT('',#7289);
#7289 = CARTESIAN_POINT('',(-2.45,4.1,0.15));
#7290 = CIRCLE('',#7291,0.1);
#7291 = AXIS2_PLACEMENT_3D('',#7292,#7293,#7294);
#7292 = CARTESIAN_POINT('',(-2.45,4.2,0.15));
#7293 = DIRECTION('',(-1.,0.,0.));
#7294 = DIRECTION('',(0.,0.,1.));
#7295 = ORIENTED_EDGE('',*,*,#7296,.T.);
#7296 = EDGE_CURVE('',#7288,#7237,#7297,.T.);
#7297 = LINE('',#7298,#7299);
#7298 = CARTESIAN_POINT('',(-2.45,4.1,-1.75));
#7299 = VECTOR('',#7300,1.);
#7300 = DIRECTION('',(0.,0.,1.));
#7301 = PLANE('',#7302);
#7302 = AXIS2_PLACEMENT_3D('',#7303,#7304,#7305);
#7303 = CARTESIAN_POINT('',(-2.45,1.8,-1.75));
#7304 = DIRECTION('',(-1.,0.,0.));
#7305 = DIRECTION('',(0.,0.,1.));
#7306 = ADVANCED_FACE('',(#7307),#7318,.F.);
#7307 = FACE_BOUND('',#7308,.T.);
#7308 = EDGE_LOOP('',(#7309,#7310,#7311,#7312));
#7309 = ORIENTED_EDGE('',*,*,#6763,.T.);
#7310 = ORIENTED_EDGE('',*,*,#6722,.F.);
#7311 = ORIENTED_EDGE('',*,*,#6984,.F.);
#7312 = ORIENTED_EDGE('',*,*,#7313,.T.);
#7313 = EDGE_CURVE('',#6977,#6764,#7314,.T.);
#7314 = LINE('',#7315,#7316);
#7315 = CARTESIAN_POINT('',(-2.95,1.2,1.75));
#7316 = VECTOR('',#7317,1.);
#7317 = DIRECTION('',(1.,-0.,-0.));
#7318 = PLANE('',#7319);
#7319 = AXIS2_PLACEMENT_3D('',#7320,#7321,#7322);
#7320 = CARTESIAN_POINT('',(-2.95,1.2,2.25));
#7321 = DIRECTION('',(0.,1.,0.));
#7322 = DIRECTION('',(0.,-0.,1.));
#7323 = ADVANCED_FACE('',(#7324),#7335,.F.);
#7324 = FACE_BOUND('',#7325,.T.);
#7325 = EDGE_LOOP('',(#7326,#7327,#7328,#7329));
#7326 = ORIENTED_EDGE('',*,*,#6771,.T.);
#7327 = ORIENTED_EDGE('',*,*,#7313,.F.);
#7328 = ORIENTED_EDGE('',*,*,#6976,.F.);
#7329 = ORIENTED_EDGE('',*,*,#7330,.T.);
#7330 = EDGE_CURVE('',#6969,#6772,#7331,.T.);
#7331 = LINE('',#7332,#7333);
#7332 = CARTESIAN_POINT('',(-2.95,0.7,1.75));
#7333 = VECTOR('',#7334,1.);
#7334 = DIRECTION('',(1.,-0.,-0.));
#7335 = PLANE('',#7336);
#7336 = AXIS2_PLACEMENT_3D('',#7337,#7338,#7339);
#7337 = CARTESIAN_POINT('',(-2.95,1.2,1.75));
#7338 = DIRECTION('',(-0.,0.,-1.));
#7339 = DIRECTION('',(-1.,0.,0.));
#7340 = ADVANCED_FACE('',(#7341),#7347,.F.);
#7341 = FACE_BOUND('',#7342,.T.);
#7342 = EDGE_LOOP('',(#7343,#7344,#7345,#7346));
#7343 = ORIENTED_EDGE('',*,*,#6779,.T.);
#7344 = ORIENTED_EDGE('',*,*,#7330,.F.);
#7345 = ORIENTED_EDGE('',*,*,#6968,.F.);
#7346 = ORIENTED_EDGE('',*,*,#7036,.T.);
#7347 = PLANE('',#7348);
#7348 = AXIS2_PLACEMENT_3D('',#7349,#7350,#7351);
#7349 = CARTESIAN_POINT('',(-2.95,0.7,2.25));
#7350 = DIRECTION('',(0.,-1.,-0.));
#7351 = DIRECTION('',(0.,0.,-1.));
#7352 = ADVANCED_FACE('',(#7353),#7359,.T.);
#7353 = FACE_BOUND('',#7354,.T.);
#7354 = EDGE_LOOP('',(#7355,#7356,#7357,#7358));
#7355 = ORIENTED_EDGE('',*,*,#7152,.T.);
#7356 = ORIENTED_EDGE('',*,*,#6068,.T.);
#7357 = ORIENTED_EDGE('',*,*,#7270,.F.);
#7358 = ORIENTED_EDGE('',*,*,#6181,.F.);
#7359 = PLANE('',#7360);
#7360 = AXIS2_PLACEMENT_3D('',#7361,#7362,#7363);
#7361 = CARTESIAN_POINT('',(4.347366596101,1.2,-0.55));
#7362 = DIRECTION('',(0.,0.707106781187,-0.707106781187));
#7363 = DIRECTION('',(0.,0.707106781187,0.707106781187));
#7364 = ADVANCED_FACE('',(#7365),#7376,.F.);
#7365 = FACE_BOUND('',#7366,.T.);
#7366 = EDGE_LOOP('',(#7367,#7368,#7374,#7375));
#7367 = ORIENTED_EDGE('',*,*,#7192,.T.);
#7368 = ORIENTED_EDGE('',*,*,#7369,.F.);
#7369 = EDGE_CURVE('',#6676,#7183,#7370,.T.);
#7370 = LINE('',#7371,#7372);
#7371 = CARTESIAN_POINT('',(-1.45,4.,2.25));
#7372 = VECTOR('',#7373,1.);
#7373 = DIRECTION('',(-0.,-0.,-1.));
#7374 = ORIENTED_EDGE('',*,*,#6675,.F.);
#7375 = ORIENTED_EDGE('',*,*,#7255,.T.);
#7376 = PLANE('',#7377);
#7377 = AXIS2_PLACEMENT_3D('',#7378,#7379,#7380);
#7378 = CARTESIAN_POINT('',(-2.45,4.,2.25));
#7379 = DIRECTION('',(8.673617379884E-16,1.,-0.));
#7380 = DIRECTION('',(-1.,8.673617379884E-16,0.));
#7381 = ADVANCED_FACE('',(#7382),#7393,.F.);
#7382 = FACE_BOUND('',#7383,.T.);
#7383 = EDGE_LOOP('',(#7384,#7385,#7386,#7387));
#7384 = ORIENTED_EDGE('',*,*,#7222,.T.);
#7385 = ORIENTED_EDGE('',*,*,#7262,.F.);
#7386 = ORIENTED_EDGE('',*,*,#6691,.F.);
#7387 = ORIENTED_EDGE('',*,*,#7388,.T.);
#7388 = EDGE_CURVE('',#6684,#7185,#7389,.T.);
#7389 = LINE('',#7390,#7391);
#7390 = CARTESIAN_POINT('',(-1.45,2.3,2.25));
#7391 = VECTOR('',#7392,1.);
#7392 = DIRECTION('',(-0.,-0.,-1.));
#7393 = PLANE('',#7394);
#7394 = AXIS2_PLACEMENT_3D('',#7395,#7396,#7397);
#7395 = CARTESIAN_POINT('',(-2.45,2.3,2.25));
#7396 = DIRECTION('',(0.,-1.,0.));
#7397 = DIRECTION('',(0.,-0.,-1.));
#7398 = ADVANCED_FACE('',(#7399),#7405,.F.);
#7399 = FACE_BOUND('',#7400,.T.);
#7400 = EDGE_LOOP('',(#7401,#7402,#7403,#7404));
#7401 = ORIENTED_EDGE('',*,*,#7182,.T.);
#7402 = ORIENTED_EDGE('',*,*,#7388,.F.);
#7403 = ORIENTED_EDGE('',*,*,#6683,.F.);
#7404 = ORIENTED_EDGE('',*,*,#7369,.T.);
#7405 = PLANE('',#7406);
#7406 = AXIS2_PLACEMENT_3D('',#7407,#7408,#7409);
#7407 = CARTESIAN_POINT('',(-1.45,4.,2.25));
#7408 = DIRECTION('',(1.,-2.55106393526E-16,0.));
#7409 = DIRECTION('',(2.55106393526E-16,1.,0.));
#7410 = ADVANCED_FACE('',(#7411),#7417,.F.);
#7411 = FACE_BOUND('',#7412,.T.);
#7412 = EDGE_LOOP('',(#7413,#7414,#7415,#7416));
#7413 = ORIENTED_EDGE('',*,*,#6616,.T.);
#7414 = ORIENTED_EDGE('',*,*,#6221,.F.);
#7415 = ORIENTED_EDGE('',*,*,#6700,.F.);
#7416 = ORIENTED_EDGE('',*,*,#6491,.T.);
#7417 = PLANE('',#7418);
#7418 = AXIS2_PLACEMENT_3D('',#7419,#7420,#7421);
#7419 = CARTESIAN_POINT('',(0.75,6.,2.25));
#7420 = DIRECTION('',(1.,1.032573497605E-16,-0.));
#7421 = DIRECTION('',(-1.032573497605E-16,1.,0.));
#7422 = ADVANCED_FACE('',(#7423),#7429,.F.);
#7423 = FACE_BOUND('',#7424,.T.);
#7424 = EDGE_LOOP('',(#7425,#7426,#7427,#7428));
#7425 = ORIENTED_EDGE('',*,*,#7207,.T.);
#7426 = ORIENTED_EDGE('',*,*,#6547,.F.);
#7427 = ORIENTED_EDGE('',*,*,#6707,.F.);
#7428 = ORIENTED_EDGE('',*,*,#6205,.T.);
#7429 = PLANE('',#7430);
#7430 = AXIS2_PLACEMENT_3D('',#7431,#7432,#7433);
#7431 = CARTESIAN_POINT('',(-0.75,6.,2.25));
#7432 = DIRECTION('',(-1.,1.032573497605E-16,0.));
#7433 = DIRECTION('',(-1.032573497605E-16,-1.,0.));
#7434 = ADVANCED_FACE('',(#7435),#7446,.F.);
#7435 = FACE_BOUND('',#7436,.T.);
#7436 = EDGE_LOOP('',(#7437,#7438,#7439,#7440));
#7437 = ORIENTED_EDGE('',*,*,#6585,.T.);
#7438 = ORIENTED_EDGE('',*,*,#7167,.F.);
#7439 = ORIENTED_EDGE('',*,*,#6631,.F.);
#7440 = ORIENTED_EDGE('',*,*,#7441,.T.);
#7441 = EDGE_CURVE('',#6632,#6586,#7442,.T.);
#7442 = LINE('',#7443,#7444);
#7443 = CARTESIAN_POINT('',(1.45,4.,2.25));
#7444 = VECTOR('',#7445,1.);
#7445 = DIRECTION('',(-0.,-0.,-1.));
#7446 = PLANE('',#7447);
#7447 = AXIS2_PLACEMENT_3D('',#7448,#7449,#7450);
#7448 = CARTESIAN_POINT('',(2.45,4.,2.25));
#7449 = DIRECTION('',(0.,1.,-0.));
#7450 = DIRECTION('',(0.,0.,1.));
#7451 = ADVANCED_FACE('',(#7452),#7463,.F.);
#7452 = FACE_BOUND('',#7453,.T.);
#7453 = EDGE_LOOP('',(#7454,#7455,#7456,#7457));
#7454 = ORIENTED_EDGE('',*,*,#6593,.T.);
#7455 = ORIENTED_EDGE('',*,*,#7441,.F.);
#7456 = ORIENTED_EDGE('',*,*,#6657,.F.);
#7457 = ORIENTED_EDGE('',*,*,#7458,.T.);
#7458 = EDGE_CURVE('',#6650,#6594,#7459,.T.);
#7459 = LINE('',#7460,#7461);
#7460 = CARTESIAN_POINT('',(1.45,2.3,2.25));
#7461 = VECTOR('',#7462,1.);
#7462 = DIRECTION('',(-0.,-0.,-1.));
#7463 = PLANE('',#7464);
#7464 = AXIS2_PLACEMENT_3D('',#7465,#7466,#7467);
#7465 = CARTESIAN_POINT('',(1.45,4.,2.25));
#7466 = DIRECTION('',(-1.,0.,0.));
#7467 = DIRECTION('',(0.,0.,1.));
#7468 = ADVANCED_FACE('',(#7469),#7475,.F.);
#7469 = FACE_BOUND('',#7470,.T.);
#7470 = EDGE_LOOP('',(#7471,#7472,#7473,#7474));
#7471 = ORIENTED_EDGE('',*,*,#6601,.T.);
#7472 = ORIENTED_EDGE('',*,*,#7458,.F.);
#7473 = ORIENTED_EDGE('',*,*,#6649,.F.);
#7474 = ORIENTED_EDGE('',*,*,#7160,.T.);
#7475 = PLANE('',#7476);
#7476 = AXIS2_PLACEMENT_3D('',#7477,#7478,#7479);
#7477 = CARTESIAN_POINT('',(2.45,2.3,2.25));
#7478 = DIRECTION('',(0.,-1.,0.));
#7479 = DIRECTION('',(0.,-0.,-1.));
#7480 = ADVANCED_FACE('',(#7481),#7497,.F.);
#7481 = FACE_BOUND('',#7482,.F.);
#7482 = EDGE_LOOP('',(#7483,#7484,#7490,#7491));
#7483 = ORIENTED_EDGE('',*,*,#7236,.T.);
#7484 = ORIENTED_EDGE('',*,*,#7485,.F.);
#7485 = EDGE_CURVE('',#6911,#7239,#7486,.T.);
#7486 = LINE('',#7487,#7488);
#7487 = CARTESIAN_POINT('',(-2.95,4.2,0.8));
#7488 = VECTOR('',#7489,1.);
#7489 = DIRECTION('',(1.,-0.,-1.927470528863E-16));
#7490 = ORIENTED_EDGE('',*,*,#6918,.T.);
#7491 = ORIENTED_EDGE('',*,*,#7492,.T.);
#7492 = EDGE_CURVE('',#6919,#7237,#7493,.T.);
#7493 = LINE('',#7494,#7495);
#7494 = CARTESIAN_POINT('',(-2.95,4.1,0.7));
#7495 = VECTOR('',#7496,1.);
#7496 = DIRECTION('',(1.,-0.,-1.927470528863E-16));
#7497 = CYLINDRICAL_SURFACE('',#7498,0.1);
#7498 = AXIS2_PLACEMENT_3D('',#7499,#7500,#7501);
#7499 = CARTESIAN_POINT('',(-2.95,4.2,0.7));
#7500 = DIRECTION('',(1.,-0.,-1.927470528863E-16));
#7501 = DIRECTION('',(-1.927470528863E-16,0.,-1.));
#7502 = ADVANCED_FACE('',(#7503),#7514,.F.);
#7503 = FACE_BOUND('',#7504,.T.);
#7504 = EDGE_LOOP('',(#7505,#7511,#7512,#7513));
#7505 = ORIENTED_EDGE('',*,*,#7506,.F.);
#7506 = EDGE_CURVE('',#6928,#7288,#7507,.T.);
#7507 = LINE('',#7508,#7509);
#7508 = CARTESIAN_POINT('',(-2.95,4.1,0.15));
#7509 = VECTOR('',#7510,1.);
#7510 = DIRECTION('',(1.,-0.,-1.927470528863E-16));
#7511 = ORIENTED_EDGE('',*,*,#6927,.F.);
#7512 = ORIENTED_EDGE('',*,*,#7492,.T.);
#7513 = ORIENTED_EDGE('',*,*,#7296,.F.);
#7514 = PLANE('',#7515);
#7515 = AXIS2_PLACEMENT_3D('',#7516,#7517,#7518);
#7516 = CARTESIAN_POINT('',(-2.95,4.1,0.7));
#7517 = DIRECTION('',(0.,-1.,-0.));
#7518 = DIRECTION('',(0.,0.,-1.));
#7519 = ADVANCED_FACE('',(#7520),#7531,.F.);
#7520 = FACE_BOUND('',#7521,.F.);
#7521 = EDGE_LOOP('',(#7522,#7523,#7524,#7525));
#7522 = ORIENTED_EDGE('',*,*,#7287,.T.);
#7523 = ORIENTED_EDGE('',*,*,#7506,.F.);
#7524 = ORIENTED_EDGE('',*,*,#6935,.T.);
#7525 = ORIENTED_EDGE('',*,*,#7526,.T.);
#7526 = EDGE_CURVE('',#6936,#7280,#7527,.T.);
#7527 = LINE('',#7528,#7529);
#7528 = CARTESIAN_POINT('',(-2.95,4.2,5.E-02));
#7529 = VECTOR('',#7530,1.);
#7530 = DIRECTION('',(1.,-0.,-1.927470528863E-16));
#7531 = CYLINDRICAL_SURFACE('',#7532,0.1);
#7532 = AXIS2_PLACEMENT_3D('',#7533,#7534,#7535);
#7533 = CARTESIAN_POINT('',(-2.95,4.2,0.15));
#7534 = DIRECTION('',(1.,-0.,-1.927470528863E-16));
#7535 = DIRECTION('',(-1.927470528863E-16,0.,-1.));
#7536 = ADVANCED_FACE('',(#7537),#7543,.F.);
#7537 = FACE_BOUND('',#7538,.T.);
#7538 = EDGE_LOOP('',(#7539,#7540,#7541,#7542));
#7539 = ORIENTED_EDGE('',*,*,#7062,.F.);
#7540 = ORIENTED_EDGE('',*,*,#6944,.F.);
#7541 = ORIENTED_EDGE('',*,*,#7526,.T.);
#7542 = ORIENTED_EDGE('',*,*,#7279,.F.);
#7543 = PLANE('',#7544);
#7544 = AXIS2_PLACEMENT_3D('',#7545,#7546,#7547);
#7545 = CARTESIAN_POINT('',(-2.95,6.,5.E-02));
#7546 = DIRECTION('',(-1.927470528863E-16,1.129377263006E-16,-1.));
#7547 = DIRECTION('',(-1.,0.,1.927470528863E-16));
#7548 = ADVANCED_FACE('',(#7549),#7555,.F.);
#7549 = FACE_BOUND('',#7550,.T.);
#7550 = EDGE_LOOP('',(#7551,#7552,#7553,#7554));
#7551 = ORIENTED_EDGE('',*,*,#7485,.F.);
#7552 = ORIENTED_EDGE('',*,*,#6910,.F.);
#7553 = ORIENTED_EDGE('',*,*,#6521,.T.);
#7554 = ORIENTED_EDGE('',*,*,#7247,.F.);
#7555 = PLANE('',#7556);
#7556 = AXIS2_PLACEMENT_3D('',#7557,#7558,#7559);
#7557 = CARTESIAN_POINT('',(-2.95,6.,0.8));
#7558 = DIRECTION('',(1.927470528863E-16,-1.807003620809E-16,1.));
#7559 = DIRECTION('',(1.,0.,-1.927470528863E-16));
#7560 = ADVANCED_FACE('',(#7561),#7572,.F.);
#7561 = FACE_BOUND('',#7562,.T.);
#7562 = EDGE_LOOP('',(#7563,#7564,#7565,#7571));
#7563 = ORIENTED_EDGE('',*,*,#6465,.T.);
#7564 = ORIENTED_EDGE('',*,*,#6755,.T.);
#7565 = ORIENTED_EDGE('',*,*,#7566,.F.);
#7566 = EDGE_CURVE('',#7110,#6745,#7567,.T.);
#7567 = LINE('',#7568,#7569);
#7568 = CARTESIAN_POINT('',(-2.95,4.2,0.8));
#7569 = VECTOR('',#7570,1.);
#7570 = DIRECTION('',(1.,-0.,-1.927470528863E-16));
#7571 = ORIENTED_EDGE('',*,*,#7109,.F.);
#7572 = PLANE('',#7573);
#7573 = AXIS2_PLACEMENT_3D('',#7574,#7575,#7576);
#7574 = CARTESIAN_POINT('',(-2.95,6.,0.8));
#7575 = DIRECTION('',(1.927470528863E-16,-1.807003620809E-16,1.));
#7576 = DIRECTION('',(1.,0.,-1.927470528863E-16));
#7577 = ADVANCED_FACE('',(#7578),#7589,.F.);
#7578 = FACE_BOUND('',#7579,.T.);
#7579 = EDGE_LOOP('',(#7580,#7586,#7587,#7588));
#7580 = ORIENTED_EDGE('',*,*,#7581,.T.);
#7581 = EDGE_CURVE('',#7135,#6820,#7582,.T.);
#7582 = LINE('',#7583,#7584);
#7583 = CARTESIAN_POINT('',(-2.95,4.2,5.E-02));
#7584 = VECTOR('',#7585,1.);
#7585 = DIRECTION('',(1.,-0.,-1.927470528863E-16));
#7586 = ORIENTED_EDGE('',*,*,#6819,.T.);
#7587 = ORIENTED_EDGE('',*,*,#7051,.F.);
#7588 = ORIENTED_EDGE('',*,*,#7143,.F.);
#7589 = PLANE('',#7590);
#7590 = AXIS2_PLACEMENT_3D('',#7591,#7592,#7593);
#7591 = CARTESIAN_POINT('',(-2.95,6.,5.E-02));
#7592 = DIRECTION('',(-1.927470528863E-16,1.129377263006E-16,-1.));
#7593 = DIRECTION('',(-1.,0.,1.927470528863E-16));
#7594 = ADVANCED_FACE('',(#7595),#7606,.F.);
#7595 = FACE_BOUND('',#7596,.F.);
#7596 = EDGE_LOOP('',(#7597,#7598,#7599,#7600));
#7597 = ORIENTED_EDGE('',*,*,#7134,.T.);
#7598 = ORIENTED_EDGE('',*,*,#7581,.T.);
#7599 = ORIENTED_EDGE('',*,*,#6827,.F.);
#7600 = ORIENTED_EDGE('',*,*,#7601,.F.);
#7601 = EDGE_CURVE('',#7127,#6828,#7602,.T.);
#7602 = LINE('',#7603,#7604);
#7603 = CARTESIAN_POINT('',(-2.95,4.1,0.15));
#7604 = VECTOR('',#7605,1.);
#7605 = DIRECTION('',(1.,-0.,-1.927470528863E-16));
#7606 = CYLINDRICAL_SURFACE('',#7607,0.1);
#7607 = AXIS2_PLACEMENT_3D('',#7608,#7609,#7610);
#7608 = CARTESIAN_POINT('',(-2.95,4.2,0.15));
#7609 = DIRECTION('',(1.,-0.,-1.927470528863E-16));
#7610 = DIRECTION('',(-1.927470528863E-16,0.,-1.));
#7611 = ADVANCED_FACE('',(#7612),#7623,.F.);
#7612 = FACE_BOUND('',#7613,.T.);
#7613 = EDGE_LOOP('',(#7614,#7620,#7621,#7622));
#7614 = ORIENTED_EDGE('',*,*,#7615,.T.);
#7615 = EDGE_CURVE('',#7118,#6747,#7616,.T.);
#7616 = LINE('',#7617,#7618);
#7617 = CARTESIAN_POINT('',(-2.95,4.1,0.7));
#7618 = VECTOR('',#7619,1.);
#7619 = DIRECTION('',(1.,-0.,-1.927470528863E-16));
#7620 = ORIENTED_EDGE('',*,*,#6836,.T.);
#7621 = ORIENTED_EDGE('',*,*,#7601,.F.);
#7622 = ORIENTED_EDGE('',*,*,#7126,.F.);
#7623 = PLANE('',#7624);
#7624 = AXIS2_PLACEMENT_3D('',#7625,#7626,#7627);
#7625 = CARTESIAN_POINT('',(-2.95,4.1,0.7));
#7626 = DIRECTION('',(0.,-1.,-0.));
#7627 = DIRECTION('',(0.,0.,-1.));
#7628 = ADVANCED_FACE('',(#7629),#7635,.F.);
#7629 = FACE_BOUND('',#7630,.F.);
#7630 = EDGE_LOOP('',(#7631,#7632,#7633,#7634));
#7631 = ORIENTED_EDGE('',*,*,#7117,.T.);
#7632 = ORIENTED_EDGE('',*,*,#7615,.T.);
#7633 = ORIENTED_EDGE('',*,*,#6744,.F.);
#7634 = ORIENTED_EDGE('',*,*,#7566,.F.);
#7635 = CYLINDRICAL_SURFACE('',#7636,0.1);
#7636 = AXIS2_PLACEMENT_3D('',#7637,#7638,#7639);
#7637 = CARTESIAN_POINT('',(-2.95,4.2,0.7));
#7638 = DIRECTION('',(1.,-0.,-1.927470528863E-16));
#7639 = DIRECTION('',(-1.927470528863E-16,0.,-1.));
#7640 = ADVANCED_FACE('',(#7641),#7647,.F.);
#7641 = FACE_BOUND('',#7642,.T.);
#7642 = EDGE_LOOP('',(#7643,#7644,#7645,#7646));
#7643 = ORIENTED_EDGE('',*,*,#7014,.T.);
#7644 = ORIENTED_EDGE('',*,*,#6451,.F.);
#7645 = ORIENTED_EDGE('',*,*,#6888,.F.);
#7646 = ORIENTED_EDGE('',*,*,#6107,.T.);
#7647 = PLANE('',#7648);
#7648 = AXIS2_PLACEMENT_3D('',#7649,#7650,#7651);
#7649 = CARTESIAN_POINT('',(0.35,0.,-2.25));
#7650 = DIRECTION('',(-1.,0.,0.));
#7651 = DIRECTION('',(0.,0.,1.));
#7652 = ADVANCED_FACE('',(#7653),#7659,.F.);
#7653 = FACE_BOUND('',#7654,.T.);
#7654 = EDGE_LOOP('',(#7655,#7656,#7657,#7658));
#7655 = ORIENTED_EDGE('',*,*,#7021,.T.);
#7656 = ORIENTED_EDGE('',*,*,#6123,.F.);
#7657 = ORIENTED_EDGE('',*,*,#6881,.F.);
#7658 = ORIENTED_EDGE('',*,*,#7092,.T.);
#7659 = PLANE('',#7660);
#7660 = AXIS2_PLACEMENT_3D('',#7661,#7662,#7663);
#7661 = CARTESIAN_POINT('',(1.65,2.388061258337E-16,-2.25));
#7662 = DIRECTION('',(1.,-0.,0.));
#7663 = DIRECTION('',(0.,0.,-1.));
#7664 = ADVANCED_FACE('',(#7665),#7671,.F.);
#7665 = FACE_BOUND('',#7666,.T.);
#7666 = EDGE_LOOP('',(#7667,#7668,#7669,#7670));
#7667 = ORIENTED_EDGE('',*,*,#7000,.T.);
#7668 = ORIENTED_EDGE('',*,*,#6395,.F.);
#7669 = ORIENTED_EDGE('',*,*,#6851,.F.);
#7670 = ORIENTED_EDGE('',*,*,#6321,.T.);
#7671 = PLANE('',#7672);
#7672 = AXIS2_PLACEMENT_3D('',#7673,#7674,#7675);
#7673 = CARTESIAN_POINT('',(-1.65,0.,-2.25));
#7674 = DIRECTION('',(-1.,0.,0.));
#7675 = DIRECTION('',(0.,0.,1.));
#7676 = ADVANCED_FACE('',(#7677),#7683,.F.);
#7677 = FACE_BOUND('',#7678,.T.);
#7678 = EDGE_LOOP('',(#7679,#7680,#7681,#7682));
#7679 = ORIENTED_EDGE('',*,*,#7007,.T.);
#7680 = ORIENTED_EDGE('',*,*,#6337,.F.);
#7681 = ORIENTED_EDGE('',*,*,#6895,.F.);
#7682 = ORIENTED_EDGE('',*,*,#6435,.T.);
#7683 = PLANE('',#7684);
#7684 = AXIS2_PLACEMENT_3D('',#7685,#7686,#7687);
#7685 = CARTESIAN_POINT('',(-0.35,2.388061258337E-16,-2.25));
#7686 = DIRECTION('',(1.,-0.,0.));
#7687 = DIRECTION('',(0.,0.,-1.));
#7688 = ADVANCED_FACE('',(#7689),#7714,.F.);
#7689 = FACE_BOUND('',#7690,.T.);
#7690 = EDGE_LOOP('',(#7691,#7699,#7707,#7713));
#7691 = ORIENTED_EDGE('',*,*,#7692,.F.);
#7692 = EDGE_CURVE('',#7693,#6238,#7695,.T.);
#7693 = VERTEX_POINT('',#7694);
#7694 = CARTESIAN_POINT('',(-0.75,5.05,0.3));
#7695 = LINE('',#7696,#7697);
#7696 = CARTESIAN_POINT('',(-0.75,5.2,0.3));
#7697 = VECTOR('',#7698,1.);
#7698 = DIRECTION('',(-0.,-1.,-0.));
#7699 = ORIENTED_EDGE('',*,*,#7700,.T.);
#7700 = EDGE_CURVE('',#7693,#7701,#7703,.T.);
#7701 = VERTEX_POINT('',#7702);
#7702 = CARTESIAN_POINT('',(-0.75,5.05,0.8));
#7703 = LINE('',#7704,#7705);
#7704 = CARTESIAN_POINT('',(-0.75,5.05,0.8));
#7705 = VECTOR('',#7706,1.);
#7706 = DIRECTION('',(0.,-0.,1.));
#7707 = ORIENTED_EDGE('',*,*,#7708,.T.);
#7708 = EDGE_CURVE('',#7701,#6248,#7709,.T.);
#7709 = LINE('',#7710,#7711);
#7710 = CARTESIAN_POINT('',(-0.75,5.2,0.8));
#7711 = VECTOR('',#7712,1.);
#7712 = DIRECTION('',(-0.,-1.,-0.));
#7713 = ORIENTED_EDGE('',*,*,#6247,.T.);
#7714 = PLANE('',#7715);
#7715 = AXIS2_PLACEMENT_3D('',#7716,#7717,#7718);
#7716 = CARTESIAN_POINT('',(-0.75,5.2,0.3));
#7717 = DIRECTION('',(-1.,0.,0.));
#7718 = DIRECTION('',(0.,0.,1.));
#7719 = ADVANCED_FACE('',(#7720),#7738,.F.);
#7720 = FACE_BOUND('',#7721,.T.);
#7721 = EDGE_LOOP('',(#7722,#7730,#7736,#7737));
#7722 = ORIENTED_EDGE('',*,*,#7723,.F.);
#7723 = EDGE_CURVE('',#7724,#6240,#7726,.T.);
#7724 = VERTEX_POINT('',#7725);
#7725 = CARTESIAN_POINT('',(-1.25,5.05,0.3));
#7726 = LINE('',#7727,#7728);
#7727 = CARTESIAN_POINT('',(-1.25,5.2,0.3));
#7728 = VECTOR('',#7729,1.);
#7729 = DIRECTION('',(-0.,-1.,-0.));
#7730 = ORIENTED_EDGE('',*,*,#7731,.T.);
#7731 = EDGE_CURVE('',#7724,#7693,#7732,.T.);
#7732 = LINE('',#7733,#7734);
#7733 = CARTESIAN_POINT('',(-0.75,5.05,0.3));
#7734 = VECTOR('',#7735,1.);
#7735 = DIRECTION('',(1.,0.,0.));
#7736 = ORIENTED_EDGE('',*,*,#7692,.T.);
#7737 = ORIENTED_EDGE('',*,*,#6237,.T.);
#7738 = PLANE('',#7739);
#7739 = AXIS2_PLACEMENT_3D('',#7740,#7741,#7742);
#7740 = CARTESIAN_POINT('',(-1.25,5.2,0.3));
#7741 = DIRECTION('',(0.,0.,1.));
#7742 = DIRECTION('',(1.,0.,-0.));
#7743 = ADVANCED_FACE('',(#7744),#7762,.F.);
#7744 = FACE_BOUND('',#7745,.T.);
#7745 = EDGE_LOOP('',(#7746,#7754,#7760,#7761));
#7746 = ORIENTED_EDGE('',*,*,#7747,.F.);
#7747 = EDGE_CURVE('',#7748,#6256,#7750,.T.);
#7748 = VERTEX_POINT('',#7749);
#7749 = CARTESIAN_POINT('',(-1.25,5.05,0.8));
#7750 = LINE('',#7751,#7752);
#7751 = CARTESIAN_POINT('',(-1.25,5.2,0.8));
#7752 = VECTOR('',#7753,1.);
#7753 = DIRECTION('',(-0.,-1.,-0.));
#7754 = ORIENTED_EDGE('',*,*,#7755,.T.);
#7755 = EDGE_CURVE('',#7748,#7724,#7756,.T.);
#7756 = LINE('',#7757,#7758);
#7757 = CARTESIAN_POINT('',(-1.25,5.05,0.3));
#7758 = VECTOR('',#7759,1.);
#7759 = DIRECTION('',(0.,0.,-1.));
#7760 = ORIENTED_EDGE('',*,*,#7723,.T.);
#7761 = ORIENTED_EDGE('',*,*,#6263,.T.);
#7762 = PLANE('',#7763);
#7763 = AXIS2_PLACEMENT_3D('',#7764,#7765,#7766);
#7764 = CARTESIAN_POINT('',(-1.25,5.2,0.3));
#7765 = DIRECTION('',(1.,0.,0.));
#7766 = DIRECTION('',(0.,0.,-1.));
#7767 = ADVANCED_FACE('',(#7768),#7779,.F.);
#7768 = FACE_BOUND('',#7769,.T.);
#7769 = EDGE_LOOP('',(#7770,#7771,#7777,#7778));
#7770 = ORIENTED_EDGE('',*,*,#7708,.F.);
#7771 = ORIENTED_EDGE('',*,*,#7772,.T.);
#7772 = EDGE_CURVE('',#7701,#7748,#7773,.T.);
#7773 = LINE('',#7774,#7775);
#7774 = CARTESIAN_POINT('',(-1.25,5.05,0.8));
#7775 = VECTOR('',#7776,1.);
#7776 = DIRECTION('',(-1.,0.,0.));
#7777 = ORIENTED_EDGE('',*,*,#7747,.T.);
#7778 = ORIENTED_EDGE('',*,*,#6255,.T.);
#7779 = PLANE('',#7780);
#7780 = AXIS2_PLACEMENT_3D('',#7781,#7782,#7783);
#7781 = CARTESIAN_POINT('',(-1.25,5.2,0.8));
#7782 = DIRECTION('',(0.,0.,-1.));
#7783 = DIRECTION('',(-1.,0.,-0.));
#7784 = ADVANCED_FACE('',(#7785),#7819,.T.);
#7785 = FACE_BOUND('',#7786,.T.);
#7786 = EDGE_LOOP('',(#7787,#7797,#7805,#7813));
#7787 = ORIENTED_EDGE('',*,*,#7788,.T.);
#7788 = EDGE_CURVE('',#7789,#7791,#7793,.T.);
#7789 = VERTEX_POINT('',#7790);
#7790 = CARTESIAN_POINT('',(-1.1,5.2,0.65));
#7791 = VERTEX_POINT('',#7792);
#7792 = CARTESIAN_POINT('',(-0.9,5.2,0.65));
#7793 = LINE('',#7794,#7795);
#7794 = CARTESIAN_POINT('',(-0.75,5.2,0.65));
#7795 = VECTOR('',#7796,1.);
#7796 = DIRECTION('',(1.,0.,0.));
#7797 = ORIENTED_EDGE('',*,*,#7798,.T.);
#7798 = EDGE_CURVE('',#7791,#7799,#7801,.T.);
#7799 = VERTEX_POINT('',#7800);
#7800 = CARTESIAN_POINT('',(-0.9,5.2,0.45));
#7801 = LINE('',#7802,#7803);
#7802 = CARTESIAN_POINT('',(-0.9,5.2,0.3));
#7803 = VECTOR('',#7804,1.);
#7804 = DIRECTION('',(0.,0.,-1.));
#7805 = ORIENTED_EDGE('',*,*,#7806,.T.);
#7806 = EDGE_CURVE('',#7799,#7807,#7809,.T.);
#7807 = VERTEX_POINT('',#7808);
#7808 = CARTESIAN_POINT('',(-1.1,5.2,0.45));
#7809 = LINE('',#7810,#7811);
#7810 = CARTESIAN_POINT('',(-1.25,5.2,0.45));
#7811 = VECTOR('',#7812,1.);
#7812 = DIRECTION('',(-1.,0.,0.));
#7813 = ORIENTED_EDGE('',*,*,#7814,.T.);
#7814 = EDGE_CURVE('',#7807,#7789,#7815,.T.);
#7815 = LINE('',#7816,#7817);
#7816 = CARTESIAN_POINT('',(-1.1,5.2,0.8));
#7817 = VECTOR('',#7818,1.);
#7818 = DIRECTION('',(0.,0.,1.));
#7819 = PLANE('',#7820);
#7820 = AXIS2_PLACEMENT_3D('',#7821,#7822,#7823);
#7821 = CARTESIAN_POINT('',(0.,5.2,0.));
#7822 = DIRECTION('',(0.,1.,0.));
#7823 = DIRECTION('',(0.,-0.,1.));
#7824 = ADVANCED_FACE('',(#7825),#7850,.F.);
#7825 = FACE_BOUND('',#7826,.T.);
#7826 = EDGE_LOOP('',(#7827,#7835,#7843,#7849));
#7827 = ORIENTED_EDGE('',*,*,#7828,.F.);
#7828 = EDGE_CURVE('',#7829,#6348,#7831,.T.);
#7829 = VERTEX_POINT('',#7830);
#7830 = CARTESIAN_POINT('',(-0.75,-3.15,0.8));
#7831 = LINE('',#7832,#7833);
#7832 = CARTESIAN_POINT('',(-0.75,-3.3,0.8));
#7833 = VECTOR('',#7834,1.);
#7834 = DIRECTION('',(1.042502088928E-17,1.,-0.));
#7835 = ORIENTED_EDGE('',*,*,#7836,.T.);
#7836 = EDGE_CURVE('',#7829,#7837,#7839,.T.);
#7837 = VERTEX_POINT('',#7838);
#7838 = CARTESIAN_POINT('',(-0.75,-3.15,0.3));
#7839 = LINE('',#7840,#7841);
#7840 = CARTESIAN_POINT('',(-0.75,-3.15,0.3));
#7841 = VECTOR('',#7842,1.);
#7842 = DIRECTION('',(0.,0.,-1.));
#7843 = ORIENTED_EDGE('',*,*,#7844,.T.);
#7844 = EDGE_CURVE('',#7837,#6346,#7845,.T.);
#7845 = LINE('',#7846,#7847);
#7846 = CARTESIAN_POINT('',(-0.75,-3.3,0.3));
#7847 = VECTOR('',#7848,1.);
#7848 = DIRECTION('',(1.042502088928E-17,1.,-0.));
#7849 = ORIENTED_EDGE('',*,*,#6345,.T.);
#7850 = PLANE('',#7851);
#7851 = AXIS2_PLACEMENT_3D('',#7852,#7853,#7854);
#7852 = CARTESIAN_POINT('',(-0.75,-3.3,0.8));
#7853 = DIRECTION('',(-1.,1.042502088928E-17,0.));
#7854 = DIRECTION('',(-1.042502088928E-17,-1.,0.));
#7855 = ADVANCED_FACE('',(#7856),#7874,.F.);
#7856 = FACE_BOUND('',#7857,.T.);
#7857 = EDGE_LOOP('',(#7858,#7866,#7872,#7873));
#7858 = ORIENTED_EDGE('',*,*,#7859,.F.);
#7859 = EDGE_CURVE('',#7860,#6364,#7862,.T.);
#7860 = VERTEX_POINT('',#7861);
#7861 = CARTESIAN_POINT('',(-1.25,-3.15,0.8));
#7862 = LINE('',#7863,#7864);
#7863 = CARTESIAN_POINT('',(-1.25,-3.3,0.8));
#7864 = VECTOR('',#7865,1.);
#7865 = DIRECTION('',(1.042502088928E-17,1.,-0.));
#7866 = ORIENTED_EDGE('',*,*,#7867,.T.);
#7867 = EDGE_CURVE('',#7860,#7829,#7868,.T.);
#7868 = LINE('',#7869,#7870);
#7869 = CARTESIAN_POINT('',(-0.75,-3.15,0.8));
#7870 = VECTOR('',#7871,1.);
#7871 = DIRECTION('',(1.,0.,0.));
#7872 = ORIENTED_EDGE('',*,*,#7828,.T.);
#7873 = ORIENTED_EDGE('',*,*,#6371,.T.);
#7874 = PLANE('',#7875);
#7875 = AXIS2_PLACEMENT_3D('',#7876,#7877,#7878);
#7876 = CARTESIAN_POINT('',(-1.25,-3.3,0.8));
#7877 = DIRECTION('',(0.,0.,-1.));
#7878 = DIRECTION('',(-1.,0.,-0.));
#7879 = ADVANCED_FACE('',(#7880),#7898,.F.);
#7880 = FACE_BOUND('',#7881,.T.);
#7881 = EDGE_LOOP('',(#7882,#7890,#7896,#7897));
#7882 = ORIENTED_EDGE('',*,*,#7883,.F.);
#7883 = EDGE_CURVE('',#7884,#6356,#7886,.T.);
#7884 = VERTEX_POINT('',#7885);
#7885 = CARTESIAN_POINT('',(-1.25,-3.15,0.3));
#7886 = LINE('',#7887,#7888);
#7887 = CARTESIAN_POINT('',(-1.25,-3.3,0.3));
#7888 = VECTOR('',#7889,1.);
#7889 = DIRECTION('',(1.042502088928E-17,1.,-0.));
#7890 = ORIENTED_EDGE('',*,*,#7891,.T.);
#7891 = EDGE_CURVE('',#7884,#7860,#7892,.T.);
#7892 = LINE('',#7893,#7894);
#7893 = CARTESIAN_POINT('',(-1.25,-3.15,0.8));
#7894 = VECTOR('',#7895,1.);
#7895 = DIRECTION('',(0.,0.,1.));
#7896 = ORIENTED_EDGE('',*,*,#7859,.T.);
#7897 = ORIENTED_EDGE('',*,*,#6363,.T.);
#7898 = PLANE('',#7899);
#7899 = AXIS2_PLACEMENT_3D('',#7900,#7901,#7902);
#7900 = CARTESIAN_POINT('',(-1.25,-3.3,0.8));
#7901 = DIRECTION('',(1.,-1.042502088928E-17,0.));
#7902 = DIRECTION('',(1.042502088928E-17,1.,0.));
#7903 = ADVANCED_FACE('',(#7904),#7915,.F.);
#7904 = FACE_BOUND('',#7905,.T.);
#7905 = EDGE_LOOP('',(#7906,#7907,#7913,#7914));
#7906 = ORIENTED_EDGE('',*,*,#7844,.F.);
#7907 = ORIENTED_EDGE('',*,*,#7908,.T.);
#7908 = EDGE_CURVE('',#7837,#7884,#7909,.T.);
#7909 = LINE('',#7910,#7911);
#7910 = CARTESIAN_POINT('',(-1.25,-3.15,0.3));
#7911 = VECTOR('',#7912,1.);
#7912 = DIRECTION('',(-1.,0.,-0.));
#7913 = ORIENTED_EDGE('',*,*,#7883,.T.);
#7914 = ORIENTED_EDGE('',*,*,#6355,.T.);
#7915 = PLANE('',#7916);
#7916 = AXIS2_PLACEMENT_3D('',#7917,#7918,#7919);
#7917 = CARTESIAN_POINT('',(-1.25,-3.3,0.3));
#7918 = DIRECTION('',(-0.,0.,1.));
#7919 = DIRECTION('',(1.,0.,0.));
#7920 = ADVANCED_FACE('',(#7921),#7955,.T.);
#7921 = FACE_BOUND('',#7922,.T.);
#7922 = EDGE_LOOP('',(#7923,#7933,#7941,#7949));
#7923 = ORIENTED_EDGE('',*,*,#7924,.T.);
#7924 = EDGE_CURVE('',#7925,#7927,#7929,.T.);
#7925 = VERTEX_POINT('',#7926);
#7926 = CARTESIAN_POINT('',(-0.9,-3.3,0.45));
#7927 = VERTEX_POINT('',#7928);
#7928 = CARTESIAN_POINT('',(-0.9,-3.3,0.65));
#7929 = LINE('',#7930,#7931);
#7930 = CARTESIAN_POINT('',(-0.9,-3.3,0.8));
#7931 = VECTOR('',#7932,1.);
#7932 = DIRECTION('',(0.,0.,1.));
#7933 = ORIENTED_EDGE('',*,*,#7934,.T.);
#7934 = EDGE_CURVE('',#7927,#7935,#7937,.T.);
#7935 = VERTEX_POINT('',#7936);
#7936 = CARTESIAN_POINT('',(-1.1,-3.3,0.65));
#7937 = LINE('',#7938,#7939);
#7938 = CARTESIAN_POINT('',(-1.25,-3.3,0.65));
#7939 = VECTOR('',#7940,1.);
#7940 = DIRECTION('',(-1.,0.,0.));
#7941 = ORIENTED_EDGE('',*,*,#7942,.T.);
#7942 = EDGE_CURVE('',#7935,#7943,#7945,.T.);
#7943 = VERTEX_POINT('',#7944);
#7944 = CARTESIAN_POINT('',(-1.1,-3.3,0.45));
#7945 = LINE('',#7946,#7947);
#7946 = CARTESIAN_POINT('',(-1.1,-3.3,0.3));
#7947 = VECTOR('',#7948,1.);
#7948 = DIRECTION('',(0.,0.,-1.));
#7949 = ORIENTED_EDGE('',*,*,#7950,.T.);
#7950 = EDGE_CURVE('',#7943,#7925,#7951,.T.);
#7951 = LINE('',#7952,#7953);
#7952 = CARTESIAN_POINT('',(-0.75,-3.3,0.45));
#7953 = VECTOR('',#7954,1.);
#7954 = DIRECTION('',(1.,0.,0.));
#7955 = PLANE('',#7956);
#7956 = AXIS2_PLACEMENT_3D('',#7957,#7958,#7959);
#7957 = CARTESIAN_POINT('',(-3.544507102356E-17,-3.3,0.));
#7958 = DIRECTION('',(0.,-1.,0.));
#7959 = DIRECTION('',(0.,-0.,-1.));
#7960 = ADVANCED_FACE('',(#7961),#7977,.T.);
#7961 = FACE_BOUND('',#7962,.T.);
#7962 = EDGE_LOOP('',(#7963,#7969,#7970,#7976));
#7963 = ORIENTED_EDGE('',*,*,#7964,.F.);
#7964 = EDGE_CURVE('',#7884,#7943,#7965,.T.);
#7965 = LINE('',#7966,#7967);
#7966 = CARTESIAN_POINT('',(-1.25,-3.15,0.3));
#7967 = VECTOR('',#7968,1.);
#7968 = DIRECTION('',(0.57735026919,-0.57735026919,0.57735026919));
#7969 = ORIENTED_EDGE('',*,*,#7908,.F.);
#7970 = ORIENTED_EDGE('',*,*,#7971,.F.);
#7971 = EDGE_CURVE('',#7925,#7837,#7972,.T.);
#7972 = LINE('',#7973,#7974);
#7973 = CARTESIAN_POINT('',(-0.6,-3.,0.15));
#7974 = VECTOR('',#7975,1.);
#7975 = DIRECTION('',(0.57735026919,0.57735026919,-0.57735026919));
#7976 = ORIENTED_EDGE('',*,*,#7950,.F.);
#7977 = PLANE('',#7978);
#7978 = AXIS2_PLACEMENT_3D('',#7979,#7980,#7981);
#7979 = CARTESIAN_POINT('',(-3.544507102356E-17,-3.3,0.45));
#7980 = DIRECTION('',(-0.,-0.707106781187,-0.707106781187));
#7981 = DIRECTION('',(-1.,0.,0.));
#7982 = ADVANCED_FACE('',(#7983),#7994,.T.);
#7983 = FACE_BOUND('',#7984,.T.);
#7984 = EDGE_LOOP('',(#7985,#7986,#7987,#7993));
#7985 = ORIENTED_EDGE('',*,*,#7971,.T.);
#7986 = ORIENTED_EDGE('',*,*,#7836,.F.);
#7987 = ORIENTED_EDGE('',*,*,#7988,.F.);
#7988 = EDGE_CURVE('',#7927,#7829,#7989,.T.);
#7989 = LINE('',#7990,#7991);
#7990 = CARTESIAN_POINT('',(-1.116666666667,-3.516666666667,
    0.433333333333));
#7991 = VECTOR('',#7992,1.);
#7992 = DIRECTION('',(0.57735026919,0.57735026919,0.57735026919));
#7993 = ORIENTED_EDGE('',*,*,#7924,.F.);
#7994 = PLANE('',#7995);
#7995 = AXIS2_PLACEMENT_3D('',#7996,#7997,#7998);
#7996 = CARTESIAN_POINT('',(-0.9,-3.3,0.));
#7997 = DIRECTION('',(0.707106781187,-0.707106781187,0.));
#7998 = DIRECTION('',(0.,0.,-1.));
#7999 = ADVANCED_FACE('',(#8000),#8011,.T.);
#8000 = FACE_BOUND('',#8001,.T.);
#8001 = EDGE_LOOP('',(#8002,#8003,#8004,#8010));
#8002 = ORIENTED_EDGE('',*,*,#7964,.T.);
#8003 = ORIENTED_EDGE('',*,*,#7942,.F.);
#8004 = ORIENTED_EDGE('',*,*,#8005,.F.);
#8005 = EDGE_CURVE('',#7860,#7935,#8006,.T.);
#8006 = LINE('',#8007,#8008);
#8007 = CARTESIAN_POINT('',(-0.883333333333,-3.516666666667,
    0.433333333333));
#8008 = VECTOR('',#8009,1.);
#8009 = DIRECTION('',(0.57735026919,-0.57735026919,-0.57735026919));
#8010 = ORIENTED_EDGE('',*,*,#7891,.F.);
#8011 = PLANE('',#8012);
#8012 = AXIS2_PLACEMENT_3D('',#8013,#8014,#8015);
#8013 = CARTESIAN_POINT('',(-1.1,-3.3,0.));
#8014 = DIRECTION('',(-0.707106781187,-0.707106781187,0.));
#8015 = DIRECTION('',(0.,0.,1.));
#8016 = ADVANCED_FACE('',(#8017),#8023,.T.);
#8017 = FACE_BOUND('',#8018,.T.);
#8018 = EDGE_LOOP('',(#8019,#8020,#8021,#8022));
#8019 = ORIENTED_EDGE('',*,*,#7988,.T.);
#8020 = ORIENTED_EDGE('',*,*,#7867,.F.);
#8021 = ORIENTED_EDGE('',*,*,#8005,.T.);
#8022 = ORIENTED_EDGE('',*,*,#7934,.F.);
#8023 = PLANE('',#8024);
#8024 = AXIS2_PLACEMENT_3D('',#8025,#8026,#8027);
#8025 = CARTESIAN_POINT('',(-3.544507102356E-17,-3.3,0.65));
#8026 = DIRECTION('',(0.,-0.707106781187,0.707106781187));
#8027 = DIRECTION('',(1.,0.,0.));
#8028 = ADVANCED_FACE('',(#8029),#8045,.T.);
#8029 = FACE_BOUND('',#8030,.T.);
#8030 = EDGE_LOOP('',(#8031,#8037,#8038,#8044));
#8031 = ORIENTED_EDGE('',*,*,#8032,.F.);
#8032 = EDGE_CURVE('',#7724,#7807,#8033,.T.);
#8033 = LINE('',#8034,#8035);
#8034 = CARTESIAN_POINT('',(-1.25,5.05,0.3));
#8035 = VECTOR('',#8036,1.);
#8036 = DIRECTION('',(0.57735026919,0.57735026919,0.57735026919));
#8037 = ORIENTED_EDGE('',*,*,#7755,.F.);
#8038 = ORIENTED_EDGE('',*,*,#8039,.F.);
#8039 = EDGE_CURVE('',#7789,#7748,#8040,.T.);
#8040 = LINE('',#8041,#8042);
#8041 = CARTESIAN_POINT('',(-0.733333333333,5.566666666667,
    0.283333333333));
#8042 = VECTOR('',#8043,1.);
#8043 = DIRECTION('',(-0.57735026919,-0.57735026919,0.57735026919));
#8044 = ORIENTED_EDGE('',*,*,#7814,.F.);
#8045 = PLANE('',#8046);
#8046 = AXIS2_PLACEMENT_3D('',#8047,#8048,#8049);
#8047 = CARTESIAN_POINT('',(-1.1,5.2,0.));
#8048 = DIRECTION('',(-0.707106781187,0.707106781187,0.));
#8049 = DIRECTION('',(0.,0.,-1.));
#8050 = ADVANCED_FACE('',(#8051),#8062,.T.);
#8051 = FACE_BOUND('',#8052,.T.);
#8052 = EDGE_LOOP('',(#8053,#8054,#8055,#8061));
#8053 = ORIENTED_EDGE('',*,*,#8039,.T.);
#8054 = ORIENTED_EDGE('',*,*,#7772,.F.);
#8055 = ORIENTED_EDGE('',*,*,#8056,.F.);
#8056 = EDGE_CURVE('',#7791,#7701,#8057,.T.);
#8057 = LINE('',#8058,#8059);
#8058 = CARTESIAN_POINT('',(-0.6,4.9,0.95));
#8059 = VECTOR('',#8060,1.);
#8060 = DIRECTION('',(0.57735026919,-0.57735026919,0.57735026919));
#8061 = ORIENTED_EDGE('',*,*,#7788,.F.);
#8062 = PLANE('',#8063);
#8063 = AXIS2_PLACEMENT_3D('',#8064,#8065,#8066);
#8064 = CARTESIAN_POINT('',(0.,5.2,0.65));
#8065 = DIRECTION('',(0.,0.707106781187,0.707106781187));
#8066 = DIRECTION('',(-1.,0.,0.));
#8067 = ADVANCED_FACE('',(#8068),#8079,.T.);
#8068 = FACE_BOUND('',#8069,.T.);
#8069 = EDGE_LOOP('',(#8070,#8071,#8072,#8078));
#8070 = ORIENTED_EDGE('',*,*,#8032,.T.);
#8071 = ORIENTED_EDGE('',*,*,#7806,.F.);
#8072 = ORIENTED_EDGE('',*,*,#8073,.F.);
#8073 = EDGE_CURVE('',#7693,#7799,#8074,.T.);
#8074 = LINE('',#8075,#8076);
#8075 = CARTESIAN_POINT('',(-0.6,4.9,0.15));
#8076 = VECTOR('',#8077,1.);
#8077 = DIRECTION('',(-0.57735026919,0.57735026919,0.57735026919));
#8078 = ORIENTED_EDGE('',*,*,#7731,.F.);
#8079 = PLANE('',#8080);
#8080 = AXIS2_PLACEMENT_3D('',#8081,#8082,#8083);
#8081 = CARTESIAN_POINT('',(0.,5.2,0.45));
#8082 = DIRECTION('',(0.,0.707106781187,-0.707106781187));
#8083 = DIRECTION('',(1.,0.,0.));
#8084 = ADVANCED_FACE('',(#8085),#8091,.T.);
#8085 = FACE_BOUND('',#8086,.T.);
#8086 = EDGE_LOOP('',(#8087,#8088,#8089,#8090));
#8087 = ORIENTED_EDGE('',*,*,#8056,.T.);
#8088 = ORIENTED_EDGE('',*,*,#7700,.F.);
#8089 = ORIENTED_EDGE('',*,*,#8073,.T.);
#8090 = ORIENTED_EDGE('',*,*,#7798,.F.);
#8091 = PLANE('',#8092);
#8092 = AXIS2_PLACEMENT_3D('',#8093,#8094,#8095);
#8093 = CARTESIAN_POINT('',(-0.9,5.2,0.));
#8094 = DIRECTION('',(0.707106781187,0.707106781187,0.));
#8095 = DIRECTION('',(0.,-0.,1.));
#8096 = ADVANCED_FACE('',(#8097),#8122,.F.);
#8097 = FACE_BOUND('',#8098,.T.);
#8098 = EDGE_LOOP('',(#8099,#8107,#8115,#8121));
#8099 = ORIENTED_EDGE('',*,*,#8100,.F.);
#8100 = EDGE_CURVE('',#8101,#6272,#8103,.T.);
#8101 = VERTEX_POINT('',#8102);
#8102 = CARTESIAN_POINT('',(1.25,5.05,0.3));
#8103 = LINE('',#8104,#8105);
#8104 = CARTESIAN_POINT('',(1.25,5.2,0.3));
#8105 = VECTOR('',#8106,1.);
#8106 = DIRECTION('',(-0.,-1.,-0.));
#8107 = ORIENTED_EDGE('',*,*,#8108,.T.);
#8108 = EDGE_CURVE('',#8101,#8109,#8111,.T.);
#8109 = VERTEX_POINT('',#8110);
#8110 = CARTESIAN_POINT('',(1.25,5.05,0.8));
#8111 = LINE('',#8112,#8113);
#8112 = CARTESIAN_POINT('',(1.25,5.05,0.8));
#8113 = VECTOR('',#8114,1.);
#8114 = DIRECTION('',(0.,-0.,1.));
#8115 = ORIENTED_EDGE('',*,*,#8116,.T.);
#8116 = EDGE_CURVE('',#8109,#6282,#8117,.T.);
#8117 = LINE('',#8118,#8119);
#8118 = CARTESIAN_POINT('',(1.25,5.2,0.8));
#8119 = VECTOR('',#8120,1.);
#8120 = DIRECTION('',(-0.,-1.,-0.));
#8121 = ORIENTED_EDGE('',*,*,#6281,.T.);
#8122 = PLANE('',#8123);
#8123 = AXIS2_PLACEMENT_3D('',#8124,#8125,#8126);
#8124 = CARTESIAN_POINT('',(1.25,5.2,0.3));
#8125 = DIRECTION('',(-1.,0.,0.));
#8126 = DIRECTION('',(0.,0.,1.));
#8127 = ADVANCED_FACE('',(#8128),#8146,.F.);
#8128 = FACE_BOUND('',#8129,.T.);
#8129 = EDGE_LOOP('',(#8130,#8138,#8144,#8145));
#8130 = ORIENTED_EDGE('',*,*,#8131,.F.);
#8131 = EDGE_CURVE('',#8132,#6274,#8134,.T.);
#8132 = VERTEX_POINT('',#8133);
#8133 = CARTESIAN_POINT('',(0.75,5.05,0.3));
#8134 = LINE('',#8135,#8136);
#8135 = CARTESIAN_POINT('',(0.75,5.2,0.3));
#8136 = VECTOR('',#8137,1.);
#8137 = DIRECTION('',(-0.,-1.,-0.));
#8138 = ORIENTED_EDGE('',*,*,#8139,.T.);
#8139 = EDGE_CURVE('',#8132,#8101,#8140,.T.);
#8140 = LINE('',#8141,#8142);
#8141 = CARTESIAN_POINT('',(1.25,5.05,0.3));
#8142 = VECTOR('',#8143,1.);
#8143 = DIRECTION('',(1.,0.,0.));
#8144 = ORIENTED_EDGE('',*,*,#8100,.T.);
#8145 = ORIENTED_EDGE('',*,*,#6271,.T.);
#8146 = PLANE('',#8147);
#8147 = AXIS2_PLACEMENT_3D('',#8148,#8149,#8150);
#8148 = CARTESIAN_POINT('',(0.75,5.2,0.3));
#8149 = DIRECTION('',(0.,0.,1.));
#8150 = DIRECTION('',(1.,0.,-0.));
#8151 = ADVANCED_FACE('',(#8152),#8170,.F.);
#8152 = FACE_BOUND('',#8153,.T.);
#8153 = EDGE_LOOP('',(#8154,#8162,#8168,#8169));
#8154 = ORIENTED_EDGE('',*,*,#8155,.F.);
#8155 = EDGE_CURVE('',#8156,#6290,#8158,.T.);
#8156 = VERTEX_POINT('',#8157);
#8157 = CARTESIAN_POINT('',(0.75,5.05,0.8));
#8158 = LINE('',#8159,#8160);
#8159 = CARTESIAN_POINT('',(0.75,5.2,0.8));
#8160 = VECTOR('',#8161,1.);
#8161 = DIRECTION('',(-0.,-1.,-0.));
#8162 = ORIENTED_EDGE('',*,*,#8163,.T.);
#8163 = EDGE_CURVE('',#8156,#8132,#8164,.T.);
#8164 = LINE('',#8165,#8166);
#8165 = CARTESIAN_POINT('',(0.75,5.05,0.3));
#8166 = VECTOR('',#8167,1.);
#8167 = DIRECTION('',(0.,0.,-1.));
#8168 = ORIENTED_EDGE('',*,*,#8131,.T.);
#8169 = ORIENTED_EDGE('',*,*,#6297,.T.);
#8170 = PLANE('',#8171);
#8171 = AXIS2_PLACEMENT_3D('',#8172,#8173,#8174);
#8172 = CARTESIAN_POINT('',(0.75,5.2,0.3));
#8173 = DIRECTION('',(1.,0.,0.));
#8174 = DIRECTION('',(0.,0.,-1.));
#8175 = ADVANCED_FACE('',(#8176),#8187,.F.);
#8176 = FACE_BOUND('',#8177,.T.);
#8177 = EDGE_LOOP('',(#8178,#8179,#8185,#8186));
#8178 = ORIENTED_EDGE('',*,*,#8116,.F.);
#8179 = ORIENTED_EDGE('',*,*,#8180,.T.);
#8180 = EDGE_CURVE('',#8109,#8156,#8181,.T.);
#8181 = LINE('',#8182,#8183);
#8182 = CARTESIAN_POINT('',(0.75,5.05,0.8));
#8183 = VECTOR('',#8184,1.);
#8184 = DIRECTION('',(-1.,0.,0.));
#8185 = ORIENTED_EDGE('',*,*,#8155,.T.);
#8186 = ORIENTED_EDGE('',*,*,#6289,.T.);
#8187 = PLANE('',#8188);
#8188 = AXIS2_PLACEMENT_3D('',#8189,#8190,#8191);
#8189 = CARTESIAN_POINT('',(0.75,5.2,0.8));
#8190 = DIRECTION('',(0.,0.,-1.));
#8191 = DIRECTION('',(-1.,0.,-0.));
#8192 = ADVANCED_FACE('',(#8193),#8227,.T.);
#8193 = FACE_BOUND('',#8194,.T.);
#8194 = EDGE_LOOP('',(#8195,#8205,#8213,#8221));
#8195 = ORIENTED_EDGE('',*,*,#8196,.T.);
#8196 = EDGE_CURVE('',#8197,#8199,#8201,.T.);
#8197 = VERTEX_POINT('',#8198);
#8198 = CARTESIAN_POINT('',(0.9,5.2,0.65));
#8199 = VERTEX_POINT('',#8200);
#8200 = CARTESIAN_POINT('',(1.1,5.2,0.65));
#8201 = LINE('',#8202,#8203);
#8202 = CARTESIAN_POINT('',(1.25,5.2,0.65));
#8203 = VECTOR('',#8204,1.);
#8204 = DIRECTION('',(1.,0.,0.));
#8205 = ORIENTED_EDGE('',*,*,#8206,.T.);
#8206 = EDGE_CURVE('',#8199,#8207,#8209,.T.);
#8207 = VERTEX_POINT('',#8208);
#8208 = CARTESIAN_POINT('',(1.1,5.2,0.45));
#8209 = LINE('',#8210,#8211);
#8210 = CARTESIAN_POINT('',(1.1,5.2,0.3));
#8211 = VECTOR('',#8212,1.);
#8212 = DIRECTION('',(0.,0.,-1.));
#8213 = ORIENTED_EDGE('',*,*,#8214,.T.);
#8214 = EDGE_CURVE('',#8207,#8215,#8217,.T.);
#8215 = VERTEX_POINT('',#8216);
#8216 = CARTESIAN_POINT('',(0.9,5.2,0.45));
#8217 = LINE('',#8218,#8219);
#8218 = CARTESIAN_POINT('',(0.75,5.2,0.45));
#8219 = VECTOR('',#8220,1.);
#8220 = DIRECTION('',(-1.,0.,0.));
#8221 = ORIENTED_EDGE('',*,*,#8222,.T.);
#8222 = EDGE_CURVE('',#8215,#8197,#8223,.T.);
#8223 = LINE('',#8224,#8225);
#8224 = CARTESIAN_POINT('',(0.9,5.2,0.8));
#8225 = VECTOR('',#8226,1.);
#8226 = DIRECTION('',(0.,0.,1.));
#8227 = PLANE('',#8228);
#8228 = AXIS2_PLACEMENT_3D('',#8229,#8230,#8231);
#8229 = CARTESIAN_POINT('',(2.,5.2,1.770125995895E-16));
#8230 = DIRECTION('',(0.,1.,0.));
#8231 = DIRECTION('',(0.,-0.,1.));
#8232 = ADVANCED_FACE('',(#8233),#8258,.F.);
#8233 = FACE_BOUND('',#8234,.T.);
#8234 = EDGE_LOOP('',(#8235,#8243,#8251,#8257));
#8235 = ORIENTED_EDGE('',*,*,#8236,.F.);
#8236 = EDGE_CURVE('',#8237,#6134,#8239,.T.);
#8237 = VERTEX_POINT('',#8238);
#8238 = CARTESIAN_POINT('',(1.25,-3.15,0.8));
#8239 = LINE('',#8240,#8241);
#8240 = CARTESIAN_POINT('',(1.25,-3.3,0.8));
#8241 = VECTOR('',#8242,1.);
#8242 = DIRECTION('',(1.042502088928E-17,1.,-0.));
#8243 = ORIENTED_EDGE('',*,*,#8244,.T.);
#8244 = EDGE_CURVE('',#8237,#8245,#8247,.T.);
#8245 = VERTEX_POINT('',#8246);
#8246 = CARTESIAN_POINT('',(1.25,-3.15,0.3));
#8247 = LINE('',#8248,#8249);
#8248 = CARTESIAN_POINT('',(1.25,-3.15,0.3));
#8249 = VECTOR('',#8250,1.);
#8250 = DIRECTION('',(0.,0.,-1.));
#8251 = ORIENTED_EDGE('',*,*,#8252,.T.);
#8252 = EDGE_CURVE('',#8245,#6132,#8253,.T.);
#8253 = LINE('',#8254,#8255);
#8254 = CARTESIAN_POINT('',(1.25,-3.3,0.3));
#8255 = VECTOR('',#8256,1.);
#8256 = DIRECTION('',(1.042502088928E-17,1.,-0.));
#8257 = ORIENTED_EDGE('',*,*,#6131,.T.);
#8258 = PLANE('',#8259);
#8259 = AXIS2_PLACEMENT_3D('',#8260,#8261,#8262);
#8260 = CARTESIAN_POINT('',(1.25,-3.3,0.8));
#8261 = DIRECTION('',(-1.,1.042502088928E-17,0.));
#8262 = DIRECTION('',(-1.042502088928E-17,-1.,0.));
#8263 = ADVANCED_FACE('',(#8264),#8282,.F.);
#8264 = FACE_BOUND('',#8265,.T.);
#8265 = EDGE_LOOP('',(#8266,#8274,#8280,#8281));
#8266 = ORIENTED_EDGE('',*,*,#8267,.F.);
#8267 = EDGE_CURVE('',#8268,#6150,#8270,.T.);
#8268 = VERTEX_POINT('',#8269);
#8269 = CARTESIAN_POINT('',(0.75,-3.15,0.8));
#8270 = LINE('',#8271,#8272);
#8271 = CARTESIAN_POINT('',(0.75,-3.3,0.8));
#8272 = VECTOR('',#8273,1.);
#8273 = DIRECTION('',(1.042502088928E-17,1.,-0.));
#8274 = ORIENTED_EDGE('',*,*,#8275,.T.);
#8275 = EDGE_CURVE('',#8268,#8237,#8276,.T.);
#8276 = LINE('',#8277,#8278);
#8277 = CARTESIAN_POINT('',(1.25,-3.15,0.8));
#8278 = VECTOR('',#8279,1.);
#8279 = DIRECTION('',(1.,0.,0.));
#8280 = ORIENTED_EDGE('',*,*,#8236,.T.);
#8281 = ORIENTED_EDGE('',*,*,#6157,.T.);
#8282 = PLANE('',#8283);
#8283 = AXIS2_PLACEMENT_3D('',#8284,#8285,#8286);
#8284 = CARTESIAN_POINT('',(0.75,-3.3,0.8));
#8285 = DIRECTION('',(0.,0.,-1.));
#8286 = DIRECTION('',(-1.,0.,-0.));
#8287 = ADVANCED_FACE('',(#8288),#8306,.F.);
#8288 = FACE_BOUND('',#8289,.T.);
#8289 = EDGE_LOOP('',(#8290,#8298,#8304,#8305));
#8290 = ORIENTED_EDGE('',*,*,#8291,.F.);
#8291 = EDGE_CURVE('',#8292,#6142,#8294,.T.);
#8292 = VERTEX_POINT('',#8293);
#8293 = CARTESIAN_POINT('',(0.75,-3.15,0.3));
#8294 = LINE('',#8295,#8296);
#8295 = CARTESIAN_POINT('',(0.75,-3.3,0.3));
#8296 = VECTOR('',#8297,1.);
#8297 = DIRECTION('',(1.042502088928E-17,1.,-0.));
#8298 = ORIENTED_EDGE('',*,*,#8299,.T.);
#8299 = EDGE_CURVE('',#8292,#8268,#8300,.T.);
#8300 = LINE('',#8301,#8302);
#8301 = CARTESIAN_POINT('',(0.75,-3.15,0.8));
#8302 = VECTOR('',#8303,1.);
#8303 = DIRECTION('',(0.,0.,1.));
#8304 = ORIENTED_EDGE('',*,*,#8267,.T.);
#8305 = ORIENTED_EDGE('',*,*,#6149,.T.);
#8306 = PLANE('',#8307);
#8307 = AXIS2_PLACEMENT_3D('',#8308,#8309,#8310);
#8308 = CARTESIAN_POINT('',(0.75,-3.3,0.8));
#8309 = DIRECTION('',(1.,-1.042502088928E-17,0.));
#8310 = DIRECTION('',(1.042502088928E-17,1.,0.));
#8311 = ADVANCED_FACE('',(#8312),#8323,.F.);
#8312 = FACE_BOUND('',#8313,.T.);
#8313 = EDGE_LOOP('',(#8314,#8315,#8321,#8322));
#8314 = ORIENTED_EDGE('',*,*,#8252,.F.);
#8315 = ORIENTED_EDGE('',*,*,#8316,.T.);
#8316 = EDGE_CURVE('',#8245,#8292,#8317,.T.);
#8317 = LINE('',#8318,#8319);
#8318 = CARTESIAN_POINT('',(0.75,-3.15,0.3));
#8319 = VECTOR('',#8320,1.);
#8320 = DIRECTION('',(-1.,0.,-0.));
#8321 = ORIENTED_EDGE('',*,*,#8291,.T.);
#8322 = ORIENTED_EDGE('',*,*,#6141,.T.);
#8323 = PLANE('',#8324);
#8324 = AXIS2_PLACEMENT_3D('',#8325,#8326,#8327);
#8325 = CARTESIAN_POINT('',(0.75,-3.3,0.3));
#8326 = DIRECTION('',(-0.,0.,1.));
#8327 = DIRECTION('',(1.,0.,0.));
#8328 = ADVANCED_FACE('',(#8329),#8363,.T.);
#8329 = FACE_BOUND('',#8330,.T.);
#8330 = EDGE_LOOP('',(#8331,#8341,#8349,#8357));
#8331 = ORIENTED_EDGE('',*,*,#8332,.T.);
#8332 = EDGE_CURVE('',#8333,#8335,#8337,.T.);
#8333 = VERTEX_POINT('',#8334);
#8334 = CARTESIAN_POINT('',(1.1,-3.3,0.45));
#8335 = VERTEX_POINT('',#8336);
#8336 = CARTESIAN_POINT('',(1.1,-3.3,0.65));
#8337 = LINE('',#8338,#8339);
#8338 = CARTESIAN_POINT('',(1.1,-3.3,0.8));
#8339 = VECTOR('',#8340,1.);
#8340 = DIRECTION('',(0.,0.,1.));
#8341 = ORIENTED_EDGE('',*,*,#8342,.T.);
#8342 = EDGE_CURVE('',#8335,#8343,#8345,.T.);
#8343 = VERTEX_POINT('',#8344);
#8344 = CARTESIAN_POINT('',(0.9,-3.3,0.65));
#8345 = LINE('',#8346,#8347);
#8346 = CARTESIAN_POINT('',(0.75,-3.3,0.65));
#8347 = VECTOR('',#8348,1.);
#8348 = DIRECTION('',(-1.,0.,0.));
#8349 = ORIENTED_EDGE('',*,*,#8350,.T.);
#8350 = EDGE_CURVE('',#8343,#8351,#8353,.T.);
#8351 = VERTEX_POINT('',#8352);
#8352 = CARTESIAN_POINT('',(0.9,-3.3,0.45));
#8353 = LINE('',#8354,#8355);
#8354 = CARTESIAN_POINT('',(0.9,-3.3,0.3));
#8355 = VECTOR('',#8356,1.);
#8356 = DIRECTION('',(0.,0.,-1.));
#8357 = ORIENTED_EDGE('',*,*,#8358,.T.);
#8358 = EDGE_CURVE('',#8351,#8333,#8359,.T.);
#8359 = LINE('',#8360,#8361);
#8360 = CARTESIAN_POINT('',(1.25,-3.3,0.45));
#8361 = VECTOR('',#8362,1.);
#8362 = DIRECTION('',(1.,0.,0.));
#8363 = PLANE('',#8364);
#8364 = AXIS2_PLACEMENT_3D('',#8365,#8366,#8367);
#8365 = CARTESIAN_POINT('',(2.,-3.3,1.770125995895E-16));
#8366 = DIRECTION('',(0.,-1.,0.));
#8367 = DIRECTION('',(0.,-0.,-1.));
#8368 = ADVANCED_FACE('',(#8369),#8385,.T.);
#8369 = FACE_BOUND('',#8370,.T.);
#8370 = EDGE_LOOP('',(#8371,#8377,#8378,#8384));
#8371 = ORIENTED_EDGE('',*,*,#8372,.F.);
#8372 = EDGE_CURVE('',#8292,#8351,#8373,.T.);
#8373 = LINE('',#8374,#8375);
#8374 = CARTESIAN_POINT('',(0.75,-3.15,0.3));
#8375 = VECTOR('',#8376,1.);
#8376 = DIRECTION('',(0.57735026919,-0.57735026919,0.57735026919));
#8377 = ORIENTED_EDGE('',*,*,#8316,.F.);
#8378 = ORIENTED_EDGE('',*,*,#8379,.F.);
#8379 = EDGE_CURVE('',#8333,#8245,#8380,.T.);
#8380 = LINE('',#8381,#8382);
#8381 = CARTESIAN_POINT('',(1.4,-3.,0.15));
#8382 = VECTOR('',#8383,1.);
#8383 = DIRECTION('',(0.57735026919,0.57735026919,-0.57735026919));
#8384 = ORIENTED_EDGE('',*,*,#8358,.F.);
#8385 = PLANE('',#8386);
#8386 = AXIS2_PLACEMENT_3D('',#8387,#8388,#8389);
#8387 = CARTESIAN_POINT('',(2.,-3.3,0.45));
#8388 = DIRECTION('',(-0.,-0.707106781187,-0.707106781187));
#8389 = DIRECTION('',(-1.,0.,0.));
#8390 = ADVANCED_FACE('',(#8391),#8402,.T.);
#8391 = FACE_BOUND('',#8392,.T.);
#8392 = EDGE_LOOP('',(#8393,#8394,#8395,#8401));
#8393 = ORIENTED_EDGE('',*,*,#8379,.T.);
#8394 = ORIENTED_EDGE('',*,*,#8244,.F.);
#8395 = ORIENTED_EDGE('',*,*,#8396,.F.);
#8396 = EDGE_CURVE('',#8335,#8237,#8397,.T.);
#8397 = LINE('',#8398,#8399);
#8398 = CARTESIAN_POINT('',(0.883333333333,-3.516666666667,
    0.433333333333));
#8399 = VECTOR('',#8400,1.);
#8400 = DIRECTION('',(0.57735026919,0.57735026919,0.57735026919));
#8401 = ORIENTED_EDGE('',*,*,#8332,.F.);
#8402 = PLANE('',#8403);
#8403 = AXIS2_PLACEMENT_3D('',#8404,#8405,#8406);
#8404 = CARTESIAN_POINT('',(1.1,-3.3,1.770125995895E-16));
#8405 = DIRECTION('',(0.707106781187,-0.707106781187,0.));
#8406 = DIRECTION('',(0.,0.,-1.));
#8407 = ADVANCED_FACE('',(#8408),#8419,.T.);
#8408 = FACE_BOUND('',#8409,.T.);
#8409 = EDGE_LOOP('',(#8410,#8411,#8412,#8418));
#8410 = ORIENTED_EDGE('',*,*,#8372,.T.);
#8411 = ORIENTED_EDGE('',*,*,#8350,.F.);
#8412 = ORIENTED_EDGE('',*,*,#8413,.F.);
#8413 = EDGE_CURVE('',#8268,#8343,#8414,.T.);
#8414 = LINE('',#8415,#8416);
#8415 = CARTESIAN_POINT('',(1.116666666667,-3.516666666667,
    0.433333333333));
#8416 = VECTOR('',#8417,1.);
#8417 = DIRECTION('',(0.57735026919,-0.57735026919,-0.57735026919));
#8418 = ORIENTED_EDGE('',*,*,#8299,.F.);
#8419 = PLANE('',#8420);
#8420 = AXIS2_PLACEMENT_3D('',#8421,#8422,#8423);
#8421 = CARTESIAN_POINT('',(0.9,-3.3,1.770125995895E-16));
#8422 = DIRECTION('',(-0.707106781187,-0.707106781187,0.));
#8423 = DIRECTION('',(0.,0.,1.));
#8424 = ADVANCED_FACE('',(#8425),#8431,.T.);
#8425 = FACE_BOUND('',#8426,.T.);
#8426 = EDGE_LOOP('',(#8427,#8428,#8429,#8430));
#8427 = ORIENTED_EDGE('',*,*,#8396,.T.);
#8428 = ORIENTED_EDGE('',*,*,#8275,.F.);
#8429 = ORIENTED_EDGE('',*,*,#8413,.T.);
#8430 = ORIENTED_EDGE('',*,*,#8342,.F.);
#8431 = PLANE('',#8432);
#8432 = AXIS2_PLACEMENT_3D('',#8433,#8434,#8435);
#8433 = CARTESIAN_POINT('',(2.,-3.3,0.65));
#8434 = DIRECTION('',(0.,-0.707106781187,0.707106781187));
#8435 = DIRECTION('',(1.,0.,0.));
#8436 = ADVANCED_FACE('',(#8437),#8453,.T.);
#8437 = FACE_BOUND('',#8438,.T.);
#8438 = EDGE_LOOP('',(#8439,#8445,#8446,#8452));
#8439 = ORIENTED_EDGE('',*,*,#8440,.F.);
#8440 = EDGE_CURVE('',#8132,#8215,#8441,.T.);
#8441 = LINE('',#8442,#8443);
#8442 = CARTESIAN_POINT('',(0.75,5.05,0.3));
#8443 = VECTOR('',#8444,1.);
#8444 = DIRECTION('',(0.57735026919,0.57735026919,0.57735026919));
#8445 = ORIENTED_EDGE('',*,*,#8163,.F.);
#8446 = ORIENTED_EDGE('',*,*,#8447,.F.);
#8447 = EDGE_CURVE('',#8197,#8156,#8448,.T.);
#8448 = LINE('',#8449,#8450);
#8449 = CARTESIAN_POINT('',(1.266666666667,5.566666666667,0.283333333333
    ));
#8450 = VECTOR('',#8451,1.);
#8451 = DIRECTION('',(-0.57735026919,-0.57735026919,0.57735026919));
#8452 = ORIENTED_EDGE('',*,*,#8222,.F.);
#8453 = PLANE('',#8454);
#8454 = AXIS2_PLACEMENT_3D('',#8455,#8456,#8457);
#8455 = CARTESIAN_POINT('',(0.9,5.2,1.770125995895E-16));
#8456 = DIRECTION('',(-0.707106781187,0.707106781187,0.));
#8457 = DIRECTION('',(0.,0.,-1.));
#8458 = ADVANCED_FACE('',(#8459),#8470,.T.);
#8459 = FACE_BOUND('',#8460,.T.);
#8460 = EDGE_LOOP('',(#8461,#8462,#8463,#8469));
#8461 = ORIENTED_EDGE('',*,*,#8447,.T.);
#8462 = ORIENTED_EDGE('',*,*,#8180,.F.);
#8463 = ORIENTED_EDGE('',*,*,#8464,.F.);
#8464 = EDGE_CURVE('',#8199,#8109,#8465,.T.);
#8465 = LINE('',#8466,#8467);
#8466 = CARTESIAN_POINT('',(1.4,4.9,0.95));
#8467 = VECTOR('',#8468,1.);
#8468 = DIRECTION('',(0.57735026919,-0.57735026919,0.57735026919));
#8469 = ORIENTED_EDGE('',*,*,#8196,.F.);
#8470 = PLANE('',#8471);
#8471 = AXIS2_PLACEMENT_3D('',#8472,#8473,#8474);
#8472 = CARTESIAN_POINT('',(2.,5.2,0.65));
#8473 = DIRECTION('',(0.,0.707106781187,0.707106781187));
#8474 = DIRECTION('',(-1.,0.,0.));
#8475 = ADVANCED_FACE('',(#8476),#8487,.T.);
#8476 = FACE_BOUND('',#8477,.T.);
#8477 = EDGE_LOOP('',(#8478,#8479,#8480,#8486));
#8478 = ORIENTED_EDGE('',*,*,#8440,.T.);
#8479 = ORIENTED_EDGE('',*,*,#8214,.F.);
#8480 = ORIENTED_EDGE('',*,*,#8481,.F.);
#8481 = EDGE_CURVE('',#8101,#8207,#8482,.T.);
#8482 = LINE('',#8483,#8484);
#8483 = CARTESIAN_POINT('',(1.4,4.9,0.15));
#8484 = VECTOR('',#8485,1.);
#8485 = DIRECTION('',(-0.57735026919,0.57735026919,0.57735026919));
#8486 = ORIENTED_EDGE('',*,*,#8139,.F.);
#8487 = PLANE('',#8488);
#8488 = AXIS2_PLACEMENT_3D('',#8489,#8490,#8491);
#8489 = CARTESIAN_POINT('',(2.,5.2,0.45));
#8490 = DIRECTION('',(0.,0.707106781187,-0.707106781187));
#8491 = DIRECTION('',(1.,0.,0.));
#8492 = ADVANCED_FACE('',(#8493),#8499,.T.);
#8493 = FACE_BOUND('',#8494,.T.);
#8494 = EDGE_LOOP('',(#8495,#8496,#8497,#8498));
#8495 = ORIENTED_EDGE('',*,*,#8464,.T.);
#8496 = ORIENTED_EDGE('',*,*,#8108,.F.);
#8497 = ORIENTED_EDGE('',*,*,#8481,.T.);
#8498 = ORIENTED_EDGE('',*,*,#8206,.F.);
#8499 = PLANE('',#8500);
#8500 = AXIS2_PLACEMENT_3D('',#8501,#8502,#8503);
#8501 = CARTESIAN_POINT('',(1.1,5.2,1.770125995895E-16));
#8502 = DIRECTION('',(0.707106781187,0.707106781187,0.));
#8503 = DIRECTION('',(0.,-0.,1.));
#8504 = ADVANCED_FACE('',(#8505),#8523,.F.);
#8505 = FACE_BOUND('',#8506,.T.);
#8506 = EDGE_LOOP('',(#8507,#8508,#8516,#8522));
#8507 = ORIENTED_EDGE('',*,*,#6053,.T.);
#8508 = ORIENTED_EDGE('',*,*,#8509,.F.);
#8509 = EDGE_CURVE('',#8510,#6044,#8512,.T.);
#8510 = VERTEX_POINT('',#8511);
#8511 = CARTESIAN_POINT('',(-0.2,3.6,-1.35));
#8512 = LINE('',#8513,#8514);
#8513 = CARTESIAN_POINT('',(-0.2,3.6,-1.35));
#8514 = VECTOR('',#8515,1.);
#8515 = DIRECTION('',(-0.,-1.,-1.807003620809E-16));
#8516 = ORIENTED_EDGE('',*,*,#8517,.F.);
#8517 = EDGE_CURVE('',#5972,#8510,#8518,.T.);
#8518 = LINE('',#8519,#8520);
#8519 = CARTESIAN_POINT('',(-0.2,3.6,-1.75));
#8520 = VECTOR('',#8521,1.);
#8521 = DIRECTION('',(0.,0.,1.));
#8522 = ORIENTED_EDGE('',*,*,#5971,.T.);
#8523 = PLANE('',#8524);
#8524 = AXIS2_PLACEMENT_3D('',#8525,#8526,#8527);
#8525 = CARTESIAN_POINT('',(-0.2,3.6,-1.75));
#8526 = DIRECTION('',(1.,0.,0.));
#8527 = DIRECTION('',(0.,0.,-1.));
#8528 = ADVANCED_FACE('',(#8529),#8547,.F.);
#8529 = FACE_BOUND('',#8530,.T.);
#8530 = EDGE_LOOP('',(#8531,#8532,#8540,#8546));
#8531 = ORIENTED_EDGE('',*,*,#6043,.T.);
#8532 = ORIENTED_EDGE('',*,*,#8533,.F.);
#8533 = EDGE_CURVE('',#8534,#6046,#8536,.T.);
#8534 = VERTEX_POINT('',#8535);
#8535 = CARTESIAN_POINT('',(0.2,3.6,-1.35));
#8536 = LINE('',#8537,#8538);
#8537 = CARTESIAN_POINT('',(0.2,3.6,-1.35));
#8538 = VECTOR('',#8539,1.);
#8539 = DIRECTION('',(-0.,-1.,-1.807003620809E-16));
#8540 = ORIENTED_EDGE('',*,*,#8541,.F.);
#8541 = EDGE_CURVE('',#8510,#8534,#8542,.T.);
#8542 = LINE('',#8543,#8544);
#8543 = CARTESIAN_POINT('',(-0.2,3.6,-1.35));
#8544 = VECTOR('',#8545,1.);
#8545 = DIRECTION('',(1.,0.,0.));
#8546 = ORIENTED_EDGE('',*,*,#8509,.T.);
#8547 = PLANE('',#8548);
#8548 = AXIS2_PLACEMENT_3D('',#8549,#8550,#8551);
#8549 = CARTESIAN_POINT('',(-0.2,3.6,-1.35));
#8550 = DIRECTION('',(0.,1.807003620809E-16,-1.));
#8551 = DIRECTION('',(0.,1.,1.807003620809E-16));
#8552 = ADVANCED_FACE('',(#8553),#8564,.F.);
#8553 = FACE_BOUND('',#8554,.T.);
#8554 = EDGE_LOOP('',(#8555,#8556,#8557,#8563));
#8555 = ORIENTED_EDGE('',*,*,#6083,.T.);
#8556 = ORIENTED_EDGE('',*,*,#5989,.F.);
#8557 = ORIENTED_EDGE('',*,*,#8558,.F.);
#8558 = EDGE_CURVE('',#8534,#5982,#8559,.T.);
#8559 = LINE('',#8560,#8561);
#8560 = CARTESIAN_POINT('',(0.2,3.6,-1.75));
#8561 = VECTOR('',#8562,1.);
#8562 = DIRECTION('',(-0.,-0.,-1.));
#8563 = ORIENTED_EDGE('',*,*,#8533,.T.);
#8564 = PLANE('',#8565);
#8565 = AXIS2_PLACEMENT_3D('',#8566,#8567,#8568);
#8566 = CARTESIAN_POINT('',(0.2,3.6,-1.75));
#8567 = DIRECTION('',(-1.,0.,0.));
#8568 = DIRECTION('',(0.,0.,1.));
#8569 = ADVANCED_FACE('',(#8570),#8576,.T.);
#8570 = FACE_BOUND('',#8571,.T.);
#8571 = EDGE_LOOP('',(#8572,#8573,#8574,#8575));
#8572 = ORIENTED_EDGE('',*,*,#8517,.T.);
#8573 = ORIENTED_EDGE('',*,*,#8541,.T.);
#8574 = ORIENTED_EDGE('',*,*,#8558,.T.);
#8575 = ORIENTED_EDGE('',*,*,#5981,.T.);
#8576 = PLANE('',#8577);
#8577 = AXIS2_PLACEMENT_3D('',#8578,#8579,#8580);
#8578 = CARTESIAN_POINT('',(0.,3.6,4.336808689942E-16));
#8579 = DIRECTION('',(0.,1.,0.));
#8580 = DIRECTION('',(0.,-0.,1.));
#8581 = ( GEOMETRIC_REPRESENTATION_CONTEXT(3) 
GLOBAL_UNCERTAINTY_ASSIGNED_CONTEXT((#8585)) 
GLOBAL_UNIT_ASSIGNED_CONTEXT((#8582,#8583,#8584)) REPRESENTATION_CONTEXT
('Context #1','3D Context with UNIT and UNCERTAINTY') );
#8582 = ( LENGTH_UNIT() NAMED_UNIT(*) SI_UNIT(.MILLI.,.METRE.) );
#8583 = ( NAMED_UNIT(*) PLANE_ANGLE_UNIT() SI_UNIT($,.RADIAN.) );
#8584 = ( NAMED_UNIT(*) SI_UNIT($,.STERADIAN.) SOLID_ANGLE_UNIT() );
#8585 = UNCERTAINTY_MEASURE_WITH_UNIT(LENGTH_MEASURE(1.E-07),#8582,
  'distance_accuracy_value','confusion accuracy');
#8586 = SHAPE_DEFINITION_REPRESENTATION(#8587,#5964);
#8587 = PRODUCT_DEFINITION_SHAPE('','',#8588);
#8588 = PRODUCT_DEFINITION('design','',#8589,#8592);
#8589 = PRODUCT_DEFINITION_FORMATION('','',#8590);
#8590 = PRODUCT('User Library-BxB-PH','User Library-BxB-PH','',(#8591));
#8591 = PRODUCT_CONTEXT('',#2,'mechanical');
#8592 = PRODUCT_DEFINITION_CONTEXT('part definition',#2,'design');
#8593 = CONTEXT_DEPENDENT_SHAPE_REPRESENTATION(#8594,#8596);
#8594 = ( REPRESENTATION_RELATIONSHIP('','',#5964,#5954) 
REPRESENTATION_RELATIONSHIP_WITH_TRANSFORMATION(#8595) 
SHAPE_REPRESENTATION_RELATIONSHIP() );
#8595 = ITEM_DEFINED_TRANSFORMATION('','',#11,#5955);
#8596 = PRODUCT_DEFINITION_SHAPE('Placement','Placement of an item',
  #8597);
#8597 = NEXT_ASSEMBLY_USAGE_OCCURRENCE('166','','',#5949,#8588,$);
#8598 = PRODUCT_RELATED_PRODUCT_CATEGORY('part',$,(#8590));
#8599 = CONTEXT_DEPENDENT_SHAPE_REPRESENTATION(#8600,#8602);
#8600 = ( REPRESENTATION_RELATIONSHIP('','',#5954,#10) 
REPRESENTATION_RELATIONSHIP_WITH_TRANSFORMATION(#8601) 
SHAPE_REPRESENTATION_RELATIONSHIP() );
#8601 = ITEM_DEFINED_TRANSFORMATION('','',#11,#27);
#8602 = PRODUCT_DEFINITION_SHAPE('Placement','Placement of an item',
  #8603);
#8603 = NEXT_ASSEMBLY_USAGE_OCCURRENCE('167','','',#5,#5949,$);
#8604 = PRODUCT_RELATED_PRODUCT_CATEGORY('part',$,(#5951));
#8605 = SHAPE_DEFINITION_REPRESENTATION(#8606,#8612);
#8606 = PRODUCT_DEFINITION_SHAPE('','',#8607);
#8607 = PRODUCT_DEFINITION('design','',#8608,#8611);
#8608 = PRODUCT_DEFINITION_FORMATION('','',#8609);
#8609 = PRODUCT('D2','D2','',(#8610));
#8610 = PRODUCT_CONTEXT('',#2,'mechanical');
#8611 = PRODUCT_DEFINITION_CONTEXT('part definition',#2,'design');
#8612 = SHAPE_REPRESENTATION('',(#11,#8613),#8617);
#8613 = AXIS2_PLACEMENT_3D('',#8614,#8615,#8616);
#8614 = CARTESIAN_POINT('',(-10.99988713377,7.739394531114E-05,0.));
#8615 = DIRECTION('',(0.,0.,1.));
#8616 = DIRECTION('',(-1.,-8.742277657348E-08,0.));
#8617 = ( GEOMETRIC_REPRESENTATION_CONTEXT(3) 
GLOBAL_UNCERTAINTY_ASSIGNED_CONTEXT((#8621)) 
GLOBAL_UNIT_ASSIGNED_CONTEXT((#8618,#8619,#8620)) REPRESENTATION_CONTEXT
('Context #1','3D Context with UNIT and UNCERTAINTY') );
#8618 = ( LENGTH_UNIT() NAMED_UNIT(*) SI_UNIT(.MILLI.,.METRE.) );
#8619 = ( NAMED_UNIT(*) PLANE_ANGLE_UNIT() SI_UNIT($,.RADIAN.) );
#8620 = ( NAMED_UNIT(*) SI_UNIT($,.STERADIAN.) SOLID_ANGLE_UNIT() );
#8621 = UNCERTAINTY_MEASURE_WITH_UNIT(LENGTH_MEASURE(5.E-07),#8618,
  'distance_accuracy_value','confusion accuracy');
#8622 = ADVANCED_BREP_SHAPE_REPRESENTATION('',(#11,#8623),#9173);
#8623 = MANIFOLD_SOLID_BREP('',#8624);
#8624 = CLOSED_SHELL('',(#8625,#8676,#8718,#8751,#8791,#8822,#8853,#8875
    ,#8940,#8982,#8999,#9017,#9030,#9053,#9084,#9108,#9132,#9149,#9161)
  );
#8625 = ADVANCED_FACE('',(#8626),#8671,.T.);
#8626 = FACE_BOUND('',#8627,.T.);
#8627 = EDGE_LOOP('',(#8628,#8639,#8647,#8656,#8665));
#8628 = ORIENTED_EDGE('',*,*,#8629,.F.);
#8629 = EDGE_CURVE('',#8630,#8632,#8634,.T.);
#8630 = VERTEX_POINT('',#8631);
#8631 = CARTESIAN_POINT('',(2.5,3.061616997868E-16,6.));
#8632 = VERTEX_POINT('',#8633);
#8633 = CARTESIAN_POINT('',(-2.5,0.,6.));
#8634 = CIRCLE('',#8635,2.5);
#8635 = AXIS2_PLACEMENT_3D('',#8636,#8637,#8638);
#8636 = CARTESIAN_POINT('',(0.,0.,6.));
#8637 = DIRECTION('',(0.,0.,1.));
#8638 = DIRECTION('',(1.,0.,-0.));
#8639 = ORIENTED_EDGE('',*,*,#8640,.T.);
#8640 = EDGE_CURVE('',#8630,#8641,#8643,.T.);
#8641 = VERTEX_POINT('',#8642);
#8642 = CARTESIAN_POINT('',(2.5,3.061616997868E-16,1.));
#8643 = LINE('',#8644,#8645);
#8644 = CARTESIAN_POINT('',(2.5,3.061616997868E-16,6.));
#8645 = VECTOR('',#8646,1.);
#8646 = DIRECTION('',(-0.,-0.,-1.));
#8647 = ORIENTED_EDGE('',*,*,#8648,.T.);
#8648 = EDGE_CURVE('',#8641,#8649,#8651,.T.);
#8649 = VERTEX_POINT('',#8650);
#8650 = CARTESIAN_POINT('',(0.,2.5,1.));
#8651 = CIRCLE('',#8652,2.5);
#8652 = AXIS2_PLACEMENT_3D('',#8653,#8654,#8655);
#8653 = CARTESIAN_POINT('',(0.,0.,1.));
#8654 = DIRECTION('',(0.,0.,1.));
#8655 = DIRECTION('',(1.,0.,-0.));
#8656 = ORIENTED_EDGE('',*,*,#8657,.T.);
#8657 = EDGE_CURVE('',#8649,#8658,#8660,.T.);
#8658 = VERTEX_POINT('',#8659);
#8659 = CARTESIAN_POINT('',(-2.5,0.,1.));
#8660 = CIRCLE('',#8661,2.5);
#8661 = AXIS2_PLACEMENT_3D('',#8662,#8663,#8664);
#8662 = CARTESIAN_POINT('',(0.,0.,1.));
#8663 = DIRECTION('',(0.,0.,1.));
#8664 = DIRECTION('',(1.,0.,-0.));
#8665 = ORIENTED_EDGE('',*,*,#8666,.F.);
#8666 = EDGE_CURVE('',#8632,#8658,#8667,.T.);
#8667 = LINE('',#8668,#8669);
#8668 = CARTESIAN_POINT('',(-2.5,0.,6.));
#8669 = VECTOR('',#8670,1.);
#8670 = DIRECTION('',(-0.,-0.,-1.));
#8671 = CYLINDRICAL_SURFACE('',#8672,2.5);
#8672 = AXIS2_PLACEMENT_3D('',#8673,#8674,#8675);
#8673 = CARTESIAN_POINT('',(0.,0.,6.));
#8674 = DIRECTION('',(-0.,-0.,-1.));
#8675 = DIRECTION('',(-1.,0.,0.));
#8676 = ADVANCED_FACE('',(#8677),#8713,.T.);
#8677 = FACE_BOUND('',#8678,.T.);
#8678 = EDGE_LOOP('',(#8679,#8690,#8698,#8707));
#8679 = ORIENTED_EDGE('',*,*,#8680,.F.);
#8680 = EDGE_CURVE('',#8681,#8683,#8685,.T.);
#8681 = VERTEX_POINT('',#8682);
#8682 = CARTESIAN_POINT('',(3.,3.673940397442E-16,1.));
#8683 = VERTEX_POINT('',#8684);
#8684 = CARTESIAN_POINT('',(1.658312395178,2.5,1.));
#8685 = CIRCLE('',#8686,3.);
#8686 = AXIS2_PLACEMENT_3D('',#8687,#8688,#8689);
#8687 = CARTESIAN_POINT('',(0.,0.,1.));
#8688 = DIRECTION('',(0.,0.,1.));
#8689 = DIRECTION('',(1.,0.,-0.));
#8690 = ORIENTED_EDGE('',*,*,#8691,.T.);
#8691 = EDGE_CURVE('',#8681,#8692,#8694,.T.);
#8692 = VERTEX_POINT('',#8693);
#8693 = CARTESIAN_POINT('',(3.,3.673940397442E-16,0.));
#8694 = LINE('',#8695,#8696);
#8695 = CARTESIAN_POINT('',(3.,3.673940397442E-16,1.));
#8696 = VECTOR('',#8697,1.);
#8697 = DIRECTION('',(-0.,-0.,-1.));
#8698 = ORIENTED_EDGE('',*,*,#8699,.T.);
#8699 = EDGE_CURVE('',#8692,#8700,#8702,.T.);
#8700 = VERTEX_POINT('',#8701);
#8701 = CARTESIAN_POINT('',(1.658312395178,2.5,0.));
#8702 = CIRCLE('',#8703,3.);
#8703 = AXIS2_PLACEMENT_3D('',#8704,#8705,#8706);
#8704 = CARTESIAN_POINT('',(0.,0.,0.));
#8705 = DIRECTION('',(0.,0.,1.));
#8706 = DIRECTION('',(1.,0.,-0.));
#8707 = ORIENTED_EDGE('',*,*,#8708,.T.);
#8708 = EDGE_CURVE('',#8700,#8683,#8709,.T.);
#8709 = LINE('',#8710,#8711);
#8710 = CARTESIAN_POINT('',(1.658312395178,2.5,1.));
#8711 = VECTOR('',#8712,1.);
#8712 = DIRECTION('',(0.,0.,1.));
#8713 = CYLINDRICAL_SURFACE('',#8714,3.);
#8714 = AXIS2_PLACEMENT_3D('',#8715,#8716,#8717);
#8715 = CARTESIAN_POINT('',(0.,0.,1.));
#8716 = DIRECTION('',(-0.,-0.,-1.));
#8717 = DIRECTION('',(-1.,0.,0.));
#8718 = ADVANCED_FACE('',(#8719),#8746,.T.);
#8719 = FACE_BOUND('',#8720,.T.);
#8720 = EDGE_LOOP('',(#8721,#8722,#8731,#8739));
#8721 = ORIENTED_EDGE('',*,*,#8691,.F.);
#8722 = ORIENTED_EDGE('',*,*,#8723,.F.);
#8723 = EDGE_CURVE('',#8724,#8681,#8726,.T.);
#8724 = VERTEX_POINT('',#8725);
#8725 = CARTESIAN_POINT('',(-3.,0.,1.));
#8726 = CIRCLE('',#8727,3.);
#8727 = AXIS2_PLACEMENT_3D('',#8728,#8729,#8730);
#8728 = CARTESIAN_POINT('',(0.,0.,1.));
#8729 = DIRECTION('',(0.,0.,1.));
#8730 = DIRECTION('',(1.,0.,-0.));
#8731 = ORIENTED_EDGE('',*,*,#8732,.T.);
#8732 = EDGE_CURVE('',#8724,#8733,#8735,.T.);
#8733 = VERTEX_POINT('',#8734);
#8734 = CARTESIAN_POINT('',(-3.,0.,0.));
#8735 = LINE('',#8736,#8737);
#8736 = CARTESIAN_POINT('',(-3.,0.,1.));
#8737 = VECTOR('',#8738,1.);
#8738 = DIRECTION('',(-0.,-0.,-1.));
#8739 = ORIENTED_EDGE('',*,*,#8740,.T.);
#8740 = EDGE_CURVE('',#8733,#8692,#8741,.T.);
#8741 = CIRCLE('',#8742,3.);
#8742 = AXIS2_PLACEMENT_3D('',#8743,#8744,#8745);
#8743 = CARTESIAN_POINT('',(0.,0.,0.));
#8744 = DIRECTION('',(0.,0.,1.));
#8745 = DIRECTION('',(1.,0.,-0.));
#8746 = CYLINDRICAL_SURFACE('',#8747,3.);
#8747 = AXIS2_PLACEMENT_3D('',#8748,#8749,#8750);
#8748 = CARTESIAN_POINT('',(0.,0.,1.));
#8749 = DIRECTION('',(-0.,-0.,-1.));
#8750 = DIRECTION('',(-1.,0.,0.));
#8751 = ADVANCED_FACE('',(#8752),#8786,.F.);
#8752 = FACE_BOUND('',#8753,.T.);
#8753 = EDGE_LOOP('',(#8754,#8764,#8772,#8780));
#8754 = ORIENTED_EDGE('',*,*,#8755,.F.);
#8755 = EDGE_CURVE('',#8756,#8758,#8760,.T.);
#8756 = VERTEX_POINT('',#8757);
#8757 = CARTESIAN_POINT('',(-0.3,0.97,-4.));
#8758 = VERTEX_POINT('',#8759);
#8759 = CARTESIAN_POINT('',(-0.3,1.57,-4.));
#8760 = LINE('',#8761,#8762);
#8761 = CARTESIAN_POINT('',(-0.3,0.97,-4.));
#8762 = VECTOR('',#8763,1.);
#8763 = DIRECTION('',(0.,1.,0.));
#8764 = ORIENTED_EDGE('',*,*,#8765,.T.);
#8765 = EDGE_CURVE('',#8756,#8766,#8768,.T.);
#8766 = VERTEX_POINT('',#8767);
#8767 = CARTESIAN_POINT('',(-0.3,0.97,0.));
#8768 = LINE('',#8769,#8770);
#8769 = CARTESIAN_POINT('',(-0.3,0.97,-5.));
#8770 = VECTOR('',#8771,1.);
#8771 = DIRECTION('',(-0.,-0.,1.));
#8772 = ORIENTED_EDGE('',*,*,#8773,.T.);
#8773 = EDGE_CURVE('',#8766,#8774,#8776,.T.);
#8774 = VERTEX_POINT('',#8775);
#8775 = CARTESIAN_POINT('',(-0.3,1.57,0.));
#8776 = LINE('',#8777,#8778);
#8777 = CARTESIAN_POINT('',(-0.3,1.57,0.));
#8778 = VECTOR('',#8779,1.);
#8779 = DIRECTION('',(-0.,1.,-0.));
#8780 = ORIENTED_EDGE('',*,*,#8781,.F.);
#8781 = EDGE_CURVE('',#8758,#8774,#8782,.T.);
#8782 = LINE('',#8783,#8784);
#8783 = CARTESIAN_POINT('',(-0.3,1.57,-5.));
#8784 = VECTOR('',#8785,1.);
#8785 = DIRECTION('',(-0.,-0.,1.));
#8786 = PLANE('',#8787);
#8787 = AXIS2_PLACEMENT_3D('',#8788,#8789,#8790);
#8788 = CARTESIAN_POINT('',(-0.3,1.57,-5.));
#8789 = DIRECTION('',(1.,0.,0.));
#8790 = DIRECTION('',(0.,0.,-1.));
#8791 = ADVANCED_FACE('',(#8792),#8817,.F.);
#8792 = FACE_BOUND('',#8793,.T.);
#8793 = EDGE_LOOP('',(#8794,#8802,#8803,#8811));
#8794 = ORIENTED_EDGE('',*,*,#8795,.F.);
#8795 = EDGE_CURVE('',#8758,#8796,#8798,.T.);
#8796 = VERTEX_POINT('',#8797);
#8797 = CARTESIAN_POINT('',(0.3,1.57,-4.));
#8798 = LINE('',#8799,#8800);
#8799 = CARTESIAN_POINT('',(-0.3,1.57,-4.));
#8800 = VECTOR('',#8801,1.);
#8801 = DIRECTION('',(1.,0.,0.));
#8802 = ORIENTED_EDGE('',*,*,#8781,.T.);
#8803 = ORIENTED_EDGE('',*,*,#8804,.T.);
#8804 = EDGE_CURVE('',#8774,#8805,#8807,.T.);
#8805 = VERTEX_POINT('',#8806);
#8806 = CARTESIAN_POINT('',(0.3,1.57,0.));
#8807 = LINE('',#8808,#8809);
#8808 = CARTESIAN_POINT('',(0.3,1.57,0.));
#8809 = VECTOR('',#8810,1.);
#8810 = DIRECTION('',(1.,-0.,-0.));
#8811 = ORIENTED_EDGE('',*,*,#8812,.F.);
#8812 = EDGE_CURVE('',#8796,#8805,#8813,.T.);
#8813 = LINE('',#8814,#8815);
#8814 = CARTESIAN_POINT('',(0.3,1.57,-5.));
#8815 = VECTOR('',#8816,1.);
#8816 = DIRECTION('',(-0.,-0.,1.));
#8817 = PLANE('',#8818);
#8818 = AXIS2_PLACEMENT_3D('',#8819,#8820,#8821);
#8819 = CARTESIAN_POINT('',(0.3,1.57,-5.));
#8820 = DIRECTION('',(0.,-1.,-0.));
#8821 = DIRECTION('',(0.,0.,-1.));
#8822 = ADVANCED_FACE('',(#8823),#8848,.F.);
#8823 = FACE_BOUND('',#8824,.T.);
#8824 = EDGE_LOOP('',(#8825,#8833,#8834,#8842));
#8825 = ORIENTED_EDGE('',*,*,#8826,.F.);
#8826 = EDGE_CURVE('',#8796,#8827,#8829,.T.);
#8827 = VERTEX_POINT('',#8828);
#8828 = CARTESIAN_POINT('',(0.3,0.97,-4.));
#8829 = LINE('',#8830,#8831);
#8830 = CARTESIAN_POINT('',(0.3,1.57,-4.));
#8831 = VECTOR('',#8832,1.);
#8832 = DIRECTION('',(0.,-1.,0.));
#8833 = ORIENTED_EDGE('',*,*,#8812,.T.);
#8834 = ORIENTED_EDGE('',*,*,#8835,.T.);
#8835 = EDGE_CURVE('',#8805,#8836,#8838,.T.);
#8836 = VERTEX_POINT('',#8837);
#8837 = CARTESIAN_POINT('',(0.3,0.97,0.));
#8838 = LINE('',#8839,#8840);
#8839 = CARTESIAN_POINT('',(0.3,1.57,0.));
#8840 = VECTOR('',#8841,1.);
#8841 = DIRECTION('',(0.,-1.,0.));
#8842 = ORIENTED_EDGE('',*,*,#8843,.F.);
#8843 = EDGE_CURVE('',#8827,#8836,#8844,.T.);
#8844 = LINE('',#8845,#8846);
#8845 = CARTESIAN_POINT('',(0.3,0.97,-5.));
#8846 = VECTOR('',#8847,1.);
#8847 = DIRECTION('',(-0.,-0.,1.));
#8848 = PLANE('',#8849);
#8849 = AXIS2_PLACEMENT_3D('',#8850,#8851,#8852);
#8850 = CARTESIAN_POINT('',(0.3,1.57,-5.));
#8851 = DIRECTION('',(-1.,0.,-0.));
#8852 = DIRECTION('',(0.,0.,1.));
#8853 = ADVANCED_FACE('',(#8854),#8870,.F.);
#8854 = FACE_BOUND('',#8855,.T.);
#8855 = EDGE_LOOP('',(#8856,#8862,#8863,#8869));
#8856 = ORIENTED_EDGE('',*,*,#8857,.F.);
#8857 = EDGE_CURVE('',#8827,#8756,#8858,.T.);
#8858 = LINE('',#8859,#8860);
#8859 = CARTESIAN_POINT('',(0.3,0.97,-4.));
#8860 = VECTOR('',#8861,1.);
#8861 = DIRECTION('',(-1.,0.,0.));
#8862 = ORIENTED_EDGE('',*,*,#8843,.T.);
#8863 = ORIENTED_EDGE('',*,*,#8864,.T.);
#8864 = EDGE_CURVE('',#8836,#8766,#8865,.T.);
#8865 = LINE('',#8866,#8867);
#8866 = CARTESIAN_POINT('',(0.3,0.97,0.));
#8867 = VECTOR('',#8868,1.);
#8868 = DIRECTION('',(-1.,0.,0.));
#8869 = ORIENTED_EDGE('',*,*,#8765,.F.);
#8870 = PLANE('',#8871);
#8871 = AXIS2_PLACEMENT_3D('',#8872,#8873,#8874);
#8872 = CARTESIAN_POINT('',(0.3,0.97,-5.));
#8873 = DIRECTION('',(0.,1.,0.));
#8874 = DIRECTION('',(0.,-0.,1.));
#8875 = ADVANCED_FACE('',(#8876,#8882,#8901),#8935,.F.);
#8876 = FACE_BOUND('',#8877,.T.);
#8877 = EDGE_LOOP('',(#8878,#8879,#8880,#8881));
#8878 = ORIENTED_EDGE('',*,*,#8773,.F.);
#8879 = ORIENTED_EDGE('',*,*,#8864,.F.);
#8880 = ORIENTED_EDGE('',*,*,#8835,.F.);
#8881 = ORIENTED_EDGE('',*,*,#8804,.F.);
#8882 = FACE_BOUND('',#8883,.T.);
#8883 = EDGE_LOOP('',(#8884,#8893,#8899,#8900));
#8884 = ORIENTED_EDGE('',*,*,#8885,.F.);
#8885 = EDGE_CURVE('',#8886,#8733,#8888,.T.);
#8886 = VERTEX_POINT('',#8887);
#8887 = CARTESIAN_POINT('',(-1.658312395178,2.5,0.));
#8888 = CIRCLE('',#8889,3.);
#8889 = AXIS2_PLACEMENT_3D('',#8890,#8891,#8892);
#8890 = CARTESIAN_POINT('',(0.,0.,0.));
#8891 = DIRECTION('',(0.,0.,1.));
#8892 = DIRECTION('',(1.,0.,-0.));
#8893 = ORIENTED_EDGE('',*,*,#8894,.T.);
#8894 = EDGE_CURVE('',#8886,#8700,#8895,.T.);
#8895 = LINE('',#8896,#8897);
#8896 = CARTESIAN_POINT('',(0.,2.5,0.));
#8897 = VECTOR('',#8898,1.);
#8898 = DIRECTION('',(1.,0.,0.));
#8899 = ORIENTED_EDGE('',*,*,#8699,.F.);
#8900 = ORIENTED_EDGE('',*,*,#8740,.F.);
#8901 = FACE_BOUND('',#8902,.T.);
#8902 = EDGE_LOOP('',(#8903,#8913,#8921,#8929));
#8903 = ORIENTED_EDGE('',*,*,#8904,.F.);
#8904 = EDGE_CURVE('',#8905,#8907,#8909,.T.);
#8905 = VERTEX_POINT('',#8906);
#8906 = CARTESIAN_POINT('',(0.3,-0.97,-0.));
#8907 = VERTEX_POINT('',#8908);
#8908 = CARTESIAN_POINT('',(0.3,-1.57,0.));
#8909 = LINE('',#8910,#8911);
#8910 = CARTESIAN_POINT('',(0.3,-1.57,-0.));
#8911 = VECTOR('',#8912,1.);
#8912 = DIRECTION('',(-0.,-1.,-0.));
#8913 = ORIENTED_EDGE('',*,*,#8914,.F.);
#8914 = EDGE_CURVE('',#8915,#8905,#8917,.T.);
#8915 = VERTEX_POINT('',#8916);
#8916 = CARTESIAN_POINT('',(-0.3,-0.97,0.));
#8917 = LINE('',#8918,#8919);
#8918 = CARTESIAN_POINT('',(0.3,-0.97,-0.));
#8919 = VECTOR('',#8920,1.);
#8920 = DIRECTION('',(1.,1.807003620809E-16,-0.));
#8921 = ORIENTED_EDGE('',*,*,#8922,.F.);
#8922 = EDGE_CURVE('',#8923,#8915,#8925,.T.);
#8923 = VERTEX_POINT('',#8924);
#8924 = CARTESIAN_POINT('',(-0.3,-1.57,0.));
#8925 = LINE('',#8926,#8927);
#8926 = CARTESIAN_POINT('',(-0.3,-1.57,0.));
#8927 = VECTOR('',#8928,1.);
#8928 = DIRECTION('',(0.,1.,0.));
#8929 = ORIENTED_EDGE('',*,*,#8930,.F.);
#8930 = EDGE_CURVE('',#8907,#8923,#8931,.T.);
#8931 = LINE('',#8932,#8933);
#8932 = CARTESIAN_POINT('',(0.3,-1.57,-0.));
#8933 = VECTOR('',#8934,1.);
#8934 = DIRECTION('',(-1.,0.,0.));
#8935 = PLANE('',#8936);
#8936 = AXIS2_PLACEMENT_3D('',#8937,#8938,#8939);
#8937 = CARTESIAN_POINT('',(0.,0.,0.));
#8938 = DIRECTION('',(0.,0.,1.));
#8939 = DIRECTION('',(1.,0.,-0.));
#8940 = ADVANCED_FACE('',(#8941,#8966),#8977,.T.);
#8941 = FACE_BOUND('',#8942,.T.);
#8942 = EDGE_LOOP('',(#8943,#8951,#8958,#8959,#8960));
#8943 = ORIENTED_EDGE('',*,*,#8944,.F.);
#8944 = EDGE_CURVE('',#8945,#8649,#8947,.T.);
#8945 = VERTEX_POINT('',#8946);
#8946 = CARTESIAN_POINT('',(-1.658312395178,2.5,1.));
#8947 = LINE('',#8948,#8949);
#8948 = CARTESIAN_POINT('',(2.,2.5,1.));
#8949 = VECTOR('',#8950,1.);
#8950 = DIRECTION('',(1.,-0.,-0.));
#8951 = ORIENTED_EDGE('',*,*,#8952,.T.);
#8952 = EDGE_CURVE('',#8945,#8724,#8953,.T.);
#8953 = CIRCLE('',#8954,3.);
#8954 = AXIS2_PLACEMENT_3D('',#8955,#8956,#8957);
#8955 = CARTESIAN_POINT('',(0.,0.,1.));
#8956 = DIRECTION('',(0.,0.,1.));
#8957 = DIRECTION('',(1.,0.,-0.));
#8958 = ORIENTED_EDGE('',*,*,#8723,.T.);
#8959 = ORIENTED_EDGE('',*,*,#8680,.T.);
#8960 = ORIENTED_EDGE('',*,*,#8961,.F.);
#8961 = EDGE_CURVE('',#8649,#8683,#8962,.T.);
#8962 = LINE('',#8963,#8964);
#8963 = CARTESIAN_POINT('',(2.,2.5,1.));
#8964 = VECTOR('',#8965,1.);
#8965 = DIRECTION('',(1.,-0.,-0.));
#8966 = FACE_BOUND('',#8967,.T.);
#8967 = EDGE_LOOP('',(#8968,#8969,#8976));
#8968 = ORIENTED_EDGE('',*,*,#8648,.F.);
#8969 = ORIENTED_EDGE('',*,*,#8970,.F.);
#8970 = EDGE_CURVE('',#8658,#8641,#8971,.T.);
#8971 = CIRCLE('',#8972,2.5);
#8972 = AXIS2_PLACEMENT_3D('',#8973,#8974,#8975);
#8973 = CARTESIAN_POINT('',(0.,0.,1.));
#8974 = DIRECTION('',(0.,0.,1.));
#8975 = DIRECTION('',(1.,0.,-0.));
#8976 = ORIENTED_EDGE('',*,*,#8657,.F.);
#8977 = PLANE('',#8978);
#8978 = AXIS2_PLACEMENT_3D('',#8979,#8980,#8981);
#8979 = CARTESIAN_POINT('',(0.,0.,1.));
#8980 = DIRECTION('',(0.,0.,1.));
#8981 = DIRECTION('',(1.,0.,-0.));
#8982 = ADVANCED_FACE('',(#8983),#8994,.T.);
#8983 = FACE_BOUND('',#8984,.T.);
#8984 = EDGE_LOOP('',(#8985,#8986,#8987,#8993));
#8985 = ORIENTED_EDGE('',*,*,#8732,.F.);
#8986 = ORIENTED_EDGE('',*,*,#8952,.F.);
#8987 = ORIENTED_EDGE('',*,*,#8988,.T.);
#8988 = EDGE_CURVE('',#8945,#8886,#8989,.T.);
#8989 = LINE('',#8990,#8991);
#8990 = CARTESIAN_POINT('',(-1.658312395178,2.5,1.));
#8991 = VECTOR('',#8992,1.);
#8992 = DIRECTION('',(-0.,-0.,-1.));
#8993 = ORIENTED_EDGE('',*,*,#8885,.T.);
#8994 = CYLINDRICAL_SURFACE('',#8995,3.);
#8995 = AXIS2_PLACEMENT_3D('',#8996,#8997,#8998);
#8996 = CARTESIAN_POINT('',(0.,0.,1.));
#8997 = DIRECTION('',(-0.,-0.,-1.));
#8998 = DIRECTION('',(-1.,0.,0.));
#8999 = ADVANCED_FACE('',(#9000),#9012,.T.);
#9000 = FACE_BOUND('',#9001,.T.);
#9001 = EDGE_LOOP('',(#9002,#9003,#9010,#9011));
#9002 = ORIENTED_EDGE('',*,*,#8640,.F.);
#9003 = ORIENTED_EDGE('',*,*,#9004,.F.);
#9004 = EDGE_CURVE('',#8632,#8630,#9005,.T.);
#9005 = CIRCLE('',#9006,2.5);
#9006 = AXIS2_PLACEMENT_3D('',#9007,#9008,#9009);
#9007 = CARTESIAN_POINT('',(0.,0.,6.));
#9008 = DIRECTION('',(0.,0.,1.));
#9009 = DIRECTION('',(1.,0.,-0.));
#9010 = ORIENTED_EDGE('',*,*,#8666,.T.);
#9011 = ORIENTED_EDGE('',*,*,#8970,.T.);
#9012 = CYLINDRICAL_SURFACE('',#9013,2.5);
#9013 = AXIS2_PLACEMENT_3D('',#9014,#9015,#9016);
#9014 = CARTESIAN_POINT('',(0.,0.,6.));
#9015 = DIRECTION('',(-0.,-0.,-1.));
#9016 = DIRECTION('',(-1.,0.,0.));
#9017 = ADVANCED_FACE('',(#9018),#9025,.F.);
#9018 = FACE_BOUND('',#9019,.T.);
#9019 = EDGE_LOOP('',(#9020,#9021,#9022,#9023,#9024));
#9020 = ORIENTED_EDGE('',*,*,#8944,.T.);
#9021 = ORIENTED_EDGE('',*,*,#8961,.T.);
#9022 = ORIENTED_EDGE('',*,*,#8708,.F.);
#9023 = ORIENTED_EDGE('',*,*,#8894,.F.);
#9024 = ORIENTED_EDGE('',*,*,#8988,.F.);
#9025 = PLANE('',#9026);
#9026 = AXIS2_PLACEMENT_3D('',#9027,#9028,#9029);
#9027 = CARTESIAN_POINT('',(2.,2.5,0.));
#9028 = DIRECTION('',(0.,-1.,-0.));
#9029 = DIRECTION('',(0.,0.,-1.));
#9030 = ADVANCED_FACE('',(#9031),#9048,.T.);
#9031 = FACE_BOUND('',#9032,.T.);
#9032 = EDGE_LOOP('',(#9033,#9034,#9035,#9047));
#9033 = ORIENTED_EDGE('',*,*,#9004,.T.);
#9034 = ORIENTED_EDGE('',*,*,#8629,.T.);
#9035 = ORIENTED_EDGE('',*,*,#9036,.T.);
#9036 = EDGE_CURVE('',#8632,#9037,#9039,.T.);
#9037 = VERTEX_POINT('',#9038);
#9038 = CARTESIAN_POINT('',(-1.750031560966E-14,3.749399456655E-32,8.5)
  );
#9039 = B_SPLINE_CURVE_WITH_KNOTS('',6,(#9040,#9041,#9042,#9043,#9044,
    #9045,#9046),.UNSPECIFIED.,.F.,.F.,(7,7),(7.105427357601E-15,
    1.570796326795),.PIECEWISE_BEZIER_KNOTS.);
#9040 = CARTESIAN_POINT('',(-2.5,0.,6.));
#9041 = CARTESIAN_POINT('',(-2.5,0.,6.654498469498));
#9042 = CARTESIAN_POINT('',(-2.294430784949,0.,7.308941251763));
#9043 = CARTESIAN_POINT('',(-1.8829753741,0.,7.8829753741));
#9044 = CARTESIAN_POINT('',(-1.308941251763,0.,8.294430784949));
#9045 = CARTESIAN_POINT('',(-0.654498469498,0.,8.5));
#9046 = CARTESIAN_POINT('',(-1.754152378908E-14,0.,8.5));
#9047 = ORIENTED_EDGE('',*,*,#9036,.F.);
#9048 = SPHERICAL_SURFACE('',#9049,2.5);
#9049 = AXIS2_PLACEMENT_3D('',#9050,#9051,#9052);
#9050 = CARTESIAN_POINT('',(0.,0.,6.));
#9051 = DIRECTION('',(-6.938893903907E-15,0.,1.));
#9052 = DIRECTION('',(-1.,0.,-6.938893903907E-15));
#9053 = ADVANCED_FACE('',(#9054),#9079,.F.);
#9054 = FACE_BOUND('',#9055,.T.);
#9055 = EDGE_LOOP('',(#9056,#9057,#9065,#9073));
#9056 = ORIENTED_EDGE('',*,*,#8904,.T.);
#9057 = ORIENTED_EDGE('',*,*,#9058,.F.);
#9058 = EDGE_CURVE('',#9059,#8907,#9061,.T.);
#9059 = VERTEX_POINT('',#9060);
#9060 = CARTESIAN_POINT('',(0.3,-1.57,-5.));
#9061 = LINE('',#9062,#9063);
#9062 = CARTESIAN_POINT('',(0.3,-1.57,-5.));
#9063 = VECTOR('',#9064,1.);
#9064 = DIRECTION('',(-0.,-0.,1.));
#9065 = ORIENTED_EDGE('',*,*,#9066,.F.);
#9066 = EDGE_CURVE('',#9067,#9059,#9069,.T.);
#9067 = VERTEX_POINT('',#9068);
#9068 = CARTESIAN_POINT('',(0.3,-0.97,-5.));
#9069 = LINE('',#9070,#9071);
#9070 = CARTESIAN_POINT('',(0.3,-1.57,-5.));
#9071 = VECTOR('',#9072,1.);
#9072 = DIRECTION('',(-0.,-1.,-0.));
#9073 = ORIENTED_EDGE('',*,*,#9074,.T.);
#9074 = EDGE_CURVE('',#9067,#8905,#9075,.T.);
#9075 = LINE('',#9076,#9077);
#9076 = CARTESIAN_POINT('',(0.3,-0.97,-5.));
#9077 = VECTOR('',#9078,1.);
#9078 = DIRECTION('',(-0.,-0.,1.));
#9079 = PLANE('',#9080);
#9080 = AXIS2_PLACEMENT_3D('',#9081,#9082,#9083);
#9081 = CARTESIAN_POINT('',(0.3,-1.57,-5.));
#9082 = DIRECTION('',(-1.,0.,0.));
#9083 = DIRECTION('',(0.,0.,1.));
#9084 = ADVANCED_FACE('',(#9085),#9103,.F.);
#9085 = FACE_BOUND('',#9086,.T.);
#9086 = EDGE_LOOP('',(#9087,#9088,#9096,#9102));
#9087 = ORIENTED_EDGE('',*,*,#8930,.T.);
#9088 = ORIENTED_EDGE('',*,*,#9089,.F.);
#9089 = EDGE_CURVE('',#9090,#8923,#9092,.T.);
#9090 = VERTEX_POINT('',#9091);
#9091 = CARTESIAN_POINT('',(-0.3,-1.57,-5.));
#9092 = LINE('',#9093,#9094);
#9093 = CARTESIAN_POINT('',(-0.3,-1.57,-5.));
#9094 = VECTOR('',#9095,1.);
#9095 = DIRECTION('',(-0.,-0.,1.));
#9096 = ORIENTED_EDGE('',*,*,#9097,.F.);
#9097 = EDGE_CURVE('',#9059,#9090,#9098,.T.);
#9098 = LINE('',#9099,#9100);
#9099 = CARTESIAN_POINT('',(0.3,-1.57,-5.));
#9100 = VECTOR('',#9101,1.);
#9101 = DIRECTION('',(-1.,0.,0.));
#9102 = ORIENTED_EDGE('',*,*,#9058,.T.);
#9103 = PLANE('',#9104);
#9104 = AXIS2_PLACEMENT_3D('',#9105,#9106,#9107);
#9105 = CARTESIAN_POINT('',(0.3,-1.57,-5.));
#9106 = DIRECTION('',(0.,1.,0.));
#9107 = DIRECTION('',(0.,-0.,1.));
#9108 = ADVANCED_FACE('',(#9109),#9127,.F.);
#9109 = FACE_BOUND('',#9110,.T.);
#9110 = EDGE_LOOP('',(#9111,#9112,#9120,#9126));
#9111 = ORIENTED_EDGE('',*,*,#8922,.T.);
#9112 = ORIENTED_EDGE('',*,*,#9113,.F.);
#9113 = EDGE_CURVE('',#9114,#8915,#9116,.T.);
#9114 = VERTEX_POINT('',#9115);
#9115 = CARTESIAN_POINT('',(-0.3,-0.97,-5.));
#9116 = LINE('',#9117,#9118);
#9117 = CARTESIAN_POINT('',(-0.3,-0.97,-5.));
#9118 = VECTOR('',#9119,1.);
#9119 = DIRECTION('',(-0.,-0.,1.));
#9120 = ORIENTED_EDGE('',*,*,#9121,.F.);
#9121 = EDGE_CURVE('',#9090,#9114,#9122,.T.);
#9122 = LINE('',#9123,#9124);
#9123 = CARTESIAN_POINT('',(-0.3,-1.57,-5.));
#9124 = VECTOR('',#9125,1.);
#9125 = DIRECTION('',(0.,1.,0.));
#9126 = ORIENTED_EDGE('',*,*,#9089,.T.);
#9127 = PLANE('',#9128);
#9128 = AXIS2_PLACEMENT_3D('',#9129,#9130,#9131);
#9129 = CARTESIAN_POINT('',(-0.3,-1.57,-5.));
#9130 = DIRECTION('',(1.,-0.,0.));
#9131 = DIRECTION('',(0.,0.,-1.));
#9132 = ADVANCED_FACE('',(#9133),#9144,.F.);
#9133 = FACE_BOUND('',#9134,.T.);
#9134 = EDGE_LOOP('',(#9135,#9136,#9137,#9143));
#9135 = ORIENTED_EDGE('',*,*,#8914,.T.);
#9136 = ORIENTED_EDGE('',*,*,#9074,.F.);
#9137 = ORIENTED_EDGE('',*,*,#9138,.F.);
#9138 = EDGE_CURVE('',#9114,#9067,#9139,.T.);
#9139 = LINE('',#9140,#9141);
#9140 = CARTESIAN_POINT('',(0.3,-0.97,-5.));
#9141 = VECTOR('',#9142,1.);
#9142 = DIRECTION('',(1.,1.807003620809E-16,-0.));
#9143 = ORIENTED_EDGE('',*,*,#9113,.T.);
#9144 = PLANE('',#9145);
#9145 = AXIS2_PLACEMENT_3D('',#9146,#9147,#9148);
#9146 = CARTESIAN_POINT('',(0.3,-0.97,-5.));
#9147 = DIRECTION('',(1.807003620809E-16,-1.,0.));
#9148 = DIRECTION('',(1.,1.807003620809E-16,0.));
#9149 = ADVANCED_FACE('',(#9150),#9156,.F.);
#9150 = FACE_BOUND('',#9151,.T.);
#9151 = EDGE_LOOP('',(#9152,#9153,#9154,#9155));
#9152 = ORIENTED_EDGE('',*,*,#9066,.T.);
#9153 = ORIENTED_EDGE('',*,*,#9097,.T.);
#9154 = ORIENTED_EDGE('',*,*,#9121,.T.);
#9155 = ORIENTED_EDGE('',*,*,#9138,.T.);
#9156 = PLANE('',#9157);
#9157 = AXIS2_PLACEMENT_3D('',#9158,#9159,#9160);
#9158 = CARTESIAN_POINT('',(0.3,-0.97,-5.));
#9159 = DIRECTION('',(0.,-0.,1.));
#9160 = DIRECTION('',(1.,0.,0.));
#9161 = ADVANCED_FACE('',(#9162),#9168,.T.);
#9162 = FACE_BOUND('',#9163,.T.);
#9163 = EDGE_LOOP('',(#9164,#9165,#9166,#9167));
#9164 = ORIENTED_EDGE('',*,*,#8857,.T.);
#9165 = ORIENTED_EDGE('',*,*,#8755,.T.);
#9166 = ORIENTED_EDGE('',*,*,#8795,.T.);
#9167 = ORIENTED_EDGE('',*,*,#8826,.T.);
#9168 = PLANE('',#9169);
#9169 = AXIS2_PLACEMENT_3D('',#9170,#9171,#9172);
#9170 = CARTESIAN_POINT('',(-0.3,0.97,-4.));
#9171 = DIRECTION('',(0.,0.,-1.));
#9172 = DIRECTION('',(-1.,0.,-0.));
#9173 = ( GEOMETRIC_REPRESENTATION_CONTEXT(3) 
GLOBAL_UNCERTAINTY_ASSIGNED_CONTEXT((#9177)) 
GLOBAL_UNIT_ASSIGNED_CONTEXT((#9174,#9175,#9176)) REPRESENTATION_CONTEXT
('Context #1','3D Context with UNIT and UNCERTAINTY') );
#9174 = ( LENGTH_UNIT() NAMED_UNIT(*) SI_UNIT(.MILLI.,.METRE.) );
#9175 = ( NAMED_UNIT(*) PLANE_ANGLE_UNIT() SI_UNIT($,.RADIAN.) );
#9176 = ( NAMED_UNIT(*) SI_UNIT($,.STERADIAN.) SOLID_ANGLE_UNIT() );
#9177 = UNCERTAINTY_MEASURE_WITH_UNIT(LENGTH_MEASURE(5.E-07),#9174,
  'distance_accuracy_value','confusion accuracy');
#9178 = SHAPE_DEFINITION_REPRESENTATION(#9179,#8622);
#9179 = PRODUCT_DEFINITION_SHAPE('','',#9180);
#9180 = PRODUCT_DEFINITION('design','',#9181,#9184);
#9181 = PRODUCT_DEFINITION_FORMATION('','',#9182);
#9182 = PRODUCT('User Library-LED5ON-Red','User Library-LED5ON-Red','',(
    #9183));
#9183 = PRODUCT_CONTEXT('',#2,'mechanical');
#9184 = PRODUCT_DEFINITION_CONTEXT('part definition',#2,'design');
#9185 = CONTEXT_DEPENDENT_SHAPE_REPRESENTATION(#9186,#9188);
#9186 = ( REPRESENTATION_RELATIONSHIP('','',#8622,#8612) 
REPRESENTATION_RELATIONSHIP_WITH_TRANSFORMATION(#9187) 
SHAPE_REPRESENTATION_RELATIONSHIP() );
#9187 = ITEM_DEFINED_TRANSFORMATION('','',#11,#8613);
#9188 = PRODUCT_DEFINITION_SHAPE('Placement','Placement of an item',
  #9189);
#9189 = NEXT_ASSEMBLY_USAGE_OCCURRENCE('168','','',#8607,#9180,$);
#9190 = PRODUCT_RELATED_PRODUCT_CATEGORY('part',$,(#9182));
#9191 = CONTEXT_DEPENDENT_SHAPE_REPRESENTATION(#9192,#9194);
#9192 = ( REPRESENTATION_RELATIONSHIP('','',#8612,#10) 
REPRESENTATION_RELATIONSHIP_WITH_TRANSFORMATION(#9193) 
SHAPE_REPRESENTATION_RELATIONSHIP() );
#9193 = ITEM_DEFINED_TRANSFORMATION('','',#11,#31);
#9194 = PRODUCT_DEFINITION_SHAPE('Placement','Placement of an item',
  #9195);
#9195 = NEXT_ASSEMBLY_USAGE_OCCURRENCE('169','','',#5,#8607,$);
#9196 = PRODUCT_RELATED_PRODUCT_CATEGORY('part',$,(#8609));
#9197 = SHAPE_DEFINITION_REPRESENTATION(#9198,#9204);
#9198 = PRODUCT_DEFINITION_SHAPE('','',#9199);
#9199 = PRODUCT_DEFINITION('design','',#9200,#9203);
#9200 = PRODUCT_DEFINITION_FORMATION('','',#9201);
#9201 = PRODUCT('D1','D1','',(#9202));
#9202 = PRODUCT_CONTEXT('',#2,'mechanical');
#9203 = PRODUCT_DEFINITION_CONTEXT('part definition',#2,'design');
#9204 = SHAPE_REPRESENTATION('',(#11,#9205),#9209);
#9205 = AXIS2_PLACEMENT_3D('',#9206,#9207,#9208);
#9206 = CARTESIAN_POINT('',(11.000116680918,7.739394531114E-05,0.));
#9207 = DIRECTION('',(0.,0.,1.));
#9208 = DIRECTION('',(-1.,-8.742277657348E-08,0.));
#9209 = ( GEOMETRIC_REPRESENTATION_CONTEXT(3) 
GLOBAL_UNCERTAINTY_ASSIGNED_CONTEXT((#9213)) 
GLOBAL_UNIT_ASSIGNED_CONTEXT((#9210,#9211,#9212)) REPRESENTATION_CONTEXT
('Context #1','3D Context with UNIT and UNCERTAINTY') );
#9210 = ( LENGTH_UNIT() NAMED_UNIT(*) SI_UNIT(.MILLI.,.METRE.) );
#9211 = ( NAMED_UNIT(*) PLANE_ANGLE_UNIT() SI_UNIT($,.RADIAN.) );
#9212 = ( NAMED_UNIT(*) SI_UNIT($,.STERADIAN.) SOLID_ANGLE_UNIT() );
#9213 = UNCERTAINTY_MEASURE_WITH_UNIT(LENGTH_MEASURE(5.E-07),#9210,
  'distance_accuracy_value','confusion accuracy');
#9214 = CONTEXT_DEPENDENT_SHAPE_REPRESENTATION(#9215,#9217);
#9215 = ( REPRESENTATION_RELATIONSHIP('','',#8622,#9204) 
REPRESENTATION_RELATIONSHIP_WITH_TRANSFORMATION(#9216) 
SHAPE_REPRESENTATION_RELATIONSHIP() );
#9216 = ITEM_DEFINED_TRANSFORMATION('','',#11,#9205);
#9217 = PRODUCT_DEFINITION_SHAPE('Placement','Placement of an item',
  #9218);
#9218 = NEXT_ASSEMBLY_USAGE_OCCURRENCE('170','','',#9199,#9180,$);
#9219 = CONTEXT_DEPENDENT_SHAPE_REPRESENTATION(#9220,#9222);
#9220 = ( REPRESENTATION_RELATIONSHIP('','',#9204,#10) 
REPRESENTATION_RELATIONSHIP_WITH_TRANSFORMATION(#9221) 
SHAPE_REPRESENTATION_RELATIONSHIP() );
#9221 = ITEM_DEFINED_TRANSFORMATION('','',#11,#35);
#9222 = PRODUCT_DEFINITION_SHAPE('Placement','Placement of an item',
  #9223);
#9223 = NEXT_ASSEMBLY_USAGE_OCCURRENCE('171','','',#5,#9199,$);
#9224 = PRODUCT_RELATED_PRODUCT_CATEGORY('part',$,(#9201));
#9225 = MECHANICAL_DESIGN_GEOMETRIC_PRESENTATION_REPRESENTATION('',(
    #9226,#9234,#9242,#9249,#9256,#9263,#9270,#9277,#9284,#9291,#9298),
  #9173);
#9226 = STYLED_ITEM('color',(#9227),#8623);
#9227 = PRESENTATION_STYLE_ASSIGNMENT((#9228));
#9228 = SURFACE_STYLE_USAGE(.BOTH.,#9229);
#9229 = SURFACE_SIDE_STYLE('',(#9230));
#9230 = SURFACE_STYLE_FILL_AREA(#9231);
#9231 = FILL_AREA_STYLE('',(#9232));
#9232 = FILL_AREA_STYLE_COLOUR('',#9233);
#9233 = COLOUR_RGB('',0.796078417252,0.823529417451,0.937254901616);
#9234 = OVER_RIDING_STYLED_ITEM('overriding color',(#9235),#8625,#9226);
#9235 = PRESENTATION_STYLE_ASSIGNMENT((#9236));
#9236 = SURFACE_STYLE_USAGE(.BOTH.,#9237);
#9237 = SURFACE_SIDE_STYLE('',(#9238));
#9238 = SURFACE_STYLE_FILL_AREA(#9239);
#9239 = FILL_AREA_STYLE('',(#9240));
#9240 = FILL_AREA_STYLE_COLOUR('',#9241);
#9241 = DRAUGHTING_PRE_DEFINED_COLOUR('red');
#9242 = OVER_RIDING_STYLED_ITEM('overriding color',(#9243),#8676,#9226);
#9243 = PRESENTATION_STYLE_ASSIGNMENT((#9244));
#9244 = SURFACE_STYLE_USAGE(.BOTH.,#9245);
#9245 = SURFACE_SIDE_STYLE('',(#9246));
#9246 = SURFACE_STYLE_FILL_AREA(#9247);
#9247 = FILL_AREA_STYLE('',(#9248));
#9248 = FILL_AREA_STYLE_COLOUR('',#9241);
#9249 = OVER_RIDING_STYLED_ITEM('overriding color',(#9250),#8718,#9226);
#9250 = PRESENTATION_STYLE_ASSIGNMENT((#9251));
#9251 = SURFACE_STYLE_USAGE(.BOTH.,#9252);
#9252 = SURFACE_SIDE_STYLE('',(#9253));
#9253 = SURFACE_STYLE_FILL_AREA(#9254);
#9254 = FILL_AREA_STYLE('',(#9255));
#9255 = FILL_AREA_STYLE_COLOUR('',#9241);
#9256 = OVER_RIDING_STYLED_ITEM('overriding color',(#9257),#8875,#9226);
#9257 = PRESENTATION_STYLE_ASSIGNMENT((#9258));
#9258 = SURFACE_STYLE_USAGE(.BOTH.,#9259);
#9259 = SURFACE_SIDE_STYLE('',(#9260));
#9260 = SURFACE_STYLE_FILL_AREA(#9261);
#9261 = FILL_AREA_STYLE('',(#9262));
#9262 = FILL_AREA_STYLE_COLOUR('',#9241);
#9263 = OVER_RIDING_STYLED_ITEM('overriding color',(#9264),#8940,#9226);
#9264 = PRESENTATION_STYLE_ASSIGNMENT((#9265));
#9265 = SURFACE_STYLE_USAGE(.BOTH.,#9266);
#9266 = SURFACE_SIDE_STYLE('',(#9267));
#9267 = SURFACE_STYLE_FILL_AREA(#9268);
#9268 = FILL_AREA_STYLE('',(#9269));
#9269 = FILL_AREA_STYLE_COLOUR('',#9241);
#9270 = OVER_RIDING_STYLED_ITEM('overriding color',(#9271),#8982,#9226);
#9271 = PRESENTATION_STYLE_ASSIGNMENT((#9272));
#9272 = SURFACE_STYLE_USAGE(.BOTH.,#9273);
#9273 = SURFACE_SIDE_STYLE('',(#9274));
#9274 = SURFACE_STYLE_FILL_AREA(#9275);
#9275 = FILL_AREA_STYLE('',(#9276));
#9276 = FILL_AREA_STYLE_COLOUR('',#9241);
#9277 = OVER_RIDING_STYLED_ITEM('overriding color',(#9278),#8999,#9226);
#9278 = PRESENTATION_STYLE_ASSIGNMENT((#9279));
#9279 = SURFACE_STYLE_USAGE(.BOTH.,#9280);
#9280 = SURFACE_SIDE_STYLE('',(#9281));
#9281 = SURFACE_STYLE_FILL_AREA(#9282);
#9282 = FILL_AREA_STYLE('',(#9283));
#9283 = FILL_AREA_STYLE_COLOUR('',#9241);
#9284 = OVER_RIDING_STYLED_ITEM('overriding color',(#9285),#9017,#9226);
#9285 = PRESENTATION_STYLE_ASSIGNMENT((#9286));
#9286 = SURFACE_STYLE_USAGE(.BOTH.,#9287);
#9287 = SURFACE_SIDE_STYLE('',(#9288));
#9288 = SURFACE_STYLE_FILL_AREA(#9289);
#9289 = FILL_AREA_STYLE('',(#9290));
#9290 = FILL_AREA_STYLE_COLOUR('',#9241);
#9291 = OVER_RIDING_STYLED_ITEM('overriding color',(#9292),#9030,#9226);
#9292 = PRESENTATION_STYLE_ASSIGNMENT((#9293));
#9293 = SURFACE_STYLE_USAGE(.BOTH.,#9294);
#9294 = SURFACE_SIDE_STYLE('',(#9295));
#9295 = SURFACE_STYLE_FILL_AREA(#9296);
#9296 = FILL_AREA_STYLE('',(#9297));
#9297 = FILL_AREA_STYLE_COLOUR('',#9241);
#9298 = OVER_RIDING_STYLED_ITEM('overriding color',(#9299),#9161,#9226);
#9299 = PRESENTATION_STYLE_ASSIGNMENT((#9300));
#9300 = SURFACE_STYLE_USAGE(.BOTH.,#9301);
#9301 = SURFACE_SIDE_STYLE('',(#9302));
#9302 = SURFACE_STYLE_FILL_AREA(#9303);
#9303 = FILL_AREA_STYLE('',(#9304));
#9304 = FILL_AREA_STYLE_COLOUR('',#9305);
#9305 = COLOUR_RGB('',0.843137261657,0.815686284108,0.752941164258);
#9306 = MECHANICAL_DESIGN_GEOMETRIC_PRESENTATION_REPRESENTATION('',(
    #9307),#486);
#9307 = STYLED_ITEM('color',(#9308),#63);
#9308 = PRESENTATION_STYLE_ASSIGNMENT((#9309,#9315));
#9309 = SURFACE_STYLE_USAGE(.BOTH.,#9310);
#9310 = SURFACE_SIDE_STYLE('',(#9311));
#9311 = SURFACE_STYLE_FILL_AREA(#9312);
#9312 = FILL_AREA_STYLE('',(#9313));
#9313 = FILL_AREA_STYLE_COLOUR('',#9314);
#9314 = COLOUR_RGB('',0.,0.501960785193,0.);
#9315 = CURVE_STYLE('',#9316,POSITIVE_LENGTH_MEASURE(0.1),#9314);
#9316 = DRAUGHTING_PRE_DEFINED_CURVE_FONT('continuous');
#9317 = MECHANICAL_DESIGN_GEOMETRIC_PRESENTATION_REPRESENTATION('',(
    #9318,#9326,#9334,#9341,#9348,#9355,#9362,#9369,#9376,#9383,#9390,
    #9397,#9404,#9411,#9418,#9425,#9432,#9439,#9446,#9453,#9460,#9467,
    #9474,#9481,#9488,#9495,#9502,#9509,#9516,#9523,#9530,#9537,#9544,
    #9551,#9558,#9565,#9572),#8581);
#9318 = STYLED_ITEM('color',(#9319),#5965);
#9319 = PRESENTATION_STYLE_ASSIGNMENT((#9320));
#9320 = SURFACE_STYLE_USAGE(.BOTH.,#9321);
#9321 = SURFACE_SIDE_STYLE('',(#9322));
#9322 = SURFACE_STYLE_FILL_AREA(#9323);
#9323 = FILL_AREA_STYLE('',(#9324));
#9324 = FILL_AREA_STYLE_COLOUR('',#9325);
#9325 = COLOUR_RGB('',0.968627457133,0.968627457133,0.968627457133);
#9326 = OVER_RIDING_STYLED_ITEM('overriding color',(#9327),#7688,#9318);
#9327 = PRESENTATION_STYLE_ASSIGNMENT((#9328));
#9328 = SURFACE_STYLE_USAGE(.BOTH.,#9329);
#9329 = SURFACE_SIDE_STYLE('',(#9330));
#9330 = SURFACE_STYLE_FILL_AREA(#9331);
#9331 = FILL_AREA_STYLE('',(#9332));
#9332 = FILL_AREA_STYLE_COLOUR('',#9333);
#9333 = COLOUR_RGB('',1.,0.898039222556,0.592156864646);
#9334 = OVER_RIDING_STYLED_ITEM('overriding color',(#9335),#7719,#9318);
#9335 = PRESENTATION_STYLE_ASSIGNMENT((#9336));
#9336 = SURFACE_STYLE_USAGE(.BOTH.,#9337);
#9337 = SURFACE_SIDE_STYLE('',(#9338));
#9338 = SURFACE_STYLE_FILL_AREA(#9339);
#9339 = FILL_AREA_STYLE('',(#9340));
#9340 = FILL_AREA_STYLE_COLOUR('',#9333);
#9341 = OVER_RIDING_STYLED_ITEM('overriding color',(#9342),#7743,#9318);
#9342 = PRESENTATION_STYLE_ASSIGNMENT((#9343));
#9343 = SURFACE_STYLE_USAGE(.BOTH.,#9344);
#9344 = SURFACE_SIDE_STYLE('',(#9345));
#9345 = SURFACE_STYLE_FILL_AREA(#9346);
#9346 = FILL_AREA_STYLE('',(#9347));
#9347 = FILL_AREA_STYLE_COLOUR('',#9333);
#9348 = OVER_RIDING_STYLED_ITEM('overriding color',(#9349),#7767,#9318);
#9349 = PRESENTATION_STYLE_ASSIGNMENT((#9350));
#9350 = SURFACE_STYLE_USAGE(.BOTH.,#9351);
#9351 = SURFACE_SIDE_STYLE('',(#9352));
#9352 = SURFACE_STYLE_FILL_AREA(#9353);
#9353 = FILL_AREA_STYLE('',(#9354));
#9354 = FILL_AREA_STYLE_COLOUR('',#9333);
#9355 = OVER_RIDING_STYLED_ITEM('overriding color',(#9356),#7784,#9318);
#9356 = PRESENTATION_STYLE_ASSIGNMENT((#9357));
#9357 = SURFACE_STYLE_USAGE(.BOTH.,#9358);
#9358 = SURFACE_SIDE_STYLE('',(#9359));
#9359 = SURFACE_STYLE_FILL_AREA(#9360);
#9360 = FILL_AREA_STYLE('',(#9361));
#9361 = FILL_AREA_STYLE_COLOUR('',#9333);
#9362 = OVER_RIDING_STYLED_ITEM('overriding color',(#9363),#7824,#9318);
#9363 = PRESENTATION_STYLE_ASSIGNMENT((#9364));
#9364 = SURFACE_STYLE_USAGE(.BOTH.,#9365);
#9365 = SURFACE_SIDE_STYLE('',(#9366));
#9366 = SURFACE_STYLE_FILL_AREA(#9367);
#9367 = FILL_AREA_STYLE('',(#9368));
#9368 = FILL_AREA_STYLE_COLOUR('',#9333);
#9369 = OVER_RIDING_STYLED_ITEM('overriding color',(#9370),#7855,#9318);
#9370 = PRESENTATION_STYLE_ASSIGNMENT((#9371));
#9371 = SURFACE_STYLE_USAGE(.BOTH.,#9372);
#9372 = SURFACE_SIDE_STYLE('',(#9373));
#9373 = SURFACE_STYLE_FILL_AREA(#9374);
#9374 = FILL_AREA_STYLE('',(#9375));
#9375 = FILL_AREA_STYLE_COLOUR('',#9333);
#9376 = OVER_RIDING_STYLED_ITEM('overriding color',(#9377),#7879,#9318);
#9377 = PRESENTATION_STYLE_ASSIGNMENT((#9378));
#9378 = SURFACE_STYLE_USAGE(.BOTH.,#9379);
#9379 = SURFACE_SIDE_STYLE('',(#9380));
#9380 = SURFACE_STYLE_FILL_AREA(#9381);
#9381 = FILL_AREA_STYLE('',(#9382));
#9382 = FILL_AREA_STYLE_COLOUR('',#9333);
#9383 = OVER_RIDING_STYLED_ITEM('overriding color',(#9384),#7903,#9318);
#9384 = PRESENTATION_STYLE_ASSIGNMENT((#9385));
#9385 = SURFACE_STYLE_USAGE(.BOTH.,#9386);
#9386 = SURFACE_SIDE_STYLE('',(#9387));
#9387 = SURFACE_STYLE_FILL_AREA(#9388);
#9388 = FILL_AREA_STYLE('',(#9389));
#9389 = FILL_AREA_STYLE_COLOUR('',#9333);
#9390 = OVER_RIDING_STYLED_ITEM('overriding color',(#9391),#7920,#9318);
#9391 = PRESENTATION_STYLE_ASSIGNMENT((#9392));
#9392 = SURFACE_STYLE_USAGE(.BOTH.,#9393);
#9393 = SURFACE_SIDE_STYLE('',(#9394));
#9394 = SURFACE_STYLE_FILL_AREA(#9395);
#9395 = FILL_AREA_STYLE('',(#9396));
#9396 = FILL_AREA_STYLE_COLOUR('',#9333);
#9397 = OVER_RIDING_STYLED_ITEM('overriding color',(#9398),#7960,#9318);
#9398 = PRESENTATION_STYLE_ASSIGNMENT((#9399));
#9399 = SURFACE_STYLE_USAGE(.BOTH.,#9400);
#9400 = SURFACE_SIDE_STYLE('',(#9401));
#9401 = SURFACE_STYLE_FILL_AREA(#9402);
#9402 = FILL_AREA_STYLE('',(#9403));
#9403 = FILL_AREA_STYLE_COLOUR('',#9333);
#9404 = OVER_RIDING_STYLED_ITEM('overriding color',(#9405),#7982,#9318);
#9405 = PRESENTATION_STYLE_ASSIGNMENT((#9406));
#9406 = SURFACE_STYLE_USAGE(.BOTH.,#9407);
#9407 = SURFACE_SIDE_STYLE('',(#9408));
#9408 = SURFACE_STYLE_FILL_AREA(#9409);
#9409 = FILL_AREA_STYLE('',(#9410));
#9410 = FILL_AREA_STYLE_COLOUR('',#9333);
#9411 = OVER_RIDING_STYLED_ITEM('overriding color',(#9412),#7999,#9318);
#9412 = PRESENTATION_STYLE_ASSIGNMENT((#9413));
#9413 = SURFACE_STYLE_USAGE(.BOTH.,#9414);
#9414 = SURFACE_SIDE_STYLE('',(#9415));
#9415 = SURFACE_STYLE_FILL_AREA(#9416);
#9416 = FILL_AREA_STYLE('',(#9417));
#9417 = FILL_AREA_STYLE_COLOUR('',#9333);
#9418 = OVER_RIDING_STYLED_ITEM('overriding color',(#9419),#8016,#9318);
#9419 = PRESENTATION_STYLE_ASSIGNMENT((#9420));
#9420 = SURFACE_STYLE_USAGE(.BOTH.,#9421);
#9421 = SURFACE_SIDE_STYLE('',(#9422));
#9422 = SURFACE_STYLE_FILL_AREA(#9423);
#9423 = FILL_AREA_STYLE('',(#9424));
#9424 = FILL_AREA_STYLE_COLOUR('',#9333);
#9425 = OVER_RIDING_STYLED_ITEM('overriding color',(#9426),#8028,#9318);
#9426 = PRESENTATION_STYLE_ASSIGNMENT((#9427));
#9427 = SURFACE_STYLE_USAGE(.BOTH.,#9428);
#9428 = SURFACE_SIDE_STYLE('',(#9429));
#9429 = SURFACE_STYLE_FILL_AREA(#9430);
#9430 = FILL_AREA_STYLE('',(#9431));
#9431 = FILL_AREA_STYLE_COLOUR('',#9333);
#9432 = OVER_RIDING_STYLED_ITEM('overriding color',(#9433),#8050,#9318);
#9433 = PRESENTATION_STYLE_ASSIGNMENT((#9434));
#9434 = SURFACE_STYLE_USAGE(.BOTH.,#9435);
#9435 = SURFACE_SIDE_STYLE('',(#9436));
#9436 = SURFACE_STYLE_FILL_AREA(#9437);
#9437 = FILL_AREA_STYLE('',(#9438));
#9438 = FILL_AREA_STYLE_COLOUR('',#9333);
#9439 = OVER_RIDING_STYLED_ITEM('overriding color',(#9440),#8067,#9318);
#9440 = PRESENTATION_STYLE_ASSIGNMENT((#9441));
#9441 = SURFACE_STYLE_USAGE(.BOTH.,#9442);
#9442 = SURFACE_SIDE_STYLE('',(#9443));
#9443 = SURFACE_STYLE_FILL_AREA(#9444);
#9444 = FILL_AREA_STYLE('',(#9445));
#9445 = FILL_AREA_STYLE_COLOUR('',#9333);
#9446 = OVER_RIDING_STYLED_ITEM('overriding color',(#9447),#8084,#9318);
#9447 = PRESENTATION_STYLE_ASSIGNMENT((#9448));
#9448 = SURFACE_STYLE_USAGE(.BOTH.,#9449);
#9449 = SURFACE_SIDE_STYLE('',(#9450));
#9450 = SURFACE_STYLE_FILL_AREA(#9451);
#9451 = FILL_AREA_STYLE('',(#9452));
#9452 = FILL_AREA_STYLE_COLOUR('',#9333);
#9453 = OVER_RIDING_STYLED_ITEM('overriding color',(#9454),#8096,#9318);
#9454 = PRESENTATION_STYLE_ASSIGNMENT((#9455));
#9455 = SURFACE_STYLE_USAGE(.BOTH.,#9456);
#9456 = SURFACE_SIDE_STYLE('',(#9457));
#9457 = SURFACE_STYLE_FILL_AREA(#9458);
#9458 = FILL_AREA_STYLE('',(#9459));
#9459 = FILL_AREA_STYLE_COLOUR('',#9333);
#9460 = OVER_RIDING_STYLED_ITEM('overriding color',(#9461),#8127,#9318);
#9461 = PRESENTATION_STYLE_ASSIGNMENT((#9462));
#9462 = SURFACE_STYLE_USAGE(.BOTH.,#9463);
#9463 = SURFACE_SIDE_STYLE('',(#9464));
#9464 = SURFACE_STYLE_FILL_AREA(#9465);
#9465 = FILL_AREA_STYLE('',(#9466));
#9466 = FILL_AREA_STYLE_COLOUR('',#9333);
#9467 = OVER_RIDING_STYLED_ITEM('overriding color',(#9468),#8151,#9318);
#9468 = PRESENTATION_STYLE_ASSIGNMENT((#9469));
#9469 = SURFACE_STYLE_USAGE(.BOTH.,#9470);
#9470 = SURFACE_SIDE_STYLE('',(#9471));
#9471 = SURFACE_STYLE_FILL_AREA(#9472);
#9472 = FILL_AREA_STYLE('',(#9473));
#9473 = FILL_AREA_STYLE_COLOUR('',#9333);
#9474 = OVER_RIDING_STYLED_ITEM('overriding color',(#9475),#8175,#9318);
#9475 = PRESENTATION_STYLE_ASSIGNMENT((#9476));
#9476 = SURFACE_STYLE_USAGE(.BOTH.,#9477);
#9477 = SURFACE_SIDE_STYLE('',(#9478));
#9478 = SURFACE_STYLE_FILL_AREA(#9479);
#9479 = FILL_AREA_STYLE('',(#9480));
#9480 = FILL_AREA_STYLE_COLOUR('',#9333);
#9481 = OVER_RIDING_STYLED_ITEM('overriding color',(#9482),#8192,#9318);
#9482 = PRESENTATION_STYLE_ASSIGNMENT((#9483));
#9483 = SURFACE_STYLE_USAGE(.BOTH.,#9484);
#9484 = SURFACE_SIDE_STYLE('',(#9485));
#9485 = SURFACE_STYLE_FILL_AREA(#9486);
#9486 = FILL_AREA_STYLE('',(#9487));
#9487 = FILL_AREA_STYLE_COLOUR('',#9333);
#9488 = OVER_RIDING_STYLED_ITEM('overriding color',(#9489),#8232,#9318);
#9489 = PRESENTATION_STYLE_ASSIGNMENT((#9490));
#9490 = SURFACE_STYLE_USAGE(.BOTH.,#9491);
#9491 = SURFACE_SIDE_STYLE('',(#9492));
#9492 = SURFACE_STYLE_FILL_AREA(#9493);
#9493 = FILL_AREA_STYLE('',(#9494));
#9494 = FILL_AREA_STYLE_COLOUR('',#9333);
#9495 = OVER_RIDING_STYLED_ITEM('overriding color',(#9496),#8263,#9318);
#9496 = PRESENTATION_STYLE_ASSIGNMENT((#9497));
#9497 = SURFACE_STYLE_USAGE(.BOTH.,#9498);
#9498 = SURFACE_SIDE_STYLE('',(#9499));
#9499 = SURFACE_STYLE_FILL_AREA(#9500);
#9500 = FILL_AREA_STYLE('',(#9501));
#9501 = FILL_AREA_STYLE_COLOUR('',#9333);
#9502 = OVER_RIDING_STYLED_ITEM('overriding color',(#9503),#8287,#9318);
#9503 = PRESENTATION_STYLE_ASSIGNMENT((#9504));
#9504 = SURFACE_STYLE_USAGE(.BOTH.,#9505);
#9505 = SURFACE_SIDE_STYLE('',(#9506));
#9506 = SURFACE_STYLE_FILL_AREA(#9507);
#9507 = FILL_AREA_STYLE('',(#9508));
#9508 = FILL_AREA_STYLE_COLOUR('',#9333);
#9509 = OVER_RIDING_STYLED_ITEM('overriding color',(#9510),#8311,#9318);
#9510 = PRESENTATION_STYLE_ASSIGNMENT((#9511));
#9511 = SURFACE_STYLE_USAGE(.BOTH.,#9512);
#9512 = SURFACE_SIDE_STYLE('',(#9513));
#9513 = SURFACE_STYLE_FILL_AREA(#9514);
#9514 = FILL_AREA_STYLE('',(#9515));
#9515 = FILL_AREA_STYLE_COLOUR('',#9333);
#9516 = OVER_RIDING_STYLED_ITEM('overriding color',(#9517),#8328,#9318);
#9517 = PRESENTATION_STYLE_ASSIGNMENT((#9518));
#9518 = SURFACE_STYLE_USAGE(.BOTH.,#9519);
#9519 = SURFACE_SIDE_STYLE('',(#9520));
#9520 = SURFACE_STYLE_FILL_AREA(#9521);
#9521 = FILL_AREA_STYLE('',(#9522));
#9522 = FILL_AREA_STYLE_COLOUR('',#9333);
#9523 = OVER_RIDING_STYLED_ITEM('overriding color',(#9524),#8368,#9318);
#9524 = PRESENTATION_STYLE_ASSIGNMENT((#9525));
#9525 = SURFACE_STYLE_USAGE(.BOTH.,#9526);
#9526 = SURFACE_SIDE_STYLE('',(#9527));
#9527 = SURFACE_STYLE_FILL_AREA(#9528);
#9528 = FILL_AREA_STYLE('',(#9529));
#9529 = FILL_AREA_STYLE_COLOUR('',#9333);
#9530 = OVER_RIDING_STYLED_ITEM('overriding color',(#9531),#8390,#9318);
#9531 = PRESENTATION_STYLE_ASSIGNMENT((#9532));
#9532 = SURFACE_STYLE_USAGE(.BOTH.,#9533);
#9533 = SURFACE_SIDE_STYLE('',(#9534));
#9534 = SURFACE_STYLE_FILL_AREA(#9535);
#9535 = FILL_AREA_STYLE('',(#9536));
#9536 = FILL_AREA_STYLE_COLOUR('',#9333);
#9537 = OVER_RIDING_STYLED_ITEM('overriding color',(#9538),#8407,#9318);
#9538 = PRESENTATION_STYLE_ASSIGNMENT((#9539));
#9539 = SURFACE_STYLE_USAGE(.BOTH.,#9540);
#9540 = SURFACE_SIDE_STYLE('',(#9541));
#9541 = SURFACE_STYLE_FILL_AREA(#9542);
#9542 = FILL_AREA_STYLE('',(#9543));
#9543 = FILL_AREA_STYLE_COLOUR('',#9333);
#9544 = OVER_RIDING_STYLED_ITEM('overriding color',(#9545),#8424,#9318);
#9545 = PRESENTATION_STYLE_ASSIGNMENT((#9546));
#9546 = SURFACE_STYLE_USAGE(.BOTH.,#9547);
#9547 = SURFACE_SIDE_STYLE('',(#9548));
#9548 = SURFACE_STYLE_FILL_AREA(#9549);
#9549 = FILL_AREA_STYLE('',(#9550));
#9550 = FILL_AREA_STYLE_COLOUR('',#9333);
#9551 = OVER_RIDING_STYLED_ITEM('overriding color',(#9552),#8436,#9318);
#9552 = PRESENTATION_STYLE_ASSIGNMENT((#9553));
#9553 = SURFACE_STYLE_USAGE(.BOTH.,#9554);
#9554 = SURFACE_SIDE_STYLE('',(#9555));
#9555 = SURFACE_STYLE_FILL_AREA(#9556);
#9556 = FILL_AREA_STYLE('',(#9557));
#9557 = FILL_AREA_STYLE_COLOUR('',#9333);
#9558 = OVER_RIDING_STYLED_ITEM('overriding color',(#9559),#8458,#9318);
#9559 = PRESENTATION_STYLE_ASSIGNMENT((#9560));
#9560 = SURFACE_STYLE_USAGE(.BOTH.,#9561);
#9561 = SURFACE_SIDE_STYLE('',(#9562));
#9562 = SURFACE_STYLE_FILL_AREA(#9563);
#9563 = FILL_AREA_STYLE('',(#9564));
#9564 = FILL_AREA_STYLE_COLOUR('',#9333);
#9565 = OVER_RIDING_STYLED_ITEM('overriding color',(#9566),#8475,#9318);
#9566 = PRESENTATION_STYLE_ASSIGNMENT((#9567));
#9567 = SURFACE_STYLE_USAGE(.BOTH.,#9568);
#9568 = SURFACE_SIDE_STYLE('',(#9569));
#9569 = SURFACE_STYLE_FILL_AREA(#9570);
#9570 = FILL_AREA_STYLE('',(#9571));
#9571 = FILL_AREA_STYLE_COLOUR('',#9333);
#9572 = OVER_RIDING_STYLED_ITEM('overriding color',(#9573),#8492,#9318);
#9573 = PRESENTATION_STYLE_ASSIGNMENT((#9574));
#9574 = SURFACE_STYLE_USAGE(.BOTH.,#9575);
#9575 = SURFACE_SIDE_STYLE('',(#9576));
#9576 = SURFACE_STYLE_FILL_AREA(#9577);
#9577 = FILL_AREA_STYLE('',(#9578));
#9578 = FILL_AREA_STYLE_COLOUR('',#9333);
#9579 = MECHANICAL_DESIGN_GEOMETRIC_PRESENTATION_REPRESENTATION('',(
    #9580,#9587,#9595,#9602,#9610,#9618,#9625,#9632,#9639,#9646,#9653,
    #9660,#9667,#9674,#9681,#9688,#9695,#9702,#9709,#9716,#9723,#9730,
    #9737,#9744,#9751,#9758,#9765,#9772,#9779,#9786,#9793,#9800,#9807,
    #9814,#9821,#9828,#9835,#9842,#9849,#9856,#9863,#9870,#9877,#9884,
    #9891,#9898,#9905,#9912,#9919,#9926,#9933,#9940,#9947,#9954,#9961),
  #5895);
#9580 = STYLED_ITEM('color',(#9581),#528);
#9581 = PRESENTATION_STYLE_ASSIGNMENT((#9582));
#9582 = SURFACE_STYLE_USAGE(.BOTH.,#9583);
#9583 = SURFACE_SIDE_STYLE('',(#9584));
#9584 = SURFACE_STYLE_FILL_AREA(#9585);
#9585 = FILL_AREA_STYLE('',(#9586));
#9586 = FILL_AREA_STYLE_COLOUR('',#9305);
#9587 = STYLED_ITEM('color',(#9588),#678);
#9588 = PRESENTATION_STYLE_ASSIGNMENT((#9589));
#9589 = SURFACE_STYLE_USAGE(.BOTH.,#9590);
#9590 = SURFACE_SIDE_STYLE('',(#9591));
#9591 = SURFACE_STYLE_FILL_AREA(#9592);
#9592 = FILL_AREA_STYLE('',(#9593));
#9593 = FILL_AREA_STYLE_COLOUR('',#9594);
#9594 = COLOUR_RGB('',0.898039222556,0.917647049334,0.929411760963);
#9595 = STYLED_ITEM('color',(#9596),#1092);
#9596 = PRESENTATION_STYLE_ASSIGNMENT((#9597));
#9597 = SURFACE_STYLE_USAGE(.BOTH.,#9598);
#9598 = SURFACE_SIDE_STYLE('',(#9599));
#9599 = SURFACE_STYLE_FILL_AREA(#9600);
#9600 = FILL_AREA_STYLE('',(#9601));
#9601 = FILL_AREA_STYLE_COLOUR('',#9594);
#9602 = STYLED_ITEM('color',(#9603),#1506);
#9603 = PRESENTATION_STYLE_ASSIGNMENT((#9604));
#9604 = SURFACE_STYLE_USAGE(.BOTH.,#9605);
#9605 = SURFACE_SIDE_STYLE('',(#9606));
#9606 = SURFACE_STYLE_FILL_AREA(#9607);
#9607 = FILL_AREA_STYLE('',(#9608));
#9608 = FILL_AREA_STYLE_COLOUR('',#9609);
#9609 = COLOUR_RGB('',9.803921802644E-02,9.803921802644E-02,
  9.803921802644E-02);
#9610 = OVER_RIDING_STYLED_ITEM('overriding color',(#9611),#2338,#9602);
#9611 = PRESENTATION_STYLE_ASSIGNMENT((#9612));
#9612 = SURFACE_STYLE_USAGE(.BOTH.,#9613);
#9613 = SURFACE_SIDE_STYLE('',(#9614));
#9614 = SURFACE_STYLE_FILL_AREA(#9615);
#9615 = FILL_AREA_STYLE('',(#9616));
#9616 = FILL_AREA_STYLE_COLOUR('',#9617);
#9617 = DRAUGHTING_PRE_DEFINED_COLOUR('white');
#9618 = OVER_RIDING_STYLED_ITEM('overriding color',(#9619),#2596,#9602);
#9619 = PRESENTATION_STYLE_ASSIGNMENT((#9620));
#9620 = SURFACE_STYLE_USAGE(.BOTH.,#9621);
#9621 = SURFACE_SIDE_STYLE('',(#9622));
#9622 = SURFACE_STYLE_FILL_AREA(#9623);
#9623 = FILL_AREA_STYLE('',(#9624));
#9624 = FILL_AREA_STYLE_COLOUR('',#9617);
#9625 = OVER_RIDING_STYLED_ITEM('overriding color',(#9626),#2668,#9602);
#9626 = PRESENTATION_STYLE_ASSIGNMENT((#9627));
#9627 = SURFACE_STYLE_USAGE(.BOTH.,#9628);
#9628 = SURFACE_SIDE_STYLE('',(#9629));
#9629 = SURFACE_STYLE_FILL_AREA(#9630);
#9630 = FILL_AREA_STYLE('',(#9631));
#9631 = FILL_AREA_STYLE_COLOUR('',#9617);
#9632 = OVER_RIDING_STYLED_ITEM('overriding color',(#9633),#2735,#9602);
#9633 = PRESENTATION_STYLE_ASSIGNMENT((#9634));
#9634 = SURFACE_STYLE_USAGE(.BOTH.,#9635);
#9635 = SURFACE_SIDE_STYLE('',(#9636));
#9636 = SURFACE_STYLE_FILL_AREA(#9637);
#9637 = FILL_AREA_STYLE('',(#9638));
#9638 = FILL_AREA_STYLE_COLOUR('',#9617);
#9639 = OVER_RIDING_STYLED_ITEM('overriding color',(#9640),#2802,#9602);
#9640 = PRESENTATION_STYLE_ASSIGNMENT((#9641));
#9641 = SURFACE_STYLE_USAGE(.BOTH.,#9642);
#9642 = SURFACE_SIDE_STYLE('',(#9643));
#9643 = SURFACE_STYLE_FILL_AREA(#9644);
#9644 = FILL_AREA_STYLE('',(#9645));
#9645 = FILL_AREA_STYLE_COLOUR('',#9617);
#9646 = OVER_RIDING_STYLED_ITEM('overriding color',(#9647),#2864,#9602);
#9647 = PRESENTATION_STYLE_ASSIGNMENT((#9648));
#9648 = SURFACE_STYLE_USAGE(.BOTH.,#9649);
#9649 = SURFACE_SIDE_STYLE('',(#9650));
#9650 = SURFACE_STYLE_FILL_AREA(#9651);
#9651 = FILL_AREA_STYLE('',(#9652));
#9652 = FILL_AREA_STYLE_COLOUR('',#9617);
#9653 = OVER_RIDING_STYLED_ITEM('overriding color',(#9654),#2957,#9602);
#9654 = PRESENTATION_STYLE_ASSIGNMENT((#9655));
#9655 = SURFACE_STYLE_USAGE(.BOTH.,#9656);
#9656 = SURFACE_SIDE_STYLE('',(#9657));
#9657 = SURFACE_STYLE_FILL_AREA(#9658);
#9658 = FILL_AREA_STYLE('',(#9659));
#9659 = FILL_AREA_STYLE_COLOUR('',#9617);
#9660 = OVER_RIDING_STYLED_ITEM('overriding color',(#9661),#3043,#9602);
#9661 = PRESENTATION_STYLE_ASSIGNMENT((#9662));
#9662 = SURFACE_STYLE_USAGE(.BOTH.,#9663);
#9663 = SURFACE_SIDE_STYLE('',(#9664));
#9664 = SURFACE_STYLE_FILL_AREA(#9665);
#9665 = FILL_AREA_STYLE('',(#9666));
#9666 = FILL_AREA_STYLE_COLOUR('',#9617);
#9667 = OVER_RIDING_STYLED_ITEM('overriding color',(#9668),#3105,#9602);
#9668 = PRESENTATION_STYLE_ASSIGNMENT((#9669));
#9669 = SURFACE_STYLE_USAGE(.BOTH.,#9670);
#9670 = SURFACE_SIDE_STYLE('',(#9671));
#9671 = SURFACE_STYLE_FILL_AREA(#9672);
#9672 = FILL_AREA_STYLE('',(#9673));
#9673 = FILL_AREA_STYLE_COLOUR('',#9617);
#9674 = OVER_RIDING_STYLED_ITEM('overriding color',(#9675),#3155,#9602);
#9675 = PRESENTATION_STYLE_ASSIGNMENT((#9676));
#9676 = SURFACE_STYLE_USAGE(.BOTH.,#9677);
#9677 = SURFACE_SIDE_STYLE('',(#9678));
#9678 = SURFACE_STYLE_FILL_AREA(#9679);
#9679 = FILL_AREA_STYLE('',(#9680));
#9680 = FILL_AREA_STYLE_COLOUR('',#9617);
#9681 = OVER_RIDING_STYLED_ITEM('overriding color',(#9682),#3247,#9602);
#9682 = PRESENTATION_STYLE_ASSIGNMENT((#9683));
#9683 = SURFACE_STYLE_USAGE(.BOTH.,#9684);
#9684 = SURFACE_SIDE_STYLE('',(#9685));
#9685 = SURFACE_STYLE_FILL_AREA(#9686);
#9686 = FILL_AREA_STYLE('',(#9687));
#9687 = FILL_AREA_STYLE_COLOUR('',#9617);
#9688 = OVER_RIDING_STYLED_ITEM('overriding color',(#9689),#3471,#9602);
#9689 = PRESENTATION_STYLE_ASSIGNMENT((#9690));
#9690 = SURFACE_STYLE_USAGE(.BOTH.,#9691);
#9691 = SURFACE_SIDE_STYLE('',(#9692));
#9692 = SURFACE_STYLE_FILL_AREA(#9693);
#9693 = FILL_AREA_STYLE('',(#9694));
#9694 = FILL_AREA_STYLE_COLOUR('',#9617);
#9695 = OVER_RIDING_STYLED_ITEM('overriding color',(#9696),#3493,#9602);
#9696 = PRESENTATION_STYLE_ASSIGNMENT((#9697));
#9697 = SURFACE_STYLE_USAGE(.BOTH.,#9698);
#9698 = SURFACE_SIDE_STYLE('',(#9699));
#9699 = SURFACE_STYLE_FILL_AREA(#9700);
#9700 = FILL_AREA_STYLE('',(#9701));
#9701 = FILL_AREA_STYLE_COLOUR('',#9617);
#9702 = OVER_RIDING_STYLED_ITEM('overriding color',(#9703),#3536,#9602);
#9703 = PRESENTATION_STYLE_ASSIGNMENT((#9704));
#9704 = SURFACE_STYLE_USAGE(.BOTH.,#9705);
#9705 = SURFACE_SIDE_STYLE('',(#9706));
#9706 = SURFACE_STYLE_FILL_AREA(#9707);
#9707 = FILL_AREA_STYLE('',(#9708));
#9708 = FILL_AREA_STYLE_COLOUR('',#9617);
#9709 = OVER_RIDING_STYLED_ITEM('overriding color',(#9710),#3579,#9602);
#9710 = PRESENTATION_STYLE_ASSIGNMENT((#9711));
#9711 = SURFACE_STYLE_USAGE(.BOTH.,#9712);
#9712 = SURFACE_SIDE_STYLE('',(#9713));
#9713 = SURFACE_STYLE_FILL_AREA(#9714);
#9714 = FILL_AREA_STYLE('',(#9715));
#9715 = FILL_AREA_STYLE_COLOUR('',#9617);
#9716 = OVER_RIDING_STYLED_ITEM('overriding color',(#9717),#3622,#9602);
#9717 = PRESENTATION_STYLE_ASSIGNMENT((#9718));
#9718 = SURFACE_STYLE_USAGE(.BOTH.,#9719);
#9719 = SURFACE_SIDE_STYLE('',(#9720));
#9720 = SURFACE_STYLE_FILL_AREA(#9721);
#9721 = FILL_AREA_STYLE('',(#9722));
#9722 = FILL_AREA_STYLE_COLOUR('',#9617);
#9723 = OVER_RIDING_STYLED_ITEM('overriding color',(#9724),#3673,#9602);
#9724 = PRESENTATION_STYLE_ASSIGNMENT((#9725));
#9725 = SURFACE_STYLE_USAGE(.BOTH.,#9726);
#9726 = SURFACE_SIDE_STYLE('',(#9727));
#9727 = SURFACE_STYLE_FILL_AREA(#9728);
#9728 = FILL_AREA_STYLE('',(#9729));
#9729 = FILL_AREA_STYLE_COLOUR('',#9617);
#9730 = OVER_RIDING_STYLED_ITEM('overriding color',(#9731),#3696,#9602);
#9731 = PRESENTATION_STYLE_ASSIGNMENT((#9732));
#9732 = SURFACE_STYLE_USAGE(.BOTH.,#9733);
#9733 = SURFACE_SIDE_STYLE('',(#9734));
#9734 = SURFACE_STYLE_FILL_AREA(#9735);
#9735 = FILL_AREA_STYLE('',(#9736));
#9736 = FILL_AREA_STYLE_COLOUR('',#9617);
#9737 = OVER_RIDING_STYLED_ITEM('overriding color',(#9738),#3713,#9602);
#9738 = PRESENTATION_STYLE_ASSIGNMENT((#9739));
#9739 = SURFACE_STYLE_USAGE(.BOTH.,#9740);
#9740 = SURFACE_SIDE_STYLE('',(#9741));
#9741 = SURFACE_STYLE_FILL_AREA(#9742);
#9742 = FILL_AREA_STYLE('',(#9743));
#9743 = FILL_AREA_STYLE_COLOUR('',#9617);
#9744 = OVER_RIDING_STYLED_ITEM('overriding color',(#9745),#3725,#9602);
#9745 = PRESENTATION_STYLE_ASSIGNMENT((#9746));
#9746 = SURFACE_STYLE_USAGE(.BOTH.,#9747);
#9747 = SURFACE_SIDE_STYLE('',(#9748));
#9748 = SURFACE_STYLE_FILL_AREA(#9749);
#9749 = FILL_AREA_STYLE('',(#9750));
#9750 = FILL_AREA_STYLE_COLOUR('',#9617);
#9751 = OVER_RIDING_STYLED_ITEM('overriding color',(#9752),#3806,#9602);
#9752 = PRESENTATION_STYLE_ASSIGNMENT((#9753));
#9753 = SURFACE_STYLE_USAGE(.BOTH.,#9754);
#9754 = SURFACE_SIDE_STYLE('',(#9755));
#9755 = SURFACE_STYLE_FILL_AREA(#9756);
#9756 = FILL_AREA_STYLE('',(#9757));
#9757 = FILL_AREA_STYLE_COLOUR('',#9617);
#9758 = OVER_RIDING_STYLED_ITEM('overriding color',(#9759),#3880,#9602);
#9759 = PRESENTATION_STYLE_ASSIGNMENT((#9760));
#9760 = SURFACE_STYLE_USAGE(.BOTH.,#9761);
#9761 = SURFACE_SIDE_STYLE('',(#9762));
#9762 = SURFACE_STYLE_FILL_AREA(#9763);
#9763 = FILL_AREA_STYLE('',(#9764));
#9764 = FILL_AREA_STYLE_COLOUR('',#9617);
#9765 = OVER_RIDING_STYLED_ITEM('overriding color',(#9766),#3954,#9602);
#9766 = PRESENTATION_STYLE_ASSIGNMENT((#9767));
#9767 = SURFACE_STYLE_USAGE(.BOTH.,#9768);
#9768 = SURFACE_SIDE_STYLE('',(#9769));
#9769 = SURFACE_STYLE_FILL_AREA(#9770);
#9770 = FILL_AREA_STYLE('',(#9771));
#9771 = FILL_AREA_STYLE_COLOUR('',#9617);
#9772 = OVER_RIDING_STYLED_ITEM('overriding color',(#9773),#4033,#9602);
#9773 = PRESENTATION_STYLE_ASSIGNMENT((#9774));
#9774 = SURFACE_STYLE_USAGE(.BOTH.,#9775);
#9775 = SURFACE_SIDE_STYLE('',(#9776));
#9776 = SURFACE_STYLE_FILL_AREA(#9777);
#9777 = FILL_AREA_STYLE('',(#9778));
#9778 = FILL_AREA_STYLE_COLOUR('',#9617);
#9779 = OVER_RIDING_STYLED_ITEM('overriding color',(#9780),#4291,#9602);
#9780 = PRESENTATION_STYLE_ASSIGNMENT((#9781));
#9781 = SURFACE_STYLE_USAGE(.BOTH.,#9782);
#9782 = SURFACE_SIDE_STYLE('',(#9783));
#9783 = SURFACE_STYLE_FILL_AREA(#9784);
#9784 = FILL_AREA_STYLE('',(#9785));
#9785 = FILL_AREA_STYLE_COLOUR('',#9617);
#9786 = OVER_RIDING_STYLED_ITEM('overriding color',(#9787),#4363,#9602);
#9787 = PRESENTATION_STYLE_ASSIGNMENT((#9788));
#9788 = SURFACE_STYLE_USAGE(.BOTH.,#9789);
#9789 = SURFACE_SIDE_STYLE('',(#9790));
#9790 = SURFACE_STYLE_FILL_AREA(#9791);
#9791 = FILL_AREA_STYLE('',(#9792));
#9792 = FILL_AREA_STYLE_COLOUR('',#9617);
#9793 = OVER_RIDING_STYLED_ITEM('overriding color',(#9794),#4430,#9602);
#9794 = PRESENTATION_STYLE_ASSIGNMENT((#9795));
#9795 = SURFACE_STYLE_USAGE(.BOTH.,#9796);
#9796 = SURFACE_SIDE_STYLE('',(#9797));
#9797 = SURFACE_STYLE_FILL_AREA(#9798);
#9798 = FILL_AREA_STYLE('',(#9799));
#9799 = FILL_AREA_STYLE_COLOUR('',#9617);
#9800 = OVER_RIDING_STYLED_ITEM('overriding color',(#9801),#4497,#9602);
#9801 = PRESENTATION_STYLE_ASSIGNMENT((#9802));
#9802 = SURFACE_STYLE_USAGE(.BOTH.,#9803);
#9803 = SURFACE_SIDE_STYLE('',(#9804));
#9804 = SURFACE_STYLE_FILL_AREA(#9805);
#9805 = FILL_AREA_STYLE('',(#9806));
#9806 = FILL_AREA_STYLE_COLOUR('',#9617);
#9807 = OVER_RIDING_STYLED_ITEM('overriding color',(#9808),#4559,#9602);
#9808 = PRESENTATION_STYLE_ASSIGNMENT((#9809));
#9809 = SURFACE_STYLE_USAGE(.BOTH.,#9810);
#9810 = SURFACE_SIDE_STYLE('',(#9811));
#9811 = SURFACE_STYLE_FILL_AREA(#9812);
#9812 = FILL_AREA_STYLE('',(#9813));
#9813 = FILL_AREA_STYLE_COLOUR('',#9617);
#9814 = OVER_RIDING_STYLED_ITEM('overriding color',(#9815),#4652,#9602);
#9815 = PRESENTATION_STYLE_ASSIGNMENT((#9816));
#9816 = SURFACE_STYLE_USAGE(.BOTH.,#9817);
#9817 = SURFACE_SIDE_STYLE('',(#9818));
#9818 = SURFACE_STYLE_FILL_AREA(#9819);
#9819 = FILL_AREA_STYLE('',(#9820));
#9820 = FILL_AREA_STYLE_COLOUR('',#9617);
#9821 = OVER_RIDING_STYLED_ITEM('overriding color',(#9822),#4738,#9602);
#9822 = PRESENTATION_STYLE_ASSIGNMENT((#9823));
#9823 = SURFACE_STYLE_USAGE(.BOTH.,#9824);
#9824 = SURFACE_SIDE_STYLE('',(#9825));
#9825 = SURFACE_STYLE_FILL_AREA(#9826);
#9826 = FILL_AREA_STYLE('',(#9827));
#9827 = FILL_AREA_STYLE_COLOUR('',#9617);
#9828 = OVER_RIDING_STYLED_ITEM('overriding color',(#9829),#4800,#9602);
#9829 = PRESENTATION_STYLE_ASSIGNMENT((#9830));
#9830 = SURFACE_STYLE_USAGE(.BOTH.,#9831);
#9831 = SURFACE_SIDE_STYLE('',(#9832));
#9832 = SURFACE_STYLE_FILL_AREA(#9833);
#9833 = FILL_AREA_STYLE('',(#9834));
#9834 = FILL_AREA_STYLE_COLOUR('',#9617);
#9835 = OVER_RIDING_STYLED_ITEM('overriding color',(#9836),#4850,#9602);
#9836 = PRESENTATION_STYLE_ASSIGNMENT((#9837));
#9837 = SURFACE_STYLE_USAGE(.BOTH.,#9838);
#9838 = SURFACE_SIDE_STYLE('',(#9839));
#9839 = SURFACE_STYLE_FILL_AREA(#9840);
#9840 = FILL_AREA_STYLE('',(#9841));
#9841 = FILL_AREA_STYLE_COLOUR('',#9617);
#9842 = OVER_RIDING_STYLED_ITEM('overriding color',(#9843),#4942,#9602);
#9843 = PRESENTATION_STYLE_ASSIGNMENT((#9844));
#9844 = SURFACE_STYLE_USAGE(.BOTH.,#9845);
#9845 = SURFACE_SIDE_STYLE('',(#9846));
#9846 = SURFACE_STYLE_FILL_AREA(#9847);
#9847 = FILL_AREA_STYLE('',(#9848));
#9848 = FILL_AREA_STYLE_COLOUR('',#9617);
#9849 = OVER_RIDING_STYLED_ITEM('overriding color',(#9850),#5011,#9602);
#9850 = PRESENTATION_STYLE_ASSIGNMENT((#9851));
#9851 = SURFACE_STYLE_USAGE(.BOTH.,#9852);
#9852 = SURFACE_SIDE_STYLE('',(#9853));
#9853 = SURFACE_STYLE_FILL_AREA(#9854);
#9854 = FILL_AREA_STYLE('',(#9855));
#9855 = FILL_AREA_STYLE_COLOUR('',#9617);
#9856 = OVER_RIDING_STYLED_ITEM('overriding color',(#9857),#5085,#9602);
#9857 = PRESENTATION_STYLE_ASSIGNMENT((#9858));
#9858 = SURFACE_STYLE_USAGE(.BOTH.,#9859);
#9859 = SURFACE_SIDE_STYLE('',(#9860));
#9860 = SURFACE_STYLE_FILL_AREA(#9861);
#9861 = FILL_AREA_STYLE('',(#9862));
#9862 = FILL_AREA_STYLE_COLOUR('',#9617);
#9863 = OVER_RIDING_STYLED_ITEM('overriding color',(#9864),#5147,#9602);
#9864 = PRESENTATION_STYLE_ASSIGNMENT((#9865));
#9865 = SURFACE_STYLE_USAGE(.BOTH.,#9866);
#9866 = SURFACE_SIDE_STYLE('',(#9867));
#9867 = SURFACE_STYLE_FILL_AREA(#9868);
#9868 = FILL_AREA_STYLE('',(#9869));
#9869 = FILL_AREA_STYLE_COLOUR('',#9617);
#9870 = OVER_RIDING_STYLED_ITEM('overriding color',(#9871),#5171,#9602);
#9871 = PRESENTATION_STYLE_ASSIGNMENT((#9872));
#9872 = SURFACE_STYLE_USAGE(.BOTH.,#9873);
#9873 = SURFACE_SIDE_STYLE('',(#9874));
#9874 = SURFACE_STYLE_FILL_AREA(#9875);
#9875 = FILL_AREA_STYLE('',(#9876));
#9876 = FILL_AREA_STYLE_COLOUR('',#9617);
#9877 = OVER_RIDING_STYLED_ITEM('overriding color',(#9878),#5245,#9602);
#9878 = PRESENTATION_STYLE_ASSIGNMENT((#9879));
#9879 = SURFACE_STYLE_USAGE(.BOTH.,#9880);
#9880 = SURFACE_SIDE_STYLE('',(#9881));
#9881 = SURFACE_STYLE_FILL_AREA(#9882);
#9882 = FILL_AREA_STYLE('',(#9883));
#9883 = FILL_AREA_STYLE_COLOUR('',#9617);
#9884 = OVER_RIDING_STYLED_ITEM('overriding color',(#9885),#5319,#9602);
#9885 = PRESENTATION_STYLE_ASSIGNMENT((#9886));
#9886 = SURFACE_STYLE_USAGE(.BOTH.,#9887);
#9887 = SURFACE_SIDE_STYLE('',(#9888));
#9888 = SURFACE_STYLE_FILL_AREA(#9889);
#9889 = FILL_AREA_STYLE('',(#9890));
#9890 = FILL_AREA_STYLE_COLOUR('',#9617);
#9891 = OVER_RIDING_STYLED_ITEM('overriding color',(#9892),#5369,#9602);
#9892 = PRESENTATION_STYLE_ASSIGNMENT((#9893));
#9893 = SURFACE_STYLE_USAGE(.BOTH.,#9894);
#9894 = SURFACE_SIDE_STYLE('',(#9895));
#9895 = SURFACE_STYLE_FILL_AREA(#9896);
#9896 = FILL_AREA_STYLE('',(#9897));
#9897 = FILL_AREA_STYLE_COLOUR('',#9617);
#9898 = OVER_RIDING_STYLED_ITEM('overriding color',(#9899),#5419,#9602);
#9899 = PRESENTATION_STYLE_ASSIGNMENT((#9900));
#9900 = SURFACE_STYLE_USAGE(.BOTH.,#9901);
#9901 = SURFACE_SIDE_STYLE('',(#9902));
#9902 = SURFACE_STYLE_FILL_AREA(#9903);
#9903 = FILL_AREA_STYLE('',(#9904));
#9904 = FILL_AREA_STYLE_COLOUR('',#9617);
#9905 = OVER_RIDING_STYLED_ITEM('overriding color',(#9906),#5443,#9602);
#9906 = PRESENTATION_STYLE_ASSIGNMENT((#9907));
#9907 = SURFACE_STYLE_USAGE(.BOTH.,#9908);
#9908 = SURFACE_SIDE_STYLE('',(#9909));
#9909 = SURFACE_STYLE_FILL_AREA(#9910);
#9910 = FILL_AREA_STYLE('',(#9911));
#9911 = FILL_AREA_STYLE_COLOUR('',#9617);
#9912 = OVER_RIDING_STYLED_ITEM('overriding color',(#9913),#5517,#9602);
#9913 = PRESENTATION_STYLE_ASSIGNMENT((#9914));
#9914 = SURFACE_STYLE_USAGE(.BOTH.,#9915);
#9915 = SURFACE_SIDE_STYLE('',(#9916));
#9916 = SURFACE_STYLE_FILL_AREA(#9917);
#9917 = FILL_AREA_STYLE('',(#9918));
#9918 = FILL_AREA_STYLE_COLOUR('',#9617);
#9919 = OVER_RIDING_STYLED_ITEM('overriding color',(#9920),#5579,#9602);
#9920 = PRESENTATION_STYLE_ASSIGNMENT((#9921));
#9921 = SURFACE_STYLE_USAGE(.BOTH.,#9922);
#9922 = SURFACE_SIDE_STYLE('',(#9923));
#9923 = SURFACE_STYLE_FILL_AREA(#9924);
#9924 = FILL_AREA_STYLE('',(#9925));
#9925 = FILL_AREA_STYLE_COLOUR('',#9617);
#9926 = OVER_RIDING_STYLED_ITEM('overriding color',(#9927),#5629,#9602);
#9927 = PRESENTATION_STYLE_ASSIGNMENT((#9928));
#9928 = SURFACE_STYLE_USAGE(.BOTH.,#9929);
#9929 = SURFACE_SIDE_STYLE('',(#9930));
#9930 = SURFACE_STYLE_FILL_AREA(#9931);
#9931 = FILL_AREA_STYLE('',(#9932));
#9932 = FILL_AREA_STYLE_COLOUR('',#9617);
#9933 = OVER_RIDING_STYLED_ITEM('overriding color',(#9934),#5667,#9602);
#9934 = PRESENTATION_STYLE_ASSIGNMENT((#9935));
#9935 = SURFACE_STYLE_USAGE(.BOTH.,#9936);
#9936 = SURFACE_SIDE_STYLE('',(#9937));
#9937 = SURFACE_STYLE_FILL_AREA(#9938);
#9938 = FILL_AREA_STYLE('',(#9939));
#9939 = FILL_AREA_STYLE_COLOUR('',#9617);
#9940 = OVER_RIDING_STYLED_ITEM('overriding color',(#9941),#5717,#9602);
#9941 = PRESENTATION_STYLE_ASSIGNMENT((#9942));
#9942 = SURFACE_STYLE_USAGE(.BOTH.,#9943);
#9943 = SURFACE_SIDE_STYLE('',(#9944));
#9944 = SURFACE_STYLE_FILL_AREA(#9945);
#9945 = FILL_AREA_STYLE('',(#9946));
#9946 = FILL_AREA_STYLE_COLOUR('',#9617);
#9947 = OVER_RIDING_STYLED_ITEM('overriding color',(#9948),#5779,#9602);
#9948 = PRESENTATION_STYLE_ASSIGNMENT((#9949));
#9949 = SURFACE_STYLE_USAGE(.BOTH.,#9950);
#9950 = SURFACE_SIDE_STYLE('',(#9951));
#9951 = SURFACE_STYLE_FILL_AREA(#9952);
#9952 = FILL_AREA_STYLE('',(#9953));
#9953 = FILL_AREA_STYLE_COLOUR('',#9617);
#9954 = OVER_RIDING_STYLED_ITEM('overriding color',(#9955),#5853,#9602);
#9955 = PRESENTATION_STYLE_ASSIGNMENT((#9956));
#9956 = SURFACE_STYLE_USAGE(.BOTH.,#9957);
#9957 = SURFACE_SIDE_STYLE('',(#9958));
#9958 = SURFACE_STYLE_FILL_AREA(#9959);
#9959 = FILL_AREA_STYLE('',(#9960));
#9960 = FILL_AREA_STYLE_COLOUR('',#9617);
#9961 = OVER_RIDING_STYLED_ITEM('overriding color',(#9962),#5870,#9602);
#9962 = PRESENTATION_STYLE_ASSIGNMENT((#9963));
#9963 = SURFACE_STYLE_USAGE(.BOTH.,#9964);
#9964 = SURFACE_SIDE_STYLE('',(#9965));
#9965 = SURFACE_STYLE_FILL_AREA(#9966);
#9966 = FILL_AREA_STYLE('',(#9967));
#9967 = FILL_AREA_STYLE_COLOUR('',#9617);
ENDSEC;
END-ISO-10303-21;
